"レビュータイプ","商品名","レビュー詳細URL","評価","投稿時間","タイトル","レビュー本文","フラグ","注文番号","未対応フラグ"
"商品レビュー","【 楽天1位受賞★レビュー特典付き 】＼クーポンで最大20％OFF！／爪切り 高級 ケース付き つめきり 巻き爪 飛び散らない プラス 微粒やすり 飛び散り防止 滑り止め爪切り 手足用 高品質爪切り RP1 PKT3-2F","https://review.rakuten.co.jp/item/1/354660_10001158/epqr-i9fb4-evulsm_1_4054268682/","5","2026/06/02 8:48:50","","これまで安い爪切りが普通の感覚でしたが、こんなに違うものかとびっくりです。
ただ、サクッとまではいかないかなと思います。切れ味あるのと、慣れるまではいつもと違うので深爪注意です。","0","354660-20260510-0475026425",""
"商品レビュー","【 楽天1位受賞★レビュー特典付き 】＼クーポンで最大20％OFF！／爪切り 高級 ケース付き つめきり 巻き爪 飛び散らない プラス 微粒やすり 飛び散り防止 滑り止め爪切り 手足用 高品質爪切り RP1 PKT3-2F","https://review.rakuten.co.jp/item/1/354660_10001158/epqr-i9fa8-72e3l8_1_4030621832/","5","2026/05/18 5:50:34","切れ味抜群","切れ味がよく、切り口も滑らか　ヤスリも細かく削れます
切った爪も飛び散ることなく収納部に収まります","0","354660-20260426-0505924006",""
"商品レビュー","【 楽天1位受賞★レビュー特典付き 】＼クーポンで最大20％OFF！／爪切り 高級 ケース付き つめきり 巻き爪 飛び散らない プラス 微粒やすり 飛び散り防止 滑り止め爪切り 手足用 高品質爪切り RP1 PKT3-2F","https://review.rakuten.co.jp/item/1/354660_10001158/epqr-i9fbz-j3457t_1_4061409934/","5","2026/05/13 16:53:38","","リピ買いです
自宅で使っていましたが子どもの習い事用に持っておきたいということで追加購入
ケースが付いているので持ち運びが便利です","0","354660-20260511-0890126811",""
"商品レビュー","【 楽天1位受賞★レビュー特典付き 】＼クーポンで最大20％OFF！／爪切り 高級 ケース付き つめきり 巻き爪 飛び散らない プラス 微粒やすり 飛び散り防止 滑り止め爪切り 手足用 高品質爪切り RP1 PKT3-2F","https://review.rakuten.co.jp/item/1/354660_10001158/epqr-i9fb3-hdvklh_1_4041233706/","3","2026/05/11 21:10:24","","商品の到着も早く、綺麗な状態で届きました！
ただ、私の爪が厚いためか、合わなかったようで、爪が割れてしまいます。
もったいないので、家族に使ってもらうことにしました。","0","354660-20260501-0676625339",""
"商品レビュー","【 楽天1位受賞★レビュー特典付き 】＼クーポンで最大20％OFF！／爪切り 高級 ケース付き つめきり 巻き爪 飛び散らない プラス 微粒やすり 飛び散り防止 滑り止め爪切り 手足用 高品質爪切り RP1 PKT3-2F","https://review.rakuten.co.jp/item/1/354660_10001158/epqr-i9fak-hnghfm_1_4015817357/","4","2026/05/07 19:23:03","爪切りとニッパー","私の爪がカーブしてしまっていて、爪切りの先に入らない。ニッパーも頼んでおいて正解でした。両方とも切れ味はいいです。","0","354660-20260419-0697521797",""
"商品レビュー","【 楽天1位受賞★レビュー特典付き 】＼クーポンで最大20％OFF！／爪切り 高級 ケース付き つめきり 巻き爪 飛び散らない プラス 微粒やすり 飛び散り防止 滑り止め爪切り 手足用 高品質爪切り RP1 PKT3-2F","https://review.rakuten.co.jp/item/1/354660_10001158/epqr-i9fai-fxwrp1_1_4009976350/","3","2026/05/07 1:32:49","","爪切りは色もかっこよく使いやすく良かったです。
付属品の爪磨きが貼ってるテープの中に空気が
入っててふよふよになってて残念です。
ニッパーは使い慣れないので上手に使えなくて練習
しないと…て感じです。","0","354660-20260416-0599421496",""
"商品レビュー","【 楽天1位受賞★レビュー特典付き 】＼クーポンで最大20％OFF！／爪切り 高級 ケース付き つめきり 巻き爪 飛び散らない プラス 微粒やすり 飛び散り防止 滑り止め爪切り 手足用 高品質爪切り RP1 PKT3-2F","https://review.rakuten.co.jp/item/1/354660_10001158/epqr-i9f0y-jihlw8_1_3973094079/","4","2026/04/29 5:39:20","","よく切れてヤスリが別になってるのも良いです。
我が家は使いやすいです。
デザインもスタイリッシュで良いです。","0","354660-20260401-0867216946",""
"商品レビュー","【 楽天1位受賞★レビュー特典付き 】＼クーポンで最大20％OFF！／爪切り 高級 ケース付き つめきり 巻き爪 飛び散らない プラス 微粒やすり 飛び散り防止 滑り止め爪切り 手足用 高品質爪切り RP1 PKT3-2F","https://review.rakuten.co.jp/item/1/354660_10001158/epqr-i9fa1-fn92rt_1_3990429773/","5","2026/04/26 20:21:40","","大変切りやすいです。高級感もあって、ケース付きで、お買い得でした。","0","354660-20260408-0576219339",""
"商品レビュー","【 楽天1位受賞★レビュー特典付き 】＼クーポンで最大20％OFF！／爪切り 高級 ケース付き つめきり 巻き爪 飛び散らない プラス 微粒やすり 飛び散り防止 滑り止め爪切り 手足用 高品質爪切り RP1 PKT3-2F","https://review.rakuten.co.jp/item/1/354660_10001158/epqr-i9fao-e6xujh_1_4024488035/","4","2026/04/26 13:32:51","良い","今日届きました。
思っていたより結構満足しました。","0","354660-20260424-0471823571",""
"商品レビュー","【 楽天1位受賞★レビュー特典付き 】＼クーポンで最大20％OFF！／爪切り 高級 ケース付き つめきり 巻き爪 飛び散らない プラス 微粒やすり 飛び散り防止 滑り止め爪切り 手足用 高品質爪切り RP1 PKT3-2F","https://review.rakuten.co.jp/item/1/354660_10001158/epqr-i9fa0-7ggomk_1_3978265885/","5","2026/04/18 20:17:53","リピート","前回、Sを購入しました。今回はLを購入しました。なかなかです。","0","354660-20260404-0501018675",""
"商品レビュー","【 楽天1位受賞★レビュー特典付き 】＼クーポンで最大20％OFF！／爪切り 高級 ケース付き つめきり 巻き爪 飛び散らない プラス 微粒やすり 飛び散り防止 滑り止め爪切り 手足用 高品質爪切り RP1 PKT3-2F","https://review.rakuten.co.jp/item/1/354660_10001158/epqr-i9fac-2epmac_1_3992079642/","5","2026/04/11 23:18:20","","100均でしか爪切りを買ったことが無かったので、切れ味のよさに感動しました！！シャンパンゴールドお洒落です！","0","354660-20260409-0798819449",""
"商品レビュー","【 楽天1位受賞★レビュー特典付き 】＼クーポンで最大20％OFF！／爪切り 高級 ケース付き つめきり 巻き爪 飛び散らない プラス 微粒やすり 飛び散り防止 滑り止め爪切り 手足用 高品質爪切り RP1 PKT3-2F","https://review.rakuten.co.jp/item/1/354660_10001158/epqr-i97w5-qjlq9_2_3855988916/","5","2026/04/10 15:48:06","","すごく切りやすくて使いやすいです。ゴミもちゃんとたまるので良いです。","0","354660-20260206-0039305918",""
"商品レビュー","【 楽天1位受賞★レビュー特典付き 】＼クーポンで最大20％OFF！／爪切り 高級 ケース付き つめきり 巻き爪 飛び散らない プラス 微粒やすり 飛び散り防止 滑り止め爪切り 手足用 高品質爪切り RP1 PKT3-2F","https://review.rakuten.co.jp/item/1/354660_10001158/epqr-i974f-f88uce_1_3916085187/","5","2026/04/07 10:48:31","良い商品","切れ味抜群です♪
ヤスリが爪切りと一体ではなく、別単体で分かれているのがとても使いやすいです！
買って良かった！","0","354660-20260305-0582211339",""
"商品レビュー","【 楽天1位受賞★レビュー特典付き 】＼クーポンで最大20％OFF！／爪切り 高級 ケース付き つめきり 巻き爪 飛び散らない プラス 微粒やすり 飛び散り防止 滑り止め爪切り 手足用 高品質爪切り RP1 PKT3-2F","https://review.rakuten.co.jp/item/1/354660_10001158/epqr-i974c-gd5qpd_1_3899427732/","4","2026/04/05 19:32:32","","ケース入りなので、行方不明にならずにすみそうです。","0","354660-20260301-0615609834",""
"商品レビュー","【 楽天1位受賞★レビュー特典付き 】＼クーポンで最大20％OFF！／爪切り 高級 ケース付き つめきり 巻き爪 飛び散らない プラス 微粒やすり 飛び散り防止 滑り止め爪切り 手足用 高品質爪切り RP1 PKT3-2F","https://review.rakuten.co.jp/item/1/354660_10001158/epqr-i974x-2tvc10_1_3966509210/","5","2026/03/31 23:39:43","","本日商品が到着しました。
娘が実際に使用してみたところ、非常に切りやすく、爪が飛び散らない点も良かったとのことです。
使い勝手の良い商品だと思います。
ありがとうございました。","0","354660-20260328-0832816224",""
"商品レビュー","【 楽天1位受賞★レビュー特典付き 】＼クーポンで最大20％OFF！／爪切り 高級 ケース付き つめきり 巻き爪 飛び散らない プラス 微粒やすり 飛び散り防止 滑り止め爪切り 手足用 高品質爪切り RP1 PKT3-2F","https://review.rakuten.co.jp/item/1/354660_10001158/epqr-i974f-itlkqh_1_3906477739/","4","2026/03/31 23:18:43","","普段は100均の物を使用していましたが、とても使いやすい商品でした。
また買い替える際は購入しようと思います。","0","354660-20260305-0771710519",""
"商品レビュー","【 楽天1位受賞★レビュー特典付き 】＼クーポンで最大20％OFF！／爪切り 高級 ケース付き つめきり 巻き爪 飛び散らない プラス 微粒やすり 飛び散り防止 滑り止め爪切り 手足用 高品質爪切り RP1 PKT3-2F","https://review.rakuten.co.jp/item/1/354660_10001158/epqr-i974t-8f4a1_2_3954408989/","5","2026/03/29 18:26:50","","Sを買いました。切れ味良いと思います。Lにすれば良かったです。リピします。","0","354660-20260323-0037415560",""
"商品レビュー","【 楽天1位受賞★レビュー特典付き 】＼クーポンで最大20％OFF！／爪切り 高級 ケース付き つめきり 巻き爪 飛び散らない プラス 微粒やすり 飛び散り防止 滑り止め爪切り 手足用 高品質爪切り RP1 PKT3-2F","https://review.rakuten.co.jp/item/1/354660_10001158/epqr-i9743-ixtfq5_1_3950247424/","5","2026/03/25 22:53:47","","よく切れて使い心地も最高です。大変満足しています。","0","354660-20260321-0780614046",""
"商品レビュー","【 楽天1位受賞★レビュー特典付き 】＼クーポンで最大20％OFF！／爪切り 高級 ケース付き つめきり 巻き爪 飛び散らない プラス 微粒やすり 飛び散り防止 滑り止め爪切り 手足用 高品質爪切り RP1 PKT3-2F","https://review.rakuten.co.jp/item/1/354660_10001158/epqr-i974m-hpkgcl_1_3936372684/","5","2026/03/15 14:13:17","爪かすがこぼれない","爪切りの切れ味がいい。
また爪切りしたかすをためて置く部分があり、すごくいい。今まではこぼれていた。
爪とぎもすごくフィットしている感じでいいです。後、ケースも頑丈でいいです。","0","354660-20260313-0701112868",""
"商品レビュー","【 楽天1位受賞★レビュー特典付き 】＼クーポンで最大20％OFF！／爪切り 高級 ケース付き つめきり 巻き爪 飛び散らない プラス 微粒やすり 飛び散り防止 滑り止め爪切り 手足用 高品質爪切り RP1 PKT3-2F","https://review.rakuten.co.jp/item/1/354660_10001158/epqr-i974f-em7l51_1_3915156422/","4","2026/03/15 11:21:44","","問題なく使用できますが少し切れ味が悪い気がします。","0","354660-20260305-0452211340",""
"商品レビュー","【 楽天1位受賞★レビュー特典付き 】＼クーポンで最大20％OFF！／爪切り 高級 ケース付き つめきり 巻き爪 飛び散らない プラス 微粒やすり 飛び散り防止 滑り止め爪切り 手足用 高品質爪切り RP1 PKT3-2F","https://review.rakuten.co.jp/item/1/354660_10001158/epqr-i974f-g77v2l_1_3915560438/","4","2026/03/14 22:59:47","","今まで安い爪切りばかり買っていましたが子供の爪など切りにくく、評価の良かったこちらを購入してみました。とても切りやすいですし、グレーにしましたが落ち着いた色で気に入りました。","0","354660-20260305-0618511300",""
"商品レビュー","【 楽天1位受賞★レビュー特典付き 】＼クーポンで最大20％OFF！／爪切り 高級 ケース付き つめきり 巻き爪 飛び散らない プラス 微粒やすり 飛び散り防止 滑り止め爪切り 手足用 高品質爪切り RP1 PKT3-2F","https://review.rakuten.co.jp/item/1/354660_10001158/epqr-i974j-1wbvve_1_3932533781/","5","2026/03/13 17:56:00","悩むなら買うべき","今まで使っていた物とは数段に使いやすいです
ケース付きで高級感ありで善きです","0","354660-20260310-0294112735",""
"商品レビュー","【 楽天1位受賞★レビュー特典付き 】＼クーポンで最大20％OFF！／爪切り 高級 ケース付き つめきり 巻き爪 飛び散らない プラス 微粒やすり 飛び散り防止 滑り止め爪切り 手足用 高品質爪切り RP1 PKT3-2F","https://review.rakuten.co.jp/item/1/354660_10001158/epqr-i974j-bqim37_1_3929386731/","4","2026/03/12 14:35:22","","今まで安い爪切りを使っていたので、切れ味も良く満足しています。時期的な問題かもしれませんが、静電気で爪がくっついてしまい、溜まった爪を捨てづらいのが残念です。また蓋のクッション？がとれていたので、自分でつけようと思います。","0","354660-20260310-0220612508",""
"商品レビュー","【 楽天1位受賞★レビュー特典付き 】＼クーポンで最大20％OFF！／爪切り 高級 ケース付き つめきり 巻き爪 飛び散らない プラス 微粒やすり 飛び散り防止 滑り止め爪切り 手足用 高品質爪切り RP1 PKT3-2F","https://review.rakuten.co.jp/item/1/354660_10001158/epqr-i974f-cdxedd_1_3907757157/","5","2026/03/10 21:09:51","","到着時点で刃に粗が無く、切れ味がたいへん良く満足しました！
切れ味の劣化次第ではまた購入を検討しようと思います。","0","354660-20260305-0313910862",""
"商品レビュー","【 楽天1位受賞★レビュー特典付き 】＼クーポンで最大20％OFF！／爪切り 高級 ケース付き つめきり 巻き爪 飛び散らない プラス 微粒やすり 飛び散り防止 滑り止め爪切り 手足用 高品質爪切り RP1 PKT3-2F","https://review.rakuten.co.jp/item/1/354660_10001158/epqr-i974i-kyqjga_1_3921995605/","5","2026/03/10 19:58:46","リピート","グレーSサイズ、高級感もあり、こちらを使うと二枚爪にもならずストレスフリーになりました。ヤスリだけではやはり大変だったので爪切りを。
こちらはリピートになります。ビジュもいいです。","0","354660-20260308-0963511561",""
"商品レビュー","【 楽天1位受賞★レビュー特典付き 】＼クーポンで最大20％OFF！／爪切り 高級 ケース付き つめきり 巻き爪 飛び散らない プラス 微粒やすり 飛び散り防止 滑り止め爪切り 手足用 高品質爪切り RP1 PKT3-2F","https://review.rakuten.co.jp/item/1/354660_10001158/epqr-i974f-ho72lr_1_3911233683/","5","2026/03/08 13:59:14","","軽く切れて、使いやすい
ブロンズかわいいです","0","354660-20260305-0699110952",""
"商品レビュー","【 楽天1位受賞★レビュー特典付き 】＼クーポンで最大20％OFF！／爪切り 高級 ケース付き つめきり 巻き爪 飛び散らない プラス 微粒やすり 飛び散り防止 滑り止め爪切り 手足用 高品質爪切り RP1 PKT3-2F","https://review.rakuten.co.jp/item/1/354660_10001158/epqr-i974g-7hdog3_1_3916585903/","5","2026/03/07 12:00:17","","3年前にこちらで購入した爪切りが今でも使っていますが、他のショップで購入した爪切りの切れ味が悪かったり、掃除をしていて失くなってしまったりで新しい爪切りを新調しようと思い履歴を辿ってブロンズのLサイズを購入しま
した。新しいので切れ味が良さそうです。","0","354660-20260306-0502511425",""
"商品レビュー","【 楽天1位受賞★レビュー特典付き 】＼クーポンで最大20％OFF！／爪切り 高級 ケース付き つめきり 巻き爪 飛び散らない プラス 微粒やすり 飛び散り防止 滑り止め爪切り 手足用 高品質爪切り RP1 PKT3-2F","https://review.rakuten.co.jp/item/1/354660_10001158/epqr-i9747-e9ipsg_1_3904289484/","5","2026/03/07 5:58:18","","軽量コンパクトで機能的でとても使い易いです。","0","354660-20260304-0427210498",""
"商品レビュー","【 楽天1位受賞★レビュー特典付き 】＼クーポンで最大20％OFF！／爪切り 高級 ケース付き つめきり 巻き爪 飛び散らない プラス 微粒やすり 飛び散り防止 滑り止め爪切り 手足用 高品質爪切り RP1 PKT3-2F","https://review.rakuten.co.jp/item/1/354660_10001158/epqr-i97x0-e74m8h_1_3891255024/","5","2026/02/28 8:04:22","","とても切れ味がよくて、切った爪も収納スペースに、入って周りに散らからなくてとても良い。缶ケースもとてもシンプルでよかった
爪切りニッパーも切れ味が良く、手に馴染みやすかった。","0","354660-20260224-0438309299",""
"商品レビュー","【 楽天1位受賞★レビュー特典付き 】＼クーポンで最大20％OFF！／爪切り 高級 ケース付き つめきり 巻き爪 飛び散らない プラス 微粒やすり 飛び散り防止 滑り止め爪切り 手足用 高品質爪切り RP1 PKT3-2F","https://review.rakuten.co.jp/item/1/354660_10001158/epqr-i97w4-h5wa1w_1_3887478004/","5","2026/02/27 7:41:04","","固くないので切りやすく、切り口もギザギザしません。買ってよかったです","0","354660-20260222-0696808831",""
"商品レビュー","【 楽天1位受賞★レビュー特典付き 】＼クーポンで最大20％OFF！／爪切り 高級 ケース付き つめきり 巻き爪 飛び散らない プラス 微粒やすり 飛び散り防止 滑り止め爪切り 手足用 高品質爪切り RP1 PKT3-2F","https://review.rakuten.co.jp/item/1/354660_10001158/epqr-i97wx-1ns2yt_1_3881407291/","4","2026/02/24 11:27:10","","切りやすいです。しっかりしてます。色も高級感あります！","0","354660-20260220-0275008527",""
"商品レビュー","【 楽天1位受賞★レビュー特典付き 】＼クーポンで最大20％OFF！／爪切り 高級 ケース付き つめきり 巻き爪 飛び散らない プラス 微粒やすり 飛び散り防止 滑り止め爪切り 手足用 高品質爪切り RP1 PKT3-2F","https://review.rakuten.co.jp/item/1/354660_10001158/epqr-i97wy-amt8um_2_3884500439/","5","2026/02/23 19:49:50","良く切れます！","よく切れます！ヤスリもキメ細やかで、使いやすいです。
ケース入りでおしゃれな感じ。長年使っていたものが切れなくなったので購入しました。
強いて言うなら、ケースから取る時半月の穴からは取れせず爪切りの取っ手を持ち上げて取りました。色もシャンパンゴールドで落ち着いた感じで良かったです。ケースと合わせるならシルバーも良いかもね。","0","354660-20260221-0090308933",""
"商品レビュー","【 楽天1位受賞★レビュー特典付き 】＼クーポンで最大20％OFF！／爪切り 高級 ケース付き つめきり 巻き爪 飛び散らない プラス 微粒やすり 飛び散り防止 滑り止め爪切り 手足用 高品質爪切り RP1 PKT3-2F","https://review.rakuten.co.jp/item/1/354660_10001158/epqr-i97wt-b731j7_1_3873686953/","5","2026/02/22 16:42:27","ケースも便利","ケースに入っているので持ち運びもしやすいです
よく切れます","0","354660-20260215-0196007552",""
"商品レビュー","【 楽天1位受賞★レビュー特典付き 】＼クーポンで最大20％OFF！／爪切り 高級 ケース付き つめきり 巻き爪 飛び散らない プラス 微粒やすり 飛び散り防止 滑り止め爪切り 手足用 高品質爪切り RP1 PKT3-2F","https://review.rakuten.co.jp/item/1/354660_10001158/epqr-i97wx-f4po1s_1_3880457404/","4","2026/02/22 8:13:24","","注文して、翌日に届くという素早さ！ありがとうございます！
他の方のレビューにもある様に本当に軽い力で切れます
ヤスリが上手く型にはまっていなかったでしょう、その形に缶がボコボコになっていたので切なかった分、星一つ減らさせていただきました","0","354660-20260220-0602308394",""
"商品レビュー","【 楽天1位受賞★レビュー特典付き 】＼クーポンで最大20％OFF！／爪切り 高級 ケース付き つめきり 巻き爪 飛び散らない プラス 微粒やすり 飛び散り防止 滑り止め爪切り 手足用 高品質爪切り RP1 PKT3-2F","https://review.rakuten.co.jp/item/1/354660_10001158/epqr-i97wn-rqmca_2_3857983762/","4","2026/02/20 18:26:31","","切りやすいと夫が絶賛。
ケースに入ってるのが良い。","0","354660-20260207-0041406085",""
"商品レビュー","【 楽天1位受賞★レビュー特典付き 】＼クーポンで最大20％OFF！／爪切り 高級 ケース付き つめきり 巻き爪 飛び散らない プラス 微粒やすり 飛び散り防止 滑り止め爪切り 手足用 高品質爪切り RP1 PKT3-2F","https://review.rakuten.co.jp/item/1/354660_10001158/epqr-i97wp-f5wr9o_1_3862200618/","4","2026/02/20 15:57:10","","ちょっと重かったかなという点と、皮を切りそうになったこともあるので若干使いづらかったです。","0","354660-20260209-0575906204",""
"商品レビュー","【 楽天1位受賞★レビュー特典付き 】＼クーポンで最大20％OFF！／爪切り 高級 ケース付き つめきり 巻き爪 飛び散らない プラス 微粒やすり 飛び散り防止 滑り止め爪切り 手足用 高品質爪切り RP1 PKT3-2F","https://review.rakuten.co.jp/item/1/354660_10001158/epqr-i97wp-gwq9mk_1_3862075779/","5","2026/02/12 1:10:03","","すごくしっかりしてました！
切りやすかったです！","0","354660-20260209-0657806163",""
"商品レビュー","【 楽天1位受賞★レビュー特典付き 】＼クーポンで最大20％OFF！／爪切り 高級 ケース付き つめきり 巻き爪 飛び散らない プラス 微粒やすり 飛び散り防止 滑り止め爪切り 手足用 高品質爪切り RP1 PKT3-2F","https://review.rakuten.co.jp/item/1/354660_10001158/epqr-i97uf-gaym7x_1_3831512774/","5","2026/02/11 19:54:02","","本当によく切れます！
最初使い方を考えましたがちゃんと使えました
","0","354660-20260125-0607903376",""
"商品レビュー","【 楽天1位受賞★レビュー特典付き 】＼クーポンで最大20％OFF！／爪切り 高級 ケース付き つめきり 巻き爪 飛び散らない プラス 微粒やすり 飛び散り防止 滑り止め爪切り 手足用 高品質爪切り RP1 PKT3-2F","https://review.rakuten.co.jp/item/1/354660_10001158/epqr-i97wl-eh5ojx_1_3849009694/","4","2026/02/09 20:04:34","","百均の爪切りを長年使っていましたが、使い勝手が悪くこちらを購入。切れ味は問題なしです。収納箱もあるのも助かります。","0","354660-20260204-0442605272",""
"商品レビュー","【 楽天1位受賞★レビュー特典付き 】＼クーポンで最大20％OFF！／爪切り 高級 ケース付き つめきり 巻き爪 飛び散らない プラス 微粒やすり 飛び散り防止 滑り止め爪切り 手足用 高品質爪切り RP1 PKT3-2F","https://review.rakuten.co.jp/item/1/354660_10001158/epqr-i97wm-c0ul8h_1_3850549557/","5","2026/02/07 10:17:28","切れ味最高の爪切り","切れ味最高の爪切りです。とても切りやすいです。
なかなか良い爪切りに出会えなかったので、
とても嬉しいです。","0","354660-20260205-0303705443",""
"商品レビュー","【 楽天1位受賞★レビュー特典付き 】＼クーポンで最大20％OFF！／爪切り 高級 ケース付き つめきり 巻き爪 飛び散らない プラス 微粒やすり 飛び散り防止 滑り止め爪切り 手足用 高品質爪切り RP1 PKT3-2F","https://review.rakuten.co.jp/item/1/354660_10001158/epqr-i97ui-i49ecs_1_3836377018/","5","2026/02/02 16:14:20","今年一番の感動","切れ味バツグンとても感動してます。爪切りなんてなんでも一緒だろうと思ってましたがこんなに違うなんて感動レベルです。もっと早く気づけばと思ってます。","0","354660-20260128-0782803646",""
"商品レビュー","【 楽天1位受賞★レビュー特典付き 】＼クーポンで最大20％OFF！／爪切り 高級 ケース付き つめきり 巻き爪 飛び散らない プラス 微粒やすり 飛び散り防止 滑り止め爪切り 手足用 高品質爪切り RP1 PKT3-2F","https://review.rakuten.co.jp/item/1/354660_10001158/epqr-i97ug-9f5xk_3_3832368540/","5","2026/01/31 14:36:46","","娘が使っており　とても使いやすく購入させていただきました。
大変満足しております。","0","354660-20260126-0003803631",""
"商品レビュー","【 楽天1位受賞★レビュー特典付き 】＼クーポンで最大20％OFF！／爪切り 高級 ケース付き つめきり 巻き爪 飛び散らない プラス 微粒やすり 飛び散り防止 滑り止め爪切り 手足用 高品質爪切り RP1 PKT3-2F","https://review.rakuten.co.jp/item/1/354660_10001158/epqr-i97ug-ar4wd4_1_3833513432/","5","2026/01/29 22:18:20","","気持ち良い切れ味です。使いやすく、買って良かったです。","0","354660-20260126-0102403690",""
"商品レビュー","【 楽天1位受賞★レビュー特典付き 】＼クーポンで最大20％OFF！／爪切り 高級 ケース付き つめきり 巻き爪 飛び散らない プラス 微粒やすり 飛び散り防止 滑り止め爪切り 手足用 高品質爪切り RP1 PKT3-2F","https://review.rakuten.co.jp/item/1/354660_10001158/epqr-i97uc-kz2ixf_1_3821711035/","5","2026/01/26 23:29:10","爪切りが気持ちいい","今まで使っていた爪切りとは全く切れ味が違くて、おすすめです。","0","354660-20260121-0966402441",""
"商品レビュー","【 楽天1位受賞★レビュー特典付き 】＼クーポンで最大20％OFF！／爪切り 高級 ケース付き つめきり 巻き爪 飛び散らない プラス 微粒やすり 飛び散り防止 滑り止め爪切り 手足用 高品質爪切り RP1 PKT3-2F","https://review.rakuten.co.jp/item/1/354660_10001158/epqr-i9awf-294szm_1_3692274646/","5","2026/01/25 19:57:37","","大変満足しています。品物も良かったです。","0","354660-20251125-0791040797",""
"商品レビュー","【 楽天1位受賞★レビュー特典付き 】＼クーポンで最大20％OFF！／爪切り 高級 ケース付き つめきり 巻き爪 飛び散らない プラス 微粒やすり 飛び散り防止 滑り止め爪切り 手足用 高品質爪切り RP1 PKT3-2F","https://review.rakuten.co.jp/item/1/354660_10001158/epqr-i976w-fyyums_1_3800436111/","4","2026/01/25 17:15:55","","切れ味とハンドリングが良いのでとても使いやすいです","0","354660-20260111-0601200782",""
"商品レビュー","【 楽天1位受賞★レビュー特典付き 】＼クーポンで最大20％OFF！／爪切り 高級 ケース付き つめきり 巻き爪 飛び散らない プラス 微粒やすり 飛び散り防止 滑り止め爪切り 手足用 高品質爪切り RP1 PKT3-2F","https://review.rakuten.co.jp/item/1/354660_10001158/epqr-i976z-fxlfb9_1_3810685847/","5","2026/01/25 15:11:15","","商品すぐに届きました。
重みもあり、ブレずに良く切れます。
爪ヤスリも良い感じで、オススメです。
","0","354660-20260115-0598701566",""
"商品レビュー","【 楽天1位受賞★レビュー特典付き 】＼クーポンで最大20％OFF！／爪切り 高級 ケース付き つめきり 巻き爪 飛び散らない プラス 微粒やすり 飛び散り防止 滑り止め爪切り 手足用 高品質爪切り RP1 PKT3-2F","https://review.rakuten.co.jp/item/1/354660_10001158/epqr-i976z-bw6895_1_3810103000/","4","2026/01/18 13:59:00","ゾンデ様々","高級感が感じられます。使用した事のないゾンデも購入しました。足の親指爪内、外側に黒い粕が溜まり、難儀してました。たまに爪を切り過ぎたりもしてました。","0","354660-20260115-0234801594",""
"商品レビュー","【 楽天1位受賞★レビュー特典付き 】＼クーポンで最大20％OFF！／爪切り 高級 ケース付き つめきり 巻き爪 飛び散らない プラス 微粒やすり 飛び散り防止 滑り止め爪切り 手足用 高品質爪切り RP1 PKT3-2F","https://review.rakuten.co.jp/item/1/354660_10001158/epqr-i976u-cm48x9_1_3793639021/","4","2026/01/18 10:50:45","","切れ味良いです。ヤスリも使いやすいです。","0","354660-20260109-0332500322",""
"商品レビュー","【 楽天1位受賞★レビュー特典付き 】＼クーポンで最大20％OFF！／爪切り 高級 ケース付き つめきり 巻き爪 飛び散らない プラス 微粒やすり 飛び散り防止 滑り止め爪切り 手足用 高品質爪切り RP1 PKT3-2F","https://review.rakuten.co.jp/item/1/354660_10001158/epqr-i976z-h4yoww_1_3811382119/","4","2026/01/18 10:16:11","","直ぐに届きました。
ちょっと重いなと思うけど、スムーズに爪が切れるし、爪ヤスリが付いて専用ケースにスッキリ収納出来るのが良いですね。","0","354660-20260115-0723801595",""
"商品レビュー","【 楽天1位受賞★レビュー特典付き 】＼クーポンで最大20％OFF！／爪切り 高級 ケース付き つめきり 巻き爪 飛び散らない プラス 微粒やすり 飛び散り防止 滑り止め爪切り 手足用 高品質爪切り RP1 PKT3-2F","https://review.rakuten.co.jp/item/1/354660_10001158/epqr-i976u-xsvnu_2_3793411025/","5","2026/01/15 21:23:14","","爪切りが綺麗にボックスに収納されているのが新鮮でした。スパスパと切れるので、爪に負荷がかからずとても良いです。2サイズ購入したので、爪の大きさに合わせて使い分けています。","0","354660-20260109-0055000361",""
"商品レビュー","【 楽天1位受賞★レビュー特典付き 】＼クーポンで最大20％OFF！／爪切り 高級 ケース付き つめきり 巻き爪 飛び散らない プラス 微粒やすり 飛び散り防止 滑り止め爪切り 手足用 高品質爪切り RP1 PKT3-2F","https://review.rakuten.co.jp/item/1/354660_10001158/epqr-i976v-biogpd_1_3799129145/","5","2026/01/14 0:17:21","注文番号：
354660-2026011","よく切れる爪切りです。
今まで使用していた爪切りと比較すると、全体的に購入感があります。グレーを購入しましたが黒もかっこいいかもです。
ケースにも入っていて、ヤスリも同梱でちょっとしたプレゼントにも良いです。","0","354660-20260110-0202500762",""
"商品レビュー","【 楽天1位受賞★レビュー特典付き 】＼クーポンで最大20％OFF！／爪切り 高級 ケース付き つめきり 巻き爪 飛び散らない プラス 微粒やすり 飛び散り防止 滑り止め爪切り 手足用 高品質爪切り RP1 PKT3-2F","https://review.rakuten.co.jp/item/1/354660_10001158/epqr-i9ayu-kxgvng_1_3750213887/","5","2026/01/12 16:38:21","","構造がよく考えられていて使いやすいです。とても気に入っています。","0","354660-20251217-0961246486",""
"商品レビュー","【 楽天1位受賞★レビュー特典付き 】＼クーポンで最大20％OFF！／爪切り 高級 ケース付き つめきり 巻き爪 飛び散らない プラス 微粒やすり 飛び散り防止 滑り止め爪切り 手足用 高品質爪切り RP1 PKT3-2F","https://review.rakuten.co.jp/item/1/354660_10001158/epqr-i9ayw-934ugt_1_3754156069/","4","2026/01/09 8:29:25","","プレゼントで購入しました。切れ味良く、ケース入りなので、製品的に満足しています。自分用にも考えよかな？","0","354660-20251219-0164547027",""
"商品レビュー","【 楽天1位受賞★レビュー特典付き 】＼クーポンで最大20％OFF！／爪切り 高級 ケース付き つめきり 巻き爪 飛び散らない プラス 微粒やすり 飛び散り防止 滑り止め爪切り 手足用 高品質爪切り RP1 PKT3-2F","https://review.rakuten.co.jp/item/1/354660_10001158/epqr-i9ayu-2qldpv_1_3749880483/","5","2025/12/25 7:24:30","お得です！","購入後の発送早かったです。
お値段がリーズナブルなのに実物は高級感がありました。
肝心な切れ味も良く、切った後の爪の切り口もキレイでした。爪磨きも付いてケースにも入っているので助かります。","0","354660-20251217-0825446514",""
"商品レビュー","【 楽天1位受賞★レビュー特典付き 】＼クーポンで最大20％OFF！／爪切り 高級 ケース付き つめきり 巻き爪 飛び散らない プラス 微粒やすり 飛び散り防止 滑り止め爪切り 手足用 高品質爪切り RP1 PKT3-2F","https://review.rakuten.co.jp/item/1/354660_10001158/epqr-i9ayr-rhlrg_2_3740450910/","3","2025/12/23 12:28:16","","使っていた以前の爪切りよりスパッと切れます","0","354660-20251212-0040845610",""
"商品レビュー","【 楽天1位受賞★レビュー特典付き 】＼クーポンで最大20％OFF！／爪切り 高級 ケース付き つめきり 巻き爪 飛び散らない プラス 微粒やすり 飛び散り防止 滑り止め爪切り 手足用 高品質爪切り RP1 PKT3-2F","https://review.rakuten.co.jp/item/1/354660_10001158/epqr-i9ayw-aa7ppx_2_3753841829/","4","2025/12/22 19:51:03","","切れ味はいいです。
ただ、足は爪の端が残ってしまい、ちょっと切りにくいかもです。
","0","354660-20251219-0062547044",""
"商品レビュー","【 楽天1位受賞★レビュー特典付き 】＼クーポンで最大20％OFF！／爪切り 高級 ケース付き つめきり 巻き爪 飛び散らない プラス 微粒やすり 飛び散り防止 滑り止め爪切り 手足用 高品質爪切り RP1 PKT3-2F","https://review.rakuten.co.jp/item/1/354660_10001158/epqr-i9ayq-1qoild_1_3737925595/","5","2025/12/21 12:27:49","","子供でも扱いやすくきりやすいです。
見た目が気に入っています。","0","354660-20251211-0281445126",""
"商品レビュー","【 楽天1位受賞★レビュー特典付き 】＼クーポンで最大20％OFF！／爪切り 高級 ケース付き つめきり 巻き爪 飛び散らない プラス 微粒やすり 飛び散り防止 滑り止め爪切り 手足用 高品質爪切り RP1 PKT3-2F","https://review.rakuten.co.jp/item/1/354660_10001158/epqr-i9ayv-bn68ns_1_3751555995/","5","2025/12/20 23:14:48","","めちゃめちゃよく切れて、すごく良いです。","0","354660-20251218-0214646822",""
"商品レビュー","【 楽天1位受賞★レビュー特典付き 】＼クーポンで最大20％OFF！／爪切り 高級 ケース付き つめきり 巻き爪 飛び散らない プラス 微粒やすり 飛び散り防止 滑り止め爪切り 手足用 高品質爪切り RP1 PKT3-2F","https://review.rakuten.co.jp/item/1/354660_10001158/epqr-i9ay8-e4apik_1_3730645809/","5","2025/12/14 9:24:31","使い易い","発送も早くケース入りになってるので
持ち運びに便利です。
力を入れなくても切れるので満足！
購入して良かったです","0","354660-20251210-0480444495",""
"商品レビュー","【 楽天1位受賞★レビュー特典付き 】＼クーポンで最大20％OFF！／爪切り 高級 ケース付き つめきり 巻き爪 飛び散らない プラス 微粒やすり 飛び散り防止 滑り止め爪切り 手足用 高品質爪切り RP1 PKT3-2F","https://review.rakuten.co.jp/item/1/354660_10001158/epqr-i9ay8-byh1cl_1_3728868930/","4","2025/12/12 8:35:18","","とても使い易い。爪切り2個持ちしたかったので買いました。","0","354660-20251210-0237344452",""
"商品レビュー","【 楽天1位受賞★レビュー特典付き 】＼クーポンで最大20％OFF！／爪切り 高級 ケース付き つめきり 巻き爪 飛び散らない プラス 微粒やすり 飛び散り防止 滑り止め爪切り 手足用 高品質爪切り RP1 PKT3-2F","https://review.rakuten.co.jp/item/1/354660_10001158/epqr-i9atx-19t4ws_1_3576208598/","4","2025/12/10 21:29:02","","切れ味がとても良いです
切った爪がちょっと落ちやすいのが残念でした","0","354660-20251004-0246528854",""
"商品レビュー","【 楽天1位受賞★レビュー特典付き 】＼クーポンで最大20％OFF！／爪切り 高級 ケース付き つめきり 巻き爪 飛び散らない プラス 微粒やすり 飛び散り防止 滑り止め爪切り 手足用 高品質爪切り RP1 PKT3-2F","https://review.rakuten.co.jp/item/1/354660_10001158/epqr-i9awe-afrud0_2_3682479464/","5","2025/12/04 15:46:01","","切れ味はとでいいです。缶のケースが付いていて、便利でした。","0","354660-20251123-0076740264",""
"商品レビュー","【 楽天1位受賞★レビュー特典付き 】＼クーポンで最大20％OFF！／爪切り 高級 ケース付き つめきり 巻き爪 飛び散らない プラス 微粒やすり 飛び散り防止 滑り止め爪切り 手足用 高品質爪切り RP1 PKT3-2F","https://review.rakuten.co.jp/item/1/354660_10001158/epqr-i9awe-khbr56_1_3683360513/","5","2025/12/03 15:02:57","切れ味最高！！","切れ味抜群です。音も静かで、爪が飛び散らないのでストレスありません。","0","354660-20251123-0925640164",""
"商品レビュー","【 楽天1位受賞★レビュー特典付き 】＼クーポンで最大20％OFF！／爪切り 高級 ケース付き つめきり 巻き爪 飛び散らない プラス 微粒やすり 飛び散り防止 滑り止め爪切り 手足用 高品質爪切り RP1 PKT3-2F","https://review.rakuten.co.jp/item/1/354660_10001158/epqr-i9avz-9lffky_1_3665267748/","4","2025/12/02 7:07:55","","切りやすく、力がいりません。
ヤスリが別に着いているのもとても良いです。","0","354660-20251115-0148238349",""
"商品レビュー","【 楽天1位受賞★レビュー特典付き 】＼クーポンで最大20％OFF！／爪切り 高級 ケース付き つめきり 巻き爪 飛び散らない プラス 微粒やすり 飛び散り防止 滑り止め爪切り 手足用 高品質爪切り RP1 PKT3-2F","https://review.rakuten.co.jp/item/1/354660_10001158/epqr-i9aw7-7tiaee_1_3685745084/","5","2025/12/02 2:27:04","","楽天一位と言う事で買いましたが、本当に使いやすかったです。良く切れるし切り口が滑らかなような気がします。一度使ってみるとわかるって感じです。","0","354660-20251124-0529640467",""
"商品レビュー","【 楽天1位受賞★レビュー特典付き 】＼クーポンで最大20％OFF！／爪切り 高級 ケース付き つめきり 巻き爪 飛び散らない プラス 微粒やすり 飛び散り防止 滑り止め爪切り 手足用 高品質爪切り RP1 PKT3-2F","https://review.rakuten.co.jp/item/1/354660_10001158/epqr-i9avs-jt83vw_1_3647461049/","2","2025/11/13 16:05:48","切れ味よくない","レビューよかったので期待しての購入でしたが
力を込めてバッチンと切る、普通の(安物の)切れ味でがっかりでした。
たまたま外れとかでもなく、2サイズ買って2つとも同じでしたので、家族からも「安物買ったね」と言われてしまった。
見た目は格好良く、爪が飛び散らないのはとてもよかったのですが、肝心の切れ味が悪く口コミが良いのが不思議です。","0","354660-20251106-0892936039",""
"商品レビュー","【 楽天1位受賞★レビュー特典付き 】＼クーポンで最大20％OFF！／爪切り 高級 ケース付き つめきり 巻き爪 飛び散らない プラス 微粒やすり 飛び散り防止 滑り止め爪切り 手足用 高品質爪切り RP1 PKT3-2F","https://review.rakuten.co.jp/item/1/354660_10001158/epqr-i9avv-2bzb62_1_3658207249/","4","2025/11/12 23:35:57","使ってみた感想","本日商品が届きました。
早速使ってみました。
良い商品で助かりました。","0","354660-20251110-0792737005",""
"商品レビュー","【 楽天1位受賞★レビュー特典付き 】＼クーポンで最大20％OFF！／爪切り 高級 ケース付き つめきり 巻き爪 飛び散らない プラス 微粒やすり 飛び散り防止 滑り止め爪切り 手足用 高品質爪切り RP1 PKT3-2F","https://review.rakuten.co.jp/item/1/354660_10001158/epqr-i9av6-kn65z8_1_3649654578/","4","2025/11/09 14:36:32","","力いらずでとても滑らかに切れ、切った後もすごく綺麗で引っ掛からなくていいです
缶やヤスリはいらないので、その分安くなる価格設定もあったら尚更良かったです","0","354660-20251108-0940236322",""
"商品レビュー","【 楽天1位受賞★レビュー特典付き 】＼クーポンで最大20％OFF！／爪切り 高級 ケース付き つめきり 巻き爪 飛び散らない プラス 微粒やすり 飛び散り防止 滑り止め爪切り 手足用 高品質爪切り RP1 PKT3-2F","https://review.rakuten.co.jp/item/1/354660_10001158/epqr-i9av3-dckwqu_1_3644024832/","5","2025/11/09 10:50:06","","切れ味が良く満足してます
手も足も切ってみましたが良く切れました
ただ、足の親指はちょっと力を入れないと切れなかったですね","0","354660-20251105-0371936009",""
"商品レビュー","【 楽天1位受賞★レビュー特典付き 】＼クーポンで最大20％OFF！／爪切り 高級 ケース付き つめきり 巻き爪 飛び散らない プラス 微粒やすり 飛び散り防止 滑り止め爪切り 手足用 高品質爪切り RP1 PKT3-2F","https://review.rakuten.co.jp/item/1/354660_10001158/epqr-i9atx-cg780d_1_3576569597/","4","2025/11/07 10:00:40","","娘のために購入しました。
使い方がちょっと変わっていて面白いです。
切れ味を試していないため、4星つにしました。","0","354660-20251004-0319528806",""
"商品レビュー","【 楽天1位受賞★レビュー特典付き 】＼クーポンで最大20％OFF！／爪切り 高級 ケース付き つめきり 巻き爪 飛び散らない プラス 微粒やすり 飛び散り防止 滑り止め爪切り 手足用 高品質爪切り RP1 PKT3-2F","https://review.rakuten.co.jp/item/1/354660_10001158/epqr-i9a6l-bwlksd_1_3617082270/","5","2025/10/28 14:06:45","巻き爪もきれいに切れる","これまで、100円ショップの爪切りを買っていましたが、どうしても巻き爪がきれないので、こちらの商品を購入しました。しっかり巻き爪が切れるようになり、重宝しています。
容器な中に入っているので、なくさないで済みそうです。
ただ、輸送の時についたかなと思われる跡が2点付いていました。","0","354660-20251024-0234233502",""
"商品レビュー","【 楽天1位受賞★レビュー特典付き 】＼クーポンで最大20％OFF！／爪切り 高級 ケース付き つめきり 巻き爪 飛び散らない プラス 微粒やすり 飛び散り防止 滑り止め爪切り 手足用 高品質爪切り RP1 PKT3-2F","https://review.rakuten.co.jp/item/1/354660_10001158/epqr-i9a38-9ad3za_1_3555416642/","5","2025/10/22 21:15:23","総じて満足","切れ味も良く、爪屑入れに入ってくれるので、周りに飛び散らないのが良いです。付属のヤスリも使いやすいです。長く愛用していきたいです。","0","354660-20250922-0122925565",""
"商品レビュー","【 楽天1位受賞★レビュー特典付き 】＼クーポンで最大20％OFF！／爪切り 高級 ケース付き つめきり 巻き爪 飛び散らない プラス 微粒やすり 飛び散り防止 滑り止め爪切り 手足用 高品質爪切り RP1 PKT3-2F","https://review.rakuten.co.jp/item/1/354660_10001158/epqr-i9a3p-iqivre_1_3553411541/","4","2025/10/19 12:18:23","","100均よりだんぜん切れ味がよい。色はシルバーっぽいです。","0","354660-20250921-0764824903",""
"商品レビュー","【 楽天1位受賞★レビュー特典付き 】＼クーポンで最大20％OFF！／爪切り 高級 ケース付き つめきり 巻き爪 飛び散らない プラス 微粒やすり 飛び散り防止 滑り止め爪切り 手足用 高品質爪切り RP1 PKT3-2F","https://review.rakuten.co.jp/item/1/354660_10001158/epqr-i9a6b-7kvclr_1_3594423088/","5","2025/10/14 4:00:20","満足！！","流石しっかりした手ごたえのある切れ味で切り口も潰れず良い買い物が出来ました。ヤスリの裏表で粗いヤスリ、細かいヤスリの２通りがあり助かります、保管箱のアルミのケースが便利で有り難いです。","0","354660-20251011-0510330408",""
"商品レビュー","【 楽天1位受賞★レビュー特典付き 】＼クーポンで最大20％OFF！／爪切り 高級 ケース付き つめきり 巻き爪 飛び散らない プラス 微粒やすり 飛び散り防止 滑り止め爪切り 手足用 高品質爪切り RP1 PKT3-2F","https://review.rakuten.co.jp/item/1/354660_10001158/epqr-i9anp-127q2w_1_3378301850/","5","2025/10/13 16:46:25","","手が小さいので子供用のSサイズでも充分でした。切れ味はお風呂に入ったあとでなくてもすんなり切れて満足しています。切った爪も捨てやすいです。","0","354660-20250705-0264103267",""
"商品レビュー","【 楽天1位受賞★レビュー特典付き 】＼クーポンで最大20％OFF！／爪切り 高級 ケース付き つめきり 巻き爪 飛び散らない プラス 微粒やすり 飛び散り防止 滑り止め爪切り 手足用 高品質爪切り RP1 PKT3-2F","https://review.rakuten.co.jp/item/1/354660_10001158/epqr-i9a8y-fwzkz0_1_3481531443/","4","2025/10/09 19:49:27","","爪が飛ばないものを探していました。
この価格でこの使い心地ならオッケーという感じです。
ケースとやすりは不要なので、無しでもっと安いといいなーと思います。","0","354660-20250825-0597917340",""
"商品レビュー","【 楽天1位受賞★レビュー特典付き 】＼クーポンで最大20％OFF！／爪切り 高級 ケース付き つめきり 巻き爪 飛び散らない プラス 微粒やすり 飛び散り防止 滑り止め爪切り 手足用 高品質爪切り RP1 PKT3-2F","https://review.rakuten.co.jp/item/1/354660_10001158/epqr-i9a3p-dlj0st_1_3552020895/","4","2025/10/09 11:19:24","","切れ味はとても良かったし色合いがオシャレで良かった","0","354660-20250921-0390325059",""
"商品レビュー","【 楽天1位受賞★レビュー特典付き 】＼クーポンで最大20％OFF！／爪切り 高級 ケース付き つめきり 巻き爪 飛び散らない プラス 微粒やすり 飛び散り防止 滑り止め爪切り 手足用 高品質爪切り RP1 PKT3-2F","https://review.rakuten.co.jp/item/1/354660_10001158/epqr-i9aty-igrj3f_1_3578830298/","4","2025/10/07 15:23:32","","デザイン、コスパ、切れ味等考慮すると、とても良い商品です。
個人的な希望として、後少しだけ爪切り本体をケースから出しやすくし、ヤスリの片面がもう少しグリッド数が大きいものになれば完璧だと思いました。","0","354660-20251005-0743529069",""
"商品レビュー","【 楽天1位受賞★レビュー特典付き 】＼クーポンで最大20％OFF！／爪切り 高級 ケース付き つめきり 巻き爪 飛び散らない プラス 微粒やすり 飛び散り防止 滑り止め爪切り 手足用 高品質爪切り RP1 PKT3-2F","https://review.rakuten.co.jp/item/1/354660_10001158/epqr-i9atv-2jwey_2_3573713148/","5","2025/10/06 9:18:57","","とてもかっこよくて合理的です。
切った爪がたまる仕組みになっているのでスキマから出てくることがなく、子どもの爪を切る時も散らばらずに助かります！","0","354660-20251002-0022528653",""
"商品レビュー","【 楽天1位受賞★レビュー特典付き 】＼クーポンで最大20％OFF！／爪切り 高級 ケース付き つめきり 巻き爪 飛び散らない プラス 微粒やすり 飛び散り防止 滑り止め爪切り 手足用 高品質爪切り RP1 PKT3-2F","https://review.rakuten.co.jp/item/1/354660_10001158/epqr-i9atw-92jdmq_1_3575497022/","5","2025/10/06 9:16:07","","切った爪が飛ばなくて楽に爪切りできます！","0","354660-20251003-0143428955",""
"商品レビュー","【 楽天1位受賞★レビュー特典付き 】＼クーポンで最大20％OFF！／爪切り 高級 ケース付き つめきり 巻き爪 飛び散らない プラス 微粒やすり 飛び散り防止 滑り止め爪切り 手足用 高品質爪切り RP1 PKT3-2F","https://review.rakuten.co.jp/item/1/354660_10001158/epqr-i9a3q-73mfuv_1_3557923360/","5","2025/10/06 0:04:03","切れ味最高","デザインに惹かれて購入しましたが、使い心地が最高です。力を入れなくても切れてストレスなしです。","0","354660-20250923-0526525698",""
"商品レビュー","【 楽天1位受賞★レビュー特典付き 】＼クーポンで最大20％OFF！／爪切り 高級 ケース付き つめきり 巻き爪 飛び散らない プラス 微粒やすり 飛び散り防止 滑り止め爪切り 手足用 高品質爪切り RP1 PKT3-2F","https://review.rakuten.co.jp/item/1/354660_10001158/epqr-i9a36-nwxk_4_3565018458/","5","2025/10/05 21:09:06","爪に優しい","爪に負担が少なく、使用感に段満足です。
とてもよく切れて家族皆で使ってます。","0","354660-20250928-0000927807",""
"商品レビュー","【 楽天1位受賞★レビュー特典付き 】＼クーポンで最大20％OFF！／爪切り 高級 ケース付き つめきり 巻き爪 飛び散らない プラス 微粒やすり 飛び散り防止 滑り止め爪切り 手足用 高品質爪切り RP1 PKT3-2F","https://review.rakuten.co.jp/item/1/354660_10001158/epqr-i9a3o-sua8i_2_3550383136/","5","2025/10/05 7:12:02","これはオススメだと思います","今まで安い爪切りを、使っていました。
たまに買い替えたいなと思ってたのですが、なかなか行動に移せず今回楽天で探してみました。

結果　高級感があり、良く切れますしオススメだと思います
買って良かったです。
切った爪の飛び散りもありません。","0","354660-20250920-0045025140",""
"商品レビュー","【 楽天1位受賞★レビュー特典付き 】＼クーポンで最大20％OFF！／爪切り 高級 ケース付き つめきり 巻き爪 飛び散らない プラス 微粒やすり 飛び散り防止 滑り止め爪切り 手足用 高品質爪切り RP1 PKT3-2F","https://review.rakuten.co.jp/item/1/354660_10001158/epqr-i9a3g-ecfw1p_1_3524711863/","4","2025/09/21 17:11:09","しっかり切れて飛び散らない","使い心地は多少重いですがしっかりと切れて、爪が周囲に飛び散らないので良いです◎","0","354660-20250910-0432121557",""
"商品レビュー","【 楽天1位受賞★レビュー特典付き 】＼クーポンで最大20％OFF！／爪切り 高級 ケース付き つめきり 巻き爪 飛び散らない プラス 微粒やすり 飛び散り防止 滑り止め爪切り 手足用 高品質爪切り RP1 PKT3-2F","https://review.rakuten.co.jp/item/1/354660_10001158/epqr-i9a3m-c28rhv_1_3542232617/","5","2025/09/19 20:11:45","使いやすく保管しやすいです！","以前にも購入し、子供が使いやすいので同じ商品がいいと希望。綺麗に切れて爪磨きも付属、ケースに保管すると紛失しにくいとのことでお気に入りです。","0","354660-20250917-0325223850",""
"商品レビュー","【 楽天1位受賞★レビュー特典付き 】＼クーポンで最大20％OFF！／爪切り 高級 ケース付き つめきり 巻き爪 飛び散らない プラス 微粒やすり 飛び散り防止 滑り止め爪切り 手足用 高品質爪切り RP1 PKT3-2F","https://review.rakuten.co.jp/item/1/354660_10001158/epqr-i9a3g-eaoz3v_1_3529086039/","5","2025/09/15 17:05:20","世代交代","今まで使用していたのが30年以上前のでなんとか使用してました。やはり使い慣れたのが良くて買い換えを渋っていました。切れる事は切れるのですがなにせ年代物の為その後のヤスリがけに時間がかかり苦労していた所この商品に一目惚れして購入しましたが、思った以上で切れ味も良く大満足です。","0","354660-20250910-0425922258",""
"商品レビュー","【 楽天1位受賞★レビュー特典付き 】＼クーポンで最大20％OFF！／爪切り 高級 ケース付き つめきり 巻き爪 飛び散らない プラス 微粒やすり 飛び散り防止 滑り止め爪切り 手足用 高品質爪切り RP1 PKT3-2F","https://review.rakuten.co.jp/item/1/354660_10001158/epqr-i9a3g-es7ie2_1_3529227852/","4","2025/09/14 9:35:13","少し切りずらかった","慣れないせいか、少し切りずらかったですが切れ味はすごく良かったです！","0","354660-20250910-0467322313",""
"商品レビュー","【 楽天1位受賞★レビュー特典付き 】＼クーポンで最大20％OFF！／爪切り 高級 ケース付き つめきり 巻き爪 飛び散らない プラス 微粒やすり 飛び散り防止 滑り止め爪切り 手足用 高品質爪切り RP1 PKT3-2F","https://review.rakuten.co.jp/item/1/354660_10001158/epqr-i9aoc-g4638b_1_3426089512/","5","2025/09/11 18:00:31","","爪切りに寿命があるのを知らずにずっと使っていました。とっても切れやすくて、キレイに切れて大満足です。","0","354660-20250725-0663108267",""
"商品レビュー","【 楽天1位受賞★レビュー特典付き 】＼クーポンで最大20％OFF！／爪切り 高級 ケース付き つめきり 巻き爪 飛び散らない プラス 微粒やすり 飛び散り防止 滑り止め爪切り 手足用 高品質爪切り RP1 PKT3-2F","https://review.rakuten.co.jp/item/1/354660_10001158/epqr-i9a3d-dk9t6u_1_3514083683/","5","2025/09/09 12:32:39","切れ味が良い","今まで使った爪切りの中で一番切れ味が良い、切れ味が良いので切口がすっぱりしてるので付属のヤスリは少ししか使わなくて大丈夫&#11093;&#65039;です","0","354660-20250906-0388120637",""
"商品レビュー","【 楽天1位受賞★レビュー特典付き 】＼クーポンで最大20％OFF！／爪切り 高級 ケース付き つめきり 巻き爪 飛び散らない プラス 微粒やすり 飛び散り防止 滑り止め爪切り 手足用 高品質爪切り RP1 PKT3-2F","https://review.rakuten.co.jp/item/1/354660_10001158/epqr-i9a31-fuxmeh_1_3503448209/","5","2025/09/08 19:09:33","","Lは想像より大きかったですが、切れ味はいいです。切った爪がきちんとおさまってくれるほどの飛び散り防止ではないですが、今まで使っていたものより格段に使いやすいです！","0","354660-20250904-0594419735",""
"商品レビュー","【 楽天1位受賞★レビュー特典付き 】＼クーポンで最大20％OFF！／爪切り 高級 ケース付き つめきり 巻き爪 飛び散らない プラス 微粒やすり 飛び散り防止 滑り止め爪切り 手足用 高品質爪切り RP1 PKT3-2F","https://review.rakuten.co.jp/item/1/354660_10001158/epqr-i9a3c-2speoq_1_3508213305/","5","2025/09/08 16:08:53","","とっても使いやすくて満足です。飛び散らなくていい感じでした","0","354660-20250905-0830719895",""
"商品レビュー","【 楽天1位受賞★レビュー特典付き 】＼クーポンで最大20％OFF！／爪切り 高級 ケース付き つめきり 巻き爪 飛び散らない プラス 微粒やすり 飛び散り防止 滑り止め爪切り 手足用 高品質爪切り RP1 PKT3-2F","https://review.rakuten.co.jp/item/1/354660_10001158/epqr-i9a3c-j4iokn_1_3504633027/","4","2025/09/08 9:03:40","","ありがとうございました。大変助かりました。","0","354660-20250905-0904219759",""
"商品レビュー","【 楽天1位受賞★レビュー特典付き 】＼クーポンで最大20％OFF！／爪切り 高級 ケース付き つめきり 巻き爪 飛び散らない プラス 微粒やすり 飛び散り防止 滑り止め爪切り 手足用 高品質爪切り RP1 PKT3-2F","https://review.rakuten.co.jp/item/1/354660_10001158/epqr-i9a3c-k7q25x_1_3512166727/","5","2025/09/07 19:39:55","","すごく使いやすいです。
見た目も高級感があって良いです。","0","354660-20250905-0921520184",""
"商品レビュー","【 楽天1位受賞★レビュー特典付き 】＼クーポンで最大20％OFF！／爪切り 高級 ケース付き つめきり 巻き爪 飛び散らない プラス 微粒やすり 飛び散り防止 滑り止め爪切り 手足用 高品質爪切り RP1 PKT3-2F","https://review.rakuten.co.jp/item/1/354660_10001158/epqr-i9a3c-akt0a8_2_3509145357/","5","2025/09/07 19:33:59","もっと早く買えばよかったです！","初めて購入しましたが、とても切りやすく飛び散らずに助かります！爪切りという地味な作業ですが、イライラが減ります！","0","354660-20250905-0086920186",""
"商品レビュー","【 楽天1位受賞★レビュー特典付き 】＼クーポンで最大20％OFF！／爪切り 高級 ケース付き つめきり 巻き爪 飛び散らない プラス 微粒やすり 飛び散り防止 滑り止め爪切り 手足用 高品質爪切り RP1 PKT3-2F","https://review.rakuten.co.jp/item/1/354660_10001158/epqr-i9a84-1uybz3_1_3488370743/","5","2025/09/03 22:01:06","","今までの爪切りの中で圧倒的に爪が切りやすく飛び散らない。","0","354660-20250826-0292118389",""
"商品レビュー","【 楽天1位受賞★レビュー特典付き 】＼クーポンで最大20％OFF！／爪切り 高級 ケース付き つめきり 巻き爪 飛び散らない プラス 微粒やすり 飛び散り防止 滑り止め爪切り 手足用 高品質爪切り RP1 PKT3-2F","https://review.rakuten.co.jp/item/1/354660_10001158/epqr-i9ao9-fd9wpd_1_3418344327/","5","2025/09/01 9:43:46","","もうワンサイズ大きいの買えばよかった・・・","0","354660-20250722-0554407530",""
"商品レビュー","【 楽天1位受賞★レビュー特典付き 】＼クーポンで最大20％OFF！／爪切り 高級 ケース付き つめきり 巻き爪 飛び散らない プラス 微粒やすり 飛び散り防止 滑り止め爪切り 手足用 高品質爪切り RP1 PKT3-2F","https://review.rakuten.co.jp/item/1/354660_10001158/epqr-i9a8y-af0t93_2_3484218205/","5","2025/08/30 14:07:37","","切れ味抜群、重さも気になりません。
切っても静音。
小学生の爪の大きさに使用でもLサイズで大丈夫です。
ケースにヤスリとセットになっているので収納にも困りません。","0","354660-20250825-0075617809",""
"商品レビュー","【 楽天1位受賞★レビュー特典付き 】＼クーポンで最大20％OFF！／爪切り 高級 ケース付き つめきり 巻き爪 飛び散らない プラス 微粒やすり 飛び散り防止 滑り止め爪切り 手足用 高品質爪切り RP1 PKT3-2F","https://review.rakuten.co.jp/item/1/354660_10001158/epqr-i9a8y-lm0b42_1_3483575678/","4","2025/08/29 12:58:00","すぐ届きました","以前グレーを購入しましたが使い勝手が良かったので、リピートでブラックを購入。ブラックはちょっとテカテカしてます。切れ味が長く続くことを期待します。","0","354660-20250825-0996017413",""
"商品レビュー","【 楽天1位受賞★レビュー特典付き 】＼クーポンで最大20％OFF！／爪切り 高級 ケース付き つめきり 巻き爪 飛び散らない プラス 微粒やすり 飛び散り防止 滑り止め爪切り 手足用 高品質爪切り RP1 PKT3-2F","https://review.rakuten.co.jp/item/1/354660_10001158/epqr-i9a8y-iac7a9_1_3482065601/","5","2025/08/26 12:36:14","","よく切れるし、ヤスリ、ケース付きでいいです。
発送も早く助かりました。","0","354660-20250825-0727517414",""
"商品レビュー","【 楽天1位受賞★レビュー特典付き 】＼クーポンで最大20％OFF！／爪切り 高級 ケース付き つめきり 巻き爪 飛び散らない プラス 微粒やすり 飛び散り防止 滑り止め爪切り 手足用 高品質爪切り RP1 PKT3-2F","https://review.rakuten.co.jp/item/1/354660_10001158/epqr-i9a86-dt8xuj_1_3475510247/","4","2025/08/24 22:24:53","思ったよりも力が必要","爪が飛び散らなくて良いです！
思ったよりも、軽い力では切れないかな…
大事に使わせていただきます！","0","354660-20250820-0409215650",""
"商品レビュー","【 楽天1位受賞★レビュー特典付き 】＼クーポンで最大20％OFF！／爪切り 高級 ケース付き つめきり 巻き爪 飛び散らない プラス 微粒やすり 飛び散り防止 滑り止め爪切り 手足用 高品質爪切り RP1 PKT3-2F","https://review.rakuten.co.jp/item/1/354660_10001158/epqr-i9a8s-f8alfi_1_3471287215/","5","2025/08/22 13:52:22","","切れ味がいいです。デザイン、カラーも選べるので満足です。大切に使います。","0","354660-20250818-0581214864",""
"商品レビュー","【 楽天1位受賞★レビュー特典付き 】＼クーポンで最大20％OFF！／爪切り 高級 ケース付き つめきり 巻き爪 飛び散らない プラス 微粒やすり 飛び散り防止 滑り止め爪切り 手足用 高品質爪切り RP1 PKT3-2F","https://review.rakuten.co.jp/item/1/354660_10001158/epqr-i9aof-bxfy15_1_3431889239/","5","2025/08/21 10:04:32","コンパクトで良い！","良く切れ切カスも飛び散らない良い爪切りです","0","354660-20250729-0235609074",""
"商品レビュー","【 楽天1位受賞★レビュー特典付き 】＼クーポンで最大20％OFF！／爪切り 高級 ケース付き つめきり 巻き爪 飛び散らない プラス 微粒やすり 飛び散り防止 滑り止め爪切り 手足用 高品質爪切り RP1 PKT3-2F","https://review.rakuten.co.jp/item/1/354660_10001158/epqr-i9a8r-hzv0gl_1_3468483499/","5","2025/08/19 17:24:36","軽く切れて、クズ処理まで安心です","なにしろ、爪切りに力がいらない！
爪のクズが外部にこぼれない！
７５歳で要介護５の私が何の不安も無く使用出来ています。
市販の爪切りだと、爪のクズカバー？が付いていますが、傾けると隙間から外にこぼれてしまいます。
この爪切りのクズは、逆さまにでもしない限りこぼれないです。
切り口は、ほぼヤスリかけ不要なほどキレイです。
ヤスリが１本附属していますが、私は爪の表面削りに使っています。
段差が無くなりスッキリします。","0","354660-20250816-0725314552",""
"商品レビュー","【 楽天1位受賞★レビュー特典付き 】＼クーポンで最大20％OFF！／爪切り 高級 ケース付き つめきり 巻き爪 飛び散らない プラス 微粒やすり 飛び散り防止 滑り止め爪切り 手足用 高品質爪切り RP1 PKT3-2F","https://review.rakuten.co.jp/item/1/354660_10001158/epqr-i9a85-bx8wip_1_3457162130/","5","2025/08/17 9:33:31","","今までの爪切りがダメ過ぎたと痛感しました^^;
切れ味も良いし、切った爪も飛ばないし、とっても良い買い物ができました！
注文番号：354660-20250810-0236213301","0","354660-20250810-0236213301",""
"商品レビュー","【 楽天1位受賞★レビュー特典付き 】＼クーポンで最大20％OFF！／爪切り 高級 ケース付き つめきり 巻き爪 飛び散らない プラス 微粒やすり 飛び散り防止 滑り止め爪切り 手足用 高品質爪切り RP1 PKT3-2F","https://review.rakuten.co.jp/item/1/354660_10001158/epqr-i9ao0-7mxrcm_1_3414154641/","5","2025/08/13 14:48:05","満足です","使用していた爪切りの切れ味が悪く購入しました。使い心地最高です。
爪も飛び散らかることなく捨てやすいです。","0","354660-20250720-0513807173",""
"商品レビュー","【 楽天1位受賞★レビュー特典付き 】＼クーポンで最大20％OFF！／爪切り 高級 ケース付き つめきり 巻き爪 飛び散らない プラス 微粒やすり 飛び散り防止 滑り止め爪切り 手足用 高品質爪切り RP1 PKT3-2F","https://review.rakuten.co.jp/item/1/354660_10001158/epqr-i9aoc-c86kea_1_3425321495/","5","2025/08/05 12:37:08","","合宿等で必要になるため子ども用に購入。
ケース入りなので持ち運びもでき便利です。","0","354660-20250725-0340608493",""
"商品レビュー","【 楽天1位受賞★レビュー特典付き 】＼クーポンで最大20％OFF！／爪切り 高級 ケース付き つめきり 巻き爪 飛び散らない プラス 微粒やすり 飛び散り防止 滑り止め爪切り 手足用 高品質爪切り RP1 PKT3-2F","https://review.rakuten.co.jp/item/1/354660_10001158/epqr-i9ao7-iz4xd5_1_3430705744/","5","2025/07/30 15:55:31","買って良かった","使い易くて良く切れます。ケース付きなので保管ができて良いです。また、ニッパが安く購入することができて良かったです。","0","354660-20250728-0786008682",""
"商品レビュー","【 楽天1位受賞★レビュー特典付き 】＼クーポンで最大20％OFF！／爪切り 高級 ケース付き つめきり 巻き爪 飛び散らない プラス 微粒やすり 飛び散り防止 滑り止め爪切り 手足用 高品質爪切り RP1 PKT3-2F","https://review.rakuten.co.jp/item/1/354660_10001158/epqr-i9ao0-kdz93e_1_3411609439/","4","2025/07/23 11:48:35","","購入後 翌日に到着しました 
素早い発送ありがとうございました","0","354660-20250720-0918706795",""
"商品レビュー","【 楽天1位受賞★レビュー特典付き 】＼クーポンで最大20％OFF！／爪切り 高級 ケース付き つめきり 巻き爪 飛び散らない プラス 微粒やすり 飛び散り防止 滑り止め爪切り 手足用 高品質爪切り RP1 PKT3-2F","https://review.rakuten.co.jp/item/1/354660_10001158/epqr-i9an4-le7iwv_1_3408068301/","5","2025/07/20 22:35:12","","脚爪、指爪 全てキレイにパッチン
切れましたぁ&#12336; 切れ味も良く、
小さめでお洒落・長く、使いまぁーすぅ（笑）","0","354660-20250718-0979606074",""
"商品レビュー","【 楽天1位受賞★レビュー特典付き 】＼クーポンで最大20％OFF！／爪切り 高級 ケース付き つめきり 巻き爪 飛び散らない プラス 微粒やすり 飛び散り防止 滑り止め爪切り 手足用 高品質爪切り RP1 PKT3-2F","https://review.rakuten.co.jp/item/1/354660_10001158/epqr-i9any-7klt6t_1_3405900675/","4","2025/07/19 4:58:17","迅速","高級感があってとてもよいとおもいます
ニッパーも購入したのですが、全て同じ箱になればさらにGoodです","0","354660-20250717-0509706171",""
"商品レビュー","【 楽天1位受賞★レビュー特典付き 】＼クーポンで最大20％OFF！／爪切り 高級 ケース付き つめきり 巻き爪 飛び散らない プラス 微粒やすり 飛び散り防止 滑り止め爪切り 手足用 高品質爪切り RP1 PKT3-2F","https://review.rakuten.co.jp/item/1/354660_10001158/epqr-i9am1-ju4ox6_1_3338817799/","5","2025/07/17 12:46:37","","切れすぎて怖いくらいよく切れます。切り口も綺麗でやする必要がないくらい。お気に入りです。","0","354660-20250616-0896848732",""
"商品レビュー","【 楽天1位受賞★レビュー特典付き 】＼クーポンで最大20％OFF！／爪切り 高級 ケース付き つめきり 巻き爪 飛び散らない プラス 微粒やすり 飛び散り防止 滑り止め爪切り 手足用 高品質爪切り RP1 PKT3-2F","https://review.rakuten.co.jp/item/1/354660_10001158/epqr-i9ans-7q59yk_1_3390674616/","5","2025/07/14 16:42:45","","爪を切ったときの衝撃が控えめなので、切った時に爪が割れてしまうことが無さそうでいい感じです。
ケースや見た目もよく、爪のゴミが溜まる部分の機構もはじめて見る形ですが使いやすかったです。","0","354660-20250710-0523204179",""
"商品レビュー","【 楽天1位受賞★レビュー特典付き 】＼クーポンで最大20％OFF！／爪切り 高級 ケース付き つめきり 巻き爪 飛び散らない プラス 微粒やすり 飛び散り防止 滑り止め爪切り 手足用 高品質爪切り RP1 PKT3-2F","https://review.rakuten.co.jp/item/1/354660_10001158/epqr-i9anp-hkpqp_2_3381383891/","4","2025/07/13 7:06:33","まあまあ","何度か使用した感想です
普通に問題なく切れます
細かい箇所は切りにくいです","0","354660-20250705-0019203681",""
"商品レビュー","【 楽天1位受賞★レビュー特典付き 】＼クーポンで最大20％OFF！／爪切り 高級 ケース付き つめきり 巻き爪 飛び散らない プラス 微粒やすり 飛び散り防止 滑り止め爪切り 手足用 高品質爪切り RP1 PKT3-2F","https://review.rakuten.co.jp/item/1/354660_10001158/epqr-i9aml-f2br10_1_3364432672/","5","2025/07/09 11:14:54","","プレゼント用で購入しました。おしゃれだし使い勝手もよさそうでした！","0","354660-20250628-0566201808",""
"商品レビュー","【 楽天1位受賞★レビュー特典付き 】＼クーポンで最大20％OFF！／爪切り 高級 ケース付き つめきり 巻き爪 飛び散らない プラス 微粒やすり 飛び散り防止 滑り止め爪切り 手足用 高品質爪切り RP1 PKT3-2F","https://review.rakuten.co.jp/item/1/354660_10001158/epqr-i9anm-j5zemj_1_3369423227/","4","2025/07/04 9:42:35","すぐ届きました","グレーを購入しましたが落ち着いた色合いでよかったです。爪くずのふたを閉めると、爪切りのレバーが使えるようになる仕掛けは良いと思います。切れ味が長く続くことを期待します。","0","354660-20250701-0878402210",""
"商品レビュー","【 楽天1位受賞★レビュー特典付き 】＼クーポンで最大20％OFF！／爪切り 高級 ケース付き つめきり 巻き爪 飛び散らない プラス 微粒やすり 飛び散り防止 滑り止め爪切り 手足用 高品質爪切り RP1 PKT3-2F","https://review.rakuten.co.jp/item/1/354660_10001158/epqr-i9am2-hpxded_1_3355100510/","5","2025/06/30 8:07:14","","爪の収納のところが画期的で驚きました。切れ味は普通です。","0","354660-20250625-0701900898",""
"商品レビュー","【 楽天1位受賞★レビュー特典付き 】＼クーポンで最大20％OFF！／爪切り 高級 ケース付き つめきり 巻き爪 飛び散らない プラス 微粒やすり 飛び散り防止 滑り止め爪切り 手足用 高品質爪切り RP1 PKT3-2F","https://review.rakuten.co.jp/item/1/354660_10001158/epqr-i9al3-jrvc33_1_3292837787/","4","2025/06/17 12:23:27","","高級感がある爪切りです。
切れ味抜群かというと普通の爪切りと変わらないかなと思います。","0","354660-20250601-0888244333",""
"商品レビュー","【 楽天1位受賞★レビュー特典付き 】＼クーポンで最大20％OFF！／爪切り 高級 ケース付き つめきり 巻き爪 飛び散らない プラス 微粒やすり 飛び散り防止 滑り止め爪切り 手足用 高品質爪切り RP1 PKT3-2F","https://review.rakuten.co.jp/item/1/354660_10001158/epqr-i9ama-dwyyrt_1_3333432150/","5","2025/06/16 23:50:55","","プレゼント用と自分用に2個買いました。
二枚爪にならないので助かります！買って良かったです。","0","354660-20250613-0416448459",""
"商品レビュー","【 楽天1位受賞★レビュー特典付き 】＼クーポンで最大20％OFF！／爪切り 高級 ケース付き つめきり 巻き爪 飛び散らない プラス 微粒やすり 飛び散り防止 滑り止め爪切り 手足用 高品質爪切り RP1 PKT3-2F","https://review.rakuten.co.jp/item/1/354660_10001158/epqr-i9ajp-bm41c2_1_3282606065/","5","2025/06/15 22:45:58","","今までは100均のものを使っていたので全然違うなと思いました。
思い切って購入してみて良かったです。","0","354660-20250525-0211543681",""
"商品レビュー","【 楽天1位受賞★レビュー特典付き 】＼クーポンで最大20％OFF！／爪切り 高級 ケース付き つめきり 巻き爪 飛び散らない プラス 微粒やすり 飛び散り防止 滑り止め爪切り 手足用 高品質爪切り RP1 PKT3-2F","https://review.rakuten.co.jp/item/1/354660_10001158/epqr-i9ahf-cl2m1x_1_3173362034/","5","2025/06/15 0:53:40","よく切れます","爪切りの買替えで購入しました。切れ味良く、気持ち良く使えてます。","0","354660-20250405-0329833472",""
"商品レビュー","【 楽天1位受賞★レビュー特典付き 】＼クーポンで最大20％OFF！／爪切り 高級 ケース付き つめきり 巻き爪 飛び散らない プラス 微粒やすり 飛び散り防止 滑り止め爪切り 手足用 高品質爪切り RP1 PKT3-2F","https://review.rakuten.co.jp/item/1/354660_10001158/epqr-i9al4-fq0ktz_1_3321957135/","5","2025/06/12 1:24:50","","今まで使っていた爪切りより断然いいです。","0","354660-20250610-0582847199",""
"商品レビュー","【 楽天1位受賞★レビュー特典付き 】＼クーポンで最大20％OFF！／爪切り 高級 ケース付き つめきり 巻き爪 飛び散らない プラス 微粒やすり 飛び散り防止 滑り止め爪切り 手足用 高品質爪切り RP1 PKT3-2F","https://review.rakuten.co.jp/item/1/354660_10001158/epqr-i9ajn-1nyo1d_1_3275388338/","5","2025/05/30 11:54:30","","とても切りやすかったです。もっと早く購入をしていれば良かったと思います。","0","354660-20250523-0275343126",""
"商品レビュー","【 楽天1位受賞★レビュー特典付き 】＼クーポンで最大20％OFF！／爪切り 高級 ケース付き つめきり 巻き爪 飛び散らない プラス 微粒やすり 飛び散り防止 滑り止め爪切り 手足用 高品質爪切り RP1 PKT3-2F","https://review.rakuten.co.jp/item/1/354660_10001158/epqr-i9aj8-dsy6o6_1_3283539652/","5","2025/05/29 6:34:51","買い替","サクサクよく切れます。色はグレーを選びましたが、質感も良く満足です。爪研ぎも付属しており、研ぎやすいです。箱に入っているので、紛失予防にもなります。ニッパはまだ使用していませんが、使用するのが楽しみです。全体的に大満足です。","0","354660-20250526-0408043756",""
"商品レビュー","【 楽天1位受賞★レビュー特典付き 】＼クーポンで最大20％OFF！／爪切り 高級 ケース付き つめきり 巻き爪 飛び散らない プラス 微粒やすり 飛び散り防止 滑り止め爪切り 手足用 高品質爪切り RP1 PKT3-2F","https://review.rakuten.co.jp/item/1/354660_10001158/epqr-i9ajp-j0s9yu_1_3281078454/","5","2025/05/29 0:45:53","めちゃいいです","非常に使いやすく高級感もあり良かった
削りの方も使いやすかった","0","354660-20250525-0847743329",""
"商品レビュー","【 楽天1位受賞★レビュー特典付き 】＼クーポンで最大20％OFF！／爪切り 高級 ケース付き つめきり 巻き爪 飛び散らない プラス 微粒やすり 飛び散り防止 滑り止め爪切り 手足用 高品質爪切り RP1 PKT3-2F","https://review.rakuten.co.jp/item/1/354660_10001158/epqr-i9ajp-1zgo0h_1_3283154388/","4","2025/05/28 8:14:48","","子供用に小さいものを探していたので、ちょうどよく購入しました。
重さもある程度あるので、持ち心地が良いです。","0","354660-20250525-0301143755",""
"商品レビュー","【 楽天1位受賞★レビュー特典付き 】＼クーポンで最大20％OFF！／爪切り 高級 ケース付き つめきり 巻き爪 飛び散らない プラス 微粒やすり 飛び散り防止 滑り止め爪切り 手足用 高品質爪切り RP1 PKT3-2F","https://review.rakuten.co.jp/item/1/354660_10001158/epqr-i9ajh-7yur2g_1_3258452402/","4","2025/05/20 20:44:46","","母の為に購入しました。
訪問看護の時に爪を切って貰う事があるのですが、その時の為に大きめの爪切りを探していて、こちらの商品にしました。","0","354660-20250515-0540541342",""
"商品レビュー","【 楽天1位受賞★レビュー特典付き 】＼クーポンで最大20％OFF！／爪切り 高級 ケース付き つめきり 巻き爪 飛び散らない プラス 微粒やすり 飛び散り防止 滑り止め爪切り 手足用 高品質爪切り RP1 PKT3-2F","https://review.rakuten.co.jp/item/1/354660_10001158/epqr-i9ajh-bp3b5x_1_3257342521/","5","2025/05/20 12:54:26","","仕事がら、爪のお手入れが欠かせないのでとても良いです","0","354660-20250515-0217841432",""
"商品レビュー","【 楽天1位受賞★レビュー特典付き 】＼クーポンで最大20％OFF！／爪切り 高級 ケース付き つめきり 巻き爪 飛び散らない プラス 微粒やすり 飛び散り防止 滑り止め爪切り 手足用 高品質爪切り RP1 PKT3-2F","https://review.rakuten.co.jp/item/1/354660_10001158/epqr-i9aj7-91q2e1_1_3252992708/","5","2025/05/16 14:07:31","","今まで、家にあった適当な爪切りを使用していました。切り終えたあと尖った感じがありましたが、こちらの商品で爪を切ると切り口が滑らかな感じがします。","0","354660-20250512-0128741008",""
"商品レビュー","【 楽天1位受賞★レビュー特典付き 】＼クーポンで最大20％OFF！／爪切り 高級 ケース付き つめきり 巻き爪 飛び散らない プラス 微粒やすり 飛び散り防止 滑り止め爪切り 手足用 高品質爪切り RP1 PKT3-2F","https://review.rakuten.co.jp/item/1/354660_10001158/epqr-i9ahy-czf06a_1_3224639237/","5","2025/05/13 21:43:32","とても気に入った商品です","プレゼントで気に入ってくれたので別の家族にもプレゼント。また喜んでいただけました。","0","354660-20250429-0361538353",""
"商品レビュー","【 楽天1位受賞★レビュー特典付き 】＼クーポンで最大20％OFF！／爪切り 高級 ケース付き つめきり 巻き爪 飛び散らない プラス 微粒やすり 飛び散り防止 滑り止め爪切り 手足用 高品質爪切り RP1 PKT3-2F","https://review.rakuten.co.jp/item/1/354660_10001158/epqr-i9ahw-7tsz8v_1_3221883262/","3","2025/05/13 12:25:03","良い点と良くない点あり","コンビニやドラッグストアで買えるつめきりだとキレイに切れなかったり、二枚爪になるなど難点だらけなのでこちらを購入しました。パワーはあるのですが若干切りづらい。もう少し弱い力で安全に楽に切れる爪切りだと良かったのですが自分では重くて切りづらいです。でも付属品のやすりや爪垢取りは良かったです。ニッパーは重くて使い勝手良くなかったです。","0","354660-20250427-0530338278",""
"商品レビュー","【 楽天1位受賞★レビュー特典付き 】＼クーポンで最大20％OFF！／爪切り 高級 ケース付き つめきり 巻き爪 飛び散らない プラス 微粒やすり 飛び散り防止 滑り止め爪切り 手足用 高品質爪切り RP1 PKT3-2F","https://review.rakuten.co.jp/item/1/354660_10001158/epqr-i9ahw-fuc0jn_1_3222091577/","4","2025/05/05 1:13:11","","とても扱いやすく満足してます！
皆さんも是非！","0","354660-20250427-0593138251",""
"商品レビュー","【 楽天1位受賞★レビュー特典付き 】＼クーポンで最大20％OFF！／爪切り 高級 ケース付き つめきり 巻き爪 飛び散らない プラス 微粒やすり 飛び散り防止 滑り止め爪切り 手足用 高品質爪切り RP1 PKT3-2F","https://review.rakuten.co.jp/item/1/354660_10001158/epqr-i9a2y-1nudho_1_3228007350/","5","2025/05/02 14:36:11","","切れ味がとても良いです。切った後の爪の断面がザラザラしないのがとても驚きました。爪ポケットも使い勝手がグッド。付属のヤスリもよく削れます。ただ爪ポケットが破損すると、構造的に爪が切れなくなるので取り扱いには注意しましょう。","0","354660-20250501-0275138624",""
"商品レビュー","【 楽天1位受賞★レビュー特典付き 】＼クーポンで最大20％OFF！／爪切り 高級 ケース付き つめきり 巻き爪 飛び散らない プラス 微粒やすり 飛び散り防止 滑り止め爪切り 手足用 高品質爪切り RP1 PKT3-2F","https://review.rakuten.co.jp/item/1/354660_10001158/epqr-i9ahf-9t64td_1_3168828072/","5","2025/05/02 12:45:33","気持ちよく切れる","爪やすりで削っていましたが体調を崩してからそれが大変疲れる作業になってしまいました。久々に爪切りを使ったら切れ味が悪くてイライラ。爪切りというより押し潰される感じでした。思い切ってお金を出してちゃんとしたものを買おうとこちらを選びました。おかげさまで爪の手入れがかなり楽です。軽い力ですぱっと気持ちよく切れます。爪を切った時の飛び散りなどもなく、ごみも取りやすいです。色も選べるのが嬉しかったです。","0","354660-20250405-0167633394",""
"商品レビュー","【 楽天1位受賞★レビュー特典付き 】＼クーポンで最大20％OFF！／爪切り 高級 ケース付き つめきり 巻き爪 飛び散らない プラス 微粒やすり 飛び散り防止 滑り止め爪切り 手足用 高品質爪切り RP1 PKT3-2F","https://review.rakuten.co.jp/item/1/354660_10001158/epqr-i9ahf-f087yr_1_3174297398/","4","2025/04/29 20:02:30","","今まで使っていた爪切りより切れ味は良いと思います。付属のやすりが最初から傷ついていました。。。","0","354660-20250405-0545233596",""
"商品レビュー","【 楽天1位受賞★レビュー特典付き 】＼クーポンで最大20％OFF！／爪切り 高級 ケース付き つめきり 巻き爪 飛び散らない プラス 微粒やすり 飛び散り防止 滑り止め爪切り 手足用 高品質爪切り RP1 PKT3-2F","https://review.rakuten.co.jp/item/1/354660_10001158/epqr-i9ahq-lfucyt_1_3204048110/","5","2025/04/29 12:25:26","デザイン、切れ味、コスパ最高","プレゼントで購入し、試し切りしましたがとても使いやすくよく切れ、コスパ最高です。","0","354660-20250419-0983936079",""
"商品レビュー","【 楽天1位受賞★レビュー特典付き 】＼クーポンで最大20％OFF！／爪切り 高級 ケース付き つめきり 巻き爪 飛び散らない プラス 微粒やすり 飛び散り防止 滑り止め爪切り 手足用 高品質爪切り RP1 PKT3-2F","https://review.rakuten.co.jp/item/1/354660_10001158/epqr-i9ah8-1ku5t1_1_3201490037/","5","2025/04/21 3:56:37","爪くず入れのおかげ","爪くず入れのおかげで、爪が飛ぶ心配がなくなりました。切れ味も最高でした。","0","354660-20250418-0268436272",""
"商品レビュー","【 楽天1位受賞★レビュー特典付き 】＼クーポンで最大20％OFF！／爪切り 高級 ケース付き つめきり 巻き爪 飛び散らない プラス 微粒やすり 飛び散り防止 滑り止め爪切り 手足用 高品質爪切り RP1 PKT3-2F","https://review.rakuten.co.jp/item/1/354660_10001158/epqr-i9ah8-7fu6q8_1_3202181543/","4","2025/04/20 16:06:54","","早い対応ありがとうございます
切れ味は申し分無いです
色がシャンパンゴールドと言うよりシルバーに近いかなぁ？そこが星一つマイナスです","0","354660-20250418-0500236114",""
"商品レビュー","【 楽天1位受賞★レビュー特典付き 】＼クーポンで最大20％OFF！／爪切り 高級 ケース付き つめきり 巻き爪 飛び散らない プラス 微粒やすり 飛び散り防止 滑り止め爪切り 手足用 高品質爪切り RP1 PKT3-2F","https://review.rakuten.co.jp/item/1/354660_10001158/epqr-i9a7v-azc4lm_1_3135600850/","4","2025/04/19 15:44:10","ホントだった","本当に95%の爪が飛び散りません&#10071;&#65039;
ストレスが減りました
切れ味も抜群です","0","354660-20250318-0119530673",""
"商品レビュー","【 楽天1位受賞★レビュー特典付き 】＼クーポンで最大20％OFF！／爪切り 高級 ケース付き つめきり 巻き爪 飛び散らない プラス 微粒やすり 飛び散り防止 滑り止め爪切り 手足用 高品質爪切り RP1 PKT3-2F","https://review.rakuten.co.jp/item/1/354660_10001158/epqr-i9ahi-2v3j23_1_3179179625/","5","2025/04/14 20:41:51","","妹が使っていて凄くいいよとの事で購入しましたが本当によかったです。切ったあともざらざらにならないからやすり使わなくてもいいので子供の爪切るのに最高でした。切った爪が飛び散らないのも良かったです。","0","354660-20250408-0837633805",""
"商品レビュー","【 楽天1位受賞★レビュー特典付き 】＼クーポンで最大20％OFF！／爪切り 高級 ケース付き つめきり 巻き爪 飛び散らない プラス 微粒やすり 飛び散り防止 滑り止め爪切り 手足用 高品質爪切り RP1 PKT3-2F","https://review.rakuten.co.jp/item/1/354660_10001158/epqr-i9ahi-20gcm5_1_3179085051/","5","2025/04/10 13:01:42","","シャンパンゴールドＬサイズ。購入。
口コミ数が多く、高評価なので、期待大で、購入しました。爪切り、何年も、購入していませんでした。
少し重みがある爪切り、切っている時、爪ゴミが出ない、切り終わった後捨てるという、なんて、良くできた爪切りだろうと思います。
とても、綺麗に切れるので、やすりは、使用しませんでしたが、ケースも付いていて、この価格は、嬉しい。","0","354660-20250408-0786533958",""
"商品レビュー","【 楽天1位受賞★レビュー特典付き 】＼クーポンで最大20％OFF！／爪切り 高級 ケース付き つめきり 巻き爪 飛び散らない プラス 微粒やすり 飛び散り防止 滑り止め爪切り 手足用 高品質爪切り RP1 PKT3-2F","https://review.rakuten.co.jp/item/1/354660_10001158/epqr-i9ahg-2aqkwb_1_3175220704/","5","2025/04/09 13:10:25","","脳梗塞で左手の自由と握力が落ちたが、刃の位置と握りを上手く位置取れば爪を切れたので良かったです。","0","354660-20250406-0788833551",""
"商品レビュー","【 楽天1位受賞★レビュー特典付き 】＼クーポンで最大20％OFF！／爪切り 高級 ケース付き つめきり 巻き爪 飛び散らない プラス 微粒やすり 飛び散り防止 滑り止め爪切り 手足用 高品質爪切り RP1 PKT3-2F","https://review.rakuten.co.jp/item/1/354660_10001158/epqr-i9afa-d0rhrn_1_3152273402/","4","2025/04/05 10:37:49","切った爪がほぼ飛び散らない！！","少し重いですが切れ味良くて良いですね！
そして爪が飛び散らないので、赤ちゃんの爪を切るのに使ってます。
今までの爪切りだと爪が飛んで服や布団に落ちたので、赤ちゃんの爪鋭利でそして肌は弱いので傷ついてしまうし、毎回切ったらコロコロしてたので飛び散らないのがとてつもなく嬉しいです！！
ついで購入でニッパーも買いましたー
一緒に購入で一緒に入るケースやったらより良かったです
使うたびに2つ開けてなおしてしないとなので…面倒。","0","354660-20250325-0363931939",""
"商品レビュー","【 楽天1位受賞★レビュー特典付き 】＼クーポンで最大20％OFF！／爪切り 高級 ケース付き つめきり 巻き爪 飛び散らない プラス 微粒やすり 飛び散り防止 滑り止め爪切り 手足用 高品質爪切り RP1 PKT3-2F","https://review.rakuten.co.jp/item/1/354660_10001158/epqr-i9afe-jkprrx_1_3161503111/","5","2025/04/05 6:33:16","","すぐに届きました。スタイリッシュで使いやすさもとてもいいです。ケースがなくてもおしゃれですがケースもおしゃれなので置いておくのにとてもいいです。買ってよかった。","0","354660-20250331-0872732480",""
"商品レビュー","【 楽天1位受賞★レビュー特典付き 】＼クーポンで最大20％OFF！／爪切り 高級 ケース付き つめきり 巻き爪 飛び散らない プラス 微粒やすり 飛び散り防止 滑り止め爪切り 手足用 高品質爪切り RP1 PKT3-2F","https://review.rakuten.co.jp/item/1/354660_10001158/epqr-i9adc-kbjvzr_1_3073394933/","3","2025/04/03 12:32:00","","切れ味は良いです。ヤスリは一体になっている方が使い易いかも？年寄りなのでもう少し柔らかく、サイズも長いと良かった。","0","354660-20250221-0912724836",""
"商品レビュー","【 楽天1位受賞★レビュー特典付き 】＼クーポンで最大20％OFF！／爪切り 高級 ケース付き つめきり 巻き爪 飛び散らない プラス 微粒やすり 飛び散り防止 滑り止め爪切り 手足用 高品質爪切り RP1 PKT3-2F","https://review.rakuten.co.jp/item/1/354660_10001158/epqr-i9afa-i32w7s_1_3149656842/","5","2025/03/27 17:28:30","良く切れる刃","此方のは発送通知から１日で到着してました関東方面の身内へのプレゼントとしました、切りクズ箱的なのが良いでしたので購入したです","0","354660-20250325-0768231530",""
"商品レビュー","【 楽天1位受賞★レビュー特典付き 】＼クーポンで最大20％OFF！／爪切り 高級 ケース付き つめきり 巻き爪 飛び散らない プラス 微粒やすり 飛び散り防止 滑り止め爪切り 手足用 高品質爪切り RP1 PKT3-2F","https://review.rakuten.co.jp/item/1/354660_10001158/epqr-i9ac3-9o3q5c_1_3039888522/","4","2025/03/27 16:37:50","リピートです","数年前に購入して愛用しているものと同じ色違いを進学で家を出る息子のために購入
風呂上りなど爪が柔らかくなっているときに切りますが、割れたりささくれたりせずきれいに切れます。","0","354660-20250205-0155721533",""
"商品レビュー","【 楽天1位受賞★レビュー特典付き 】＼クーポンで最大20％OFF！／爪切り 高級 ケース付き つめきり 巻き爪 飛び散らない プラス 微粒やすり 飛び散り防止 滑り止め爪切り 手足用 高品質爪切り RP1 PKT3-2F","https://review.rakuten.co.jp/item/1/354660_10001158/epqr-i9a7x-gi1ouy_1_3137667197/","4","2025/03/26 19:22:29","","使い易く、爪の切り跡も滑らかで最高です！","0","354660-20250320-0625030773",""
"商品レビュー","【 楽天1位受賞★レビュー特典付き 】＼クーポンで最大20％OFF！／爪切り 高級 ケース付き つめきり 巻き爪 飛び散らない プラス 微粒やすり 飛び散り防止 滑り止め爪切り 手足用 高品質爪切り RP1 PKT3-2F","https://review.rakuten.co.jp/item/1/354660_10001158/epqr-i9a7z-f2iw2j_1_3144848074/","5","2025/03/25 21:03:49","","まだ使っては居ませんがすぐ届いて爪を切るのが楽しみです。","0","354660-20250323-0566631122",""
"商品レビュー","【 楽天1位受賞★レビュー特典付き 】＼クーポンで最大20％OFF！／爪切り 高級 ケース付き つめきり 巻き爪 飛び散らない プラス 微粒やすり 飛び散り防止 滑り止め爪切り 手足用 高品質爪切り RP1 PKT3-2F","https://review.rakuten.co.jp/item/1/354660_10001158/epqr-i9ab9-9ztuj9_1_2986617363/","5","2025/03/20 15:10:48","いい","配送が早く、梱包もきれいで、おすすめです！","0","354660-20250110-0181016714",""
"商品レビュー","【 楽天1位受賞★レビュー特典付き 】＼クーポンで最大20％OFF！／爪切り 高級 ケース付き つめきり 巻き爪 飛び散らない プラス 微粒やすり 飛び散り防止 滑り止め爪切り 手足用 高品質爪切り RP1 PKT3-2F","https://review.rakuten.co.jp/item/1/354660_10001158/epqr-i9a7m-kplij3_1_3099034686/","5","2025/03/10 9:00:47","","ゾンデが想像以上にユーティリティ溢れていて、これだけで買って良かったと思えるのに、爪切りもかつてない使いやすさ。
妻と私では、爪切りに求める機能が異なるので、このセットがとても有難いです。
安い買い物ではないけど、損は無いです！
買うならば単品購入よりもセット購入の方が良いと思いますね。","0","354660-20250305-0943027153",""
"商品レビュー","【 楽天1位受賞★レビュー特典付き 】＼クーポンで最大20％OFF！／爪切り 高級 ケース付き つめきり 巻き爪 飛び散らない プラス 微粒やすり 飛び散り防止 滑り止め爪切り 手足用 高品質爪切り RP1 PKT3-2F","https://review.rakuten.co.jp/item/1/354660_10001158/epqr-i9adf-jdpx0e_1_3080802038/","5","2025/03/05 13:52:38","かっこいいー！","驚くほどの切れ味！と言うわけではないですが、切りやすく飛び散らず、何より渋くてカッコいいです！","0","354660-20250225-0857625415",""
"商品レビュー","【 楽天1位受賞★レビュー特典付き 】＼クーポンで最大20％OFF！／爪切り 高級 ケース付き つめきり 巻き爪 飛び散らない プラス 微粒やすり 飛び散り防止 滑り止め爪切り 手足用 高品質爪切り RP1 PKT3-2F","https://review.rakuten.co.jp/item/1/354660_10001158/epqr-i9act-ijkg7a_1_3045831473/","5","2025/02/24 18:34:13","","とても良い商品でした！また利用します！。","0","354660-20250207-0749821825",""
"商品レビュー","【 楽天1位受賞★レビュー特典付き 】＼クーポンで最大20％OFF！／爪切り 高級 ケース付き つめきり 巻き爪 飛び散らない プラス 微粒やすり 飛び散り防止 滑り止め爪切り 手足用 高品質爪切り RP1 PKT3-2F","https://review.rakuten.co.jp/item/1/354660_10001158/epqr-i9ad1-laj35t_1_3069760792/","5","2025/02/23 17:30:04","","使うのがもったいないくらい高級感あります。","0","354660-20250220-0969824691",""
"商品レビュー","【 楽天1位受賞★レビュー特典付き 】＼クーポンで最大20％OFF！／爪切り 高級 ケース付き つめきり 巻き爪 飛び散らない プラス 微粒やすり 飛び散り防止 滑り止め爪切り 手足用 高品質爪切り RP1 PKT3-2F","https://review.rakuten.co.jp/item/1/354660_10001158/epqr-i9acv-1uelz7_1_3050920682/","5","2025/02/14 14:41:53","","注文後４日程で届きました。
爪切りは施設に居る母に。
手が不自由になっているので施設の方に切ってもらうのですが使いやすいと好評です。
ニッパーは自分用です。手足共にハードジェルをのせてますので足の爪が伸びた時に使用してます。最初はおっかなびっくりでしたが慣れると細かい調整も出来て使いやすいです。","0","354660-20250210-0290922164",""
"商品レビュー","【 楽天1位受賞★レビュー特典付き 】＼クーポンで最大20％OFF！／爪切り 高級 ケース付き つめきり 巻き爪 飛び散らない プラス 微粒やすり 飛び散り防止 滑り止め爪切り 手足用 高品質爪切り RP1 PKT3-2F","https://review.rakuten.co.jp/item/1/354660_10001158/epqr-i9abq-9t2r65_1_3028826405/","5","2025/02/10 11:34:35","","よかったです。
ありがとうございました。","0","354660-20250131-0166920642",""
"商品レビュー","【 楽天1位受賞★レビュー特典付き 】＼クーポンで最大20％OFF！／爪切り 高級 ケース付き つめきり 巻き爪 飛び散らない プラス 微粒やすり 飛び散り防止 滑り止め爪切り 手足用 高品質爪切り RP1 PKT3-2F","https://review.rakuten.co.jp/item/1/354660_10001158/epqr-i9acq-ghi51j_1_3034075279/","4","2025/02/06 14:46:27","","爪を捨てないと収納できない所 気に入りました。","0","354660-20250203-0623720894",""
"商品レビュー","【 楽天1位受賞★レビュー特典付き 】＼クーポンで最大20％OFF！／爪切り 高級 ケース付き つめきり 巻き爪 飛び散らない プラス 微粒やすり 飛び散り防止 滑り止め爪切り 手足用 高品質爪切り RP1 PKT3-2F","https://review.rakuten.co.jp/item/1/354660_10001158/epqr-i9acp-l2kouc_1_3031810286/","5","2025/02/05 23:25:41","","足の爪もきれいに切れました。ヤスリなしでも大丈夫な感じです。ケースが丁度良い大きさで気に入ってます。","0","354660-20250201-0990020633",""
"商品レビュー","【 楽天1位受賞★レビュー特典付き 】＼クーポンで最大20％OFF！／爪切り 高級 ケース付き つめきり 巻き爪 飛び散らない プラス 微粒やすり 飛び散り防止 滑り止め爪切り 手足用 高品質爪切り RP1 PKT3-2F","https://review.rakuten.co.jp/item/1/354660_10001158/epqr-i9acq-fse878_1_3034092258/","5","2025/02/05 21:16:43","どっしりした重さ、大きさ","素敵なアルミ缶に入っていました。
どっしりした重さ、大きさ、爪は細かく切れました。","0","354660-20250203-0588221014",""
"商品レビュー","【 楽天1位受賞★レビュー特典付き 】＼クーポンで最大20％OFF！／爪切り 高級 ケース付き つめきり 巻き爪 飛び散らない プラス 微粒やすり 飛び散り防止 滑り止め爪切り 手足用 高品質爪切り RP1 PKT3-2F","https://review.rakuten.co.jp/item/1/354660_10001158/epqr-i9abn-e18fcw_1_3022465458/","4","2025/02/05 14:34:58","","もっとサクッと爪が切れると思っていました。
期待値が高すぎた。
100円の10倍切れる訳ではなかったです。
切った後飛んでいかないのは良いと思います。
切れ味がイマイチでした。
ケースに入っていて高級感あります。
ヤスリがついているのも良かった。","0","354660-20250127-0431020003",""
"商品レビュー","【 楽天1位受賞★レビュー特典付き 】＼クーポンで最大20％OFF！／爪切り 高級 ケース付き つめきり 巻き爪 飛び散らない プラス 微粒やすり 飛び散り防止 滑り止め爪切り 手足用 高品質爪切り RP1 PKT3-2F","https://review.rakuten.co.jp/item/1/354660_10001158/epqr-i9abp-7f3daq_1_3026235215/","5","2025/02/02 12:54:51","","爪を切ったばかりなのでまだ使っていませんが、ブラックにしましたがオシャレです。","0","354660-20250129-0500020187",""
"商品レビュー","【 楽天1位受賞★レビュー特典付き 】＼クーポンで最大20％OFF！／爪切り 高級 ケース付き つめきり 巻き爪 飛び散らない プラス 微粒やすり 飛び散り防止 滑り止め爪切り 手足用 高品質爪切り RP1 PKT3-2F","https://review.rakuten.co.jp/item/1/354660_10001158/epqr-i9abm-byx0kh_1_3014519135/","5","2025/01/30 11:58:45","","爪が飛び散らないのがすごく使いやすかった。ケース付きなのも良かった。","0","354660-20250125-0238319399",""
"商品レビュー","【 楽天1位受賞★レビュー特典付き 】＼クーポンで最大20％OFF！／爪切り 高級 ケース付き つめきり 巻き爪 飛び散らない プラス 微粒やすり 飛び散り防止 滑り止め爪切り 手足用 高品質爪切り RP1 PKT3-2F","https://review.rakuten.co.jp/item/1/354660_10001158/epqr-i9abe-gk8tc4_1_2999656643/","5","2025/01/26 19:57:32","","私的なちょうどいい大きさで使いやすいです。","0","354660-20250115-0630917638",""
"商品レビュー","【 楽天1位受賞★レビュー特典付き 】＼クーポンで最大20％OFF！／爪切り 高級 ケース付き つめきり 巻き爪 飛び散らない プラス 微粒やすり 飛び散り防止 滑り止め爪切り 手足用 高品質爪切り RP1 PKT3-2F","https://review.rakuten.co.jp/item/1/354660_10001158/epqr-i9abe-k1mgbp_1_2996949015/","3","2025/01/25 13:24:44","","ケース付きなので旅行にも持参できると思い購入しましたが、ケースに汚れと凹みがありました。
使用している内に汚れや傷は生じるものですが、使用前からあるのは少し残念です。","0","354660-20250115-0914517345",""
"商品レビュー","【 楽天1位受賞★レビュー特典付き 】＼クーポンで最大20％OFF！／爪切り 高級 ケース付き つめきり 巻き爪 飛び散らない プラス 微粒やすり 飛び散り防止 滑り止め爪切り 手足用 高品質爪切り RP1 PKT3-2F","https://review.rakuten.co.jp/item/1/354660_10001158/epqr-i9abe-gxxhio_1_2995631043/","5","2025/01/24 15:31:15","","これ、めちゃくちゃ良いですね
最初どう使うのか？でしたが
スパッと気持ち良い。
ヤスリいらないほどでした！","0","354660-20250115-0659917172",""
"商品レビュー","【 楽天1位受賞★レビュー特典付き 】＼クーポンで最大20％OFF！／爪切り 高級 ケース付き つめきり 巻き爪 飛び散らない プラス 微粒やすり 飛び散り防止 滑り止め爪切り 手足用 高品質爪切り RP1 PKT3-2F","https://review.rakuten.co.jp/item/1/354660_10001158/epqr-i9abg-ohf6j_2_3004432737/","5","2025/01/23 10:45:14","","切れ味最高です！
なかなか切れ味の良い爪切りがなかったので、感激です。","0","354660-20250118-0034118222",""
"商品レビュー","【 楽天1位受賞★レビュー特典付き 】＼クーポンで最大20％OFF！／爪切り 高級 ケース付き つめきり 巻き爪 飛び散らない プラス 微粒やすり 飛び散り防止 滑り止め爪切り 手足用 高品質爪切り RP1 PKT3-2F","https://review.rakuten.co.jp/item/1/354660_10001158/epqr-i9abd-cpkhd4_1_2994362799/","5","2025/01/18 23:23:54","","切れ味良かったです！
切った時爪が飛ばずに溜まるので良かった！","0","354660-20250114-0338317162",""
"商品レビュー","【 楽天1位受賞★レビュー特典付き 】＼クーポンで最大20％OFF！／爪切り 高級 ケース付き つめきり 巻き爪 飛び散らない プラス 微粒やすり 飛び散り防止 滑り止め爪切り 手足用 高品質爪切り RP1 PKT3-2F","https://review.rakuten.co.jp/item/1/354660_10001158/epqr-i9ab0-9j58pd_1_2978728144/","5","2025/01/13 16:29:17","","息子が大変満足してるので買って良かったです","0","354660-20250108-0145316058",""
"商品レビュー","【 楽天1位受賞★レビュー特典付き 】＼クーポンで最大20％OFF！／爪切り 高級 ケース付き つめきり 巻き爪 飛び散らない プラス 微粒やすり 飛び散り防止 滑り止め爪切り 手足用 高品質爪切り RP1 PKT3-2F","https://review.rakuten.co.jp/item/1/354660_10001158/epqr-iav7f-b2p0ud_1_2957601796/","5","2024/12/31 21:38:41","","爪が飛び散らず切れ味も抜群です！周りにもおすすめしようと思います！","0","354660-20241225-0204214362",""
"商品レビュー","【 楽天1位受賞★レビュー特典付き 】＼クーポンで最大20％OFF！／爪切り 高級 ケース付き つめきり 巻き爪 飛び散らない プラス 微粒やすり 飛び散り防止 滑り止め爪切り 手足用 高品質爪切り RP1 PKT3-2F","https://review.rakuten.co.jp/item/1/354660_10001158/epqr-iaveu-cv72do_1_2909794585/","5","2024/12/27 19:33:58","切れ味よし","切れ味とてもいいです。
今まで使っていた爪切りでは、乾燥で切る度に割れてしまっていたのですが、この爪切りに変えたところ、割れずにキレイに切れました。","0","354660-20241209-0353109692",""
"商品レビュー","【 楽天1位受賞★レビュー特典付き 】＼クーポンで最大20％OFF！／爪切り 高級 ケース付き つめきり 巻き爪 飛び散らない プラス 微粒やすり 飛び散り防止 滑り止め爪切り 手足用 高品質爪切り RP1 PKT3-2F","https://review.rakuten.co.jp/item/1/354660_10001158/epqr-iav7c-lb48rv_1_2946662291/","4","2024/12/26 0:04:51","久しぶりに爪切りを買いました","久しぶりに爪切りを購入しましたが、切れ味が良く、ヤスリを使わなくても気にならないくらいでした。
ヤスリが別なので使いやすいと思います。
足の親指の爪もスムーズに切れたのでいい感じです。","0","354660-20241221-0974113374",""
"商品レビュー","【 楽天1位受賞★レビュー特典付き 】＼クーポンで最大20％OFF！／爪切り 高級 ケース付き つめきり 巻き爪 飛び散らない プラス 微粒やすり 飛び散り防止 滑り止め爪切り 手足用 高品質爪切り RP1 PKT3-2F","https://review.rakuten.co.jp/item/1/354660_10001158/epqr-iav7c-ghbtqt_1_2945407164/","4","2024/12/25 20:07:59","","安いやつより切りやすく満足です
ありがとうございました","0","354660-20241221-0623313351",""
"商品レビュー","【 楽天1位受賞★レビュー特典付き 】＼クーポンで最大20％OFF！／爪切り 高級 ケース付き つめきり 巻き爪 飛び散らない プラス 微粒やすり 飛び散り防止 滑り止め爪切り 手足用 高品質爪切り RP1 PKT3-2F","https://review.rakuten.co.jp/item/1/354660_10001158/epqr-iave3-ih6ruq_1_2893232205/","5","2024/12/25 18:16:34","","爪切りが何年ぶりかに切れ味が悪くなりこちらを購入しました。
めちゃくちゃ切れます。
やすり要らないくらい切れ味が良く大変満足しております。","0","354660-20241205-0745408427",""
"商品レビュー","【 楽天1位受賞★レビュー特典付き 】＼クーポンで最大20％OFF！／爪切り 高級 ケース付き つめきり 巻き爪 飛び散らない プラス 微粒やすり 飛び散り防止 滑り止め爪切り 手足用 高品質爪切り RP1 PKT3-2F","https://review.rakuten.co.jp/item/1/354660_10001158/epqr-iav71-goszka_1_2941758229/","4","2024/12/23 19:33:15","","切りやすく、使いやすかったです！使い始めは固いですが慣れてきたらもっと馴染みそう。
やすりは、少し小さめだったので相性があるかもですね！
綺麗な箱にも入っていたので
片付ける時にもちょうどいいです！","0","354660-20241220-0639513037",""
"商品レビュー","【 楽天1位受賞★レビュー特典付き 】＼クーポンで最大20％OFF！／爪切り 高級 ケース付き つめきり 巻き爪 飛び散らない プラス 微粒やすり 飛び散り防止 滑り止め爪切り 手足用 高品質爪切り RP1 PKT3-2F","https://review.rakuten.co.jp/item/1/354660_10001158/epqr-iaver-hmnw02_1_2889195078/","5","2024/12/20 15:24:10","","大切な人へのプレゼントで選びました。とても喜んでもらえて良かったです。","0","354660-20241204-0694608061",""
"商品レビュー","【 楽天1位受賞★レビュー特典付き 】＼クーポンで最大20％OFF！／爪切り 高級 ケース付き つめきり 巻き爪 飛び散らない プラス 微粒やすり 飛び散り防止 滑り止め爪切り 手足用 高品質爪切り RP1 PKT3-2F","https://review.rakuten.co.jp/item/1/354660_10001158/epqr-iavev-e1kpy6_1_2913797649/","5","2024/12/20 12:34:45","","とても使いやすく買って良かったです。おすすめです！！","0","354660-20241210-0430709968",""
"商品レビュー","【 楽天1位受賞★レビュー特典付き 】＼クーポンで最大20％OFF！／爪切り 高級 ケース付き つめきり 巻き爪 飛び散らない プラス 微粒やすり 飛び散り防止 滑り止め爪切り 手足用 高品質爪切り RP1 PKT3-2F","https://review.rakuten.co.jp/item/1/354660_10001158/epqr-iavez-h9p4p3_1_2930227780/","5","2024/12/18 20:43:12","","とてもよく切れます。
爪切りって箱に収納するタイプ初めてです。
高級感あってとても気に入りました。","0","354660-20241215-0669511789",""
"商品レビュー","【 楽天1位受賞★レビュー特典付き 】＼クーポンで最大20％OFF！／爪切り 高級 ケース付き つめきり 巻き爪 飛び散らない プラス 微粒やすり 飛び散り防止 滑り止め爪切り 手足用 高品質爪切り RP1 PKT3-2F","https://review.rakuten.co.jp/item/1/354660_10001158/epqr-iavev-9fahiq_1_2916074994/","4","2024/12/17 18:52:43","","ケースに入っておりしっかりした作り出した。
ヤスリもあり、このお値段でのクオリティとしては満足しています。","0","354660-20241210-0136110263",""
"商品レビュー","【 楽天1位受賞★レビュー特典付き 】＼クーポンで最大20％OFF！／爪切り 高級 ケース付き つめきり 巻き爪 飛び散らない プラス 微粒やすり 飛び散り防止 滑り止め爪切り 手足用 高品質爪切り RP1 PKT3-2F","https://review.rakuten.co.jp/item/1/354660_10001158/epqr-iavew-9c3h0c_1_2923970536/","5","2024/12/14 22:49:48","家族で","100均の爪切りを使っていました。それと比べ物にならないと思いますが圧倒的に切りやすく爪もとばない、切ったあともキレイです。
シャンパンゴールドはシルバー寄りの色合いでした。","0","354660-20241211-0130511093",""
"商品レビュー","【 楽天1位受賞★レビュー特典付き 】＼クーポンで最大20％OFF！／爪切り 高級 ケース付き つめきり 巻き爪 飛び散らない プラス 微粒やすり 飛び散り防止 滑り止め爪切り 手足用 高品質爪切り RP1 PKT3-2F","https://review.rakuten.co.jp/item/1/354660_10001158/epqr-iaveq-a2pokr_2_2885588893/","5","2024/12/14 17:31:36","","爪も切りやすいしゴミも捨てやすく気に入っています。
見た目もスタイリッシュです。","0","354660-20241203-0083307444",""
"商品レビュー","【 楽天1位受賞★レビュー特典付き 】＼クーポンで最大20％OFF！／爪切り 高級 ケース付き つめきり 巻き爪 飛び散らない プラス 微粒やすり 飛び散り防止 滑り止め爪切り 手足用 高品質爪切り RP1 PKT3-2F","https://review.rakuten.co.jp/item/1/354660_10001158/epqr-iaver-j76un4_1_2889810438/","5","2024/12/12 22:38:14","","旦那へのプレゼントで購入しました！いい感じです。","0","354660-20241204-0861308062",""
"商品レビュー","【 楽天1位受賞★レビュー特典付き 】＼クーポンで最大20％OFF！／爪切り 高級 ケース付き つめきり 巻き爪 飛び散らない プラス 微粒やすり 飛び散り防止 滑り止め爪切り 手足用 高品質爪切り RP1 PKT3-2F","https://review.rakuten.co.jp/item/1/354660_10001158/epqr-iauvf-hnd1vn_1_2592919366/","5","2024/12/10 16:48:30","","とても切りやすかったです！ケースもおしゃれでした。","0","354660-20240721-0697326859",""
"商品レビュー","【 楽天1位受賞★レビュー特典付き 】＼クーポンで最大20％OFF！／爪切り 高級 ケース付き つめきり 巻き爪 飛び散らない プラス 微粒やすり 飛び散り防止 滑り止め爪切り 手足用 高品質爪切り RP1 PKT3-2F","https://review.rakuten.co.jp/item/1/354660_10001158/epqr-iavcm-76og6x_1_2865249799/","5","2024/12/05 21:05:24","","ケースがついているので、爪切りをなくす心配がないので安心です。また爪やすりもセットになっていて助かります。","0","354660-20241125-0531705776",""
"商品レビュー","【 楽天1位受賞★レビュー特典付き 】＼クーポンで最大20％OFF！／爪切り 高級 ケース付き つめきり 巻き爪 飛び散らない プラス 微粒やすり 飛び散り防止 滑り止め爪切り 手足用 高品質爪切り RP1 PKT3-2F","https://review.rakuten.co.jp/item/1/354660_10001158/epqr-iavep-an8aj5_2_2881921058/","5","2024/12/04 23:25:18","爪切り","使っていた爪切りの切れ味が鈍くなったので こちらを購入 切れ味は 申し分ないので いいと思います。","0","354660-20241201-0093407130",""
"商品レビュー","【 楽天1位受賞★レビュー特典付き 】＼クーポンで最大20％OFF！／爪切り 高級 ケース付き つめきり 巻き爪 飛び散らない プラス 微粒やすり 飛び散り防止 滑り止め爪切り 手足用 高品質爪切り RP1 PKT3-2F","https://review.rakuten.co.jp/item/1/354660_10001158/epqr-iavcp-j3iq0i_1_2877480501/","5","2024/12/04 4:17:57","","とても高級感があり、爪もかなり切れ味良く切れます。付属のヤスリも良いです。","0","354660-20241129-0889106556",""
"商品レビュー","【 楽天1位受賞★レビュー特典付き 】＼クーポンで最大20％OFF！／爪切り 高級 ケース付き つめきり 巻き爪 飛び散らない プラス 微粒やすり 飛び散り防止 滑り止め爪切り 手足用 高品質爪切り RP1 PKT3-2F","https://review.rakuten.co.jp/item/1/354660_10001158/epqr-iavcm-9cl8om_1_2870787170/","5","2024/12/04 1:44:35","","爪が飛び散ることはないしデザインも良く、何より切った後にやすり掛けせずとも爪が鋭くならないのが素晴らしい","0","354660-20241125-0130106177",""
"商品レビュー","【 楽天1位受賞★レビュー特典付き 】＼クーポンで最大20％OFF！／爪切り 高級 ケース付き つめきり 巻き爪 飛び散らない プラス 微粒やすり 飛び散り防止 滑り止め爪切り 手足用 高品質爪切り RP1 PKT3-2F","https://review.rakuten.co.jp/item/1/354660_10001158/epqr-ia8a5-byiz54_1_1691033000/","2","2024/12/01 17:19:25","","切り口が小さいので
男性には不向き
全体的に 大きい方が
使いやすくなると思います","0","354660-20230614-0237431770",""
"商品レビュー","【 楽天1位受賞★レビュー特典付き 】＼クーポンで最大20％OFF！／爪切り 高級 ケース付き つめきり 巻き爪 飛び散らない プラス 微粒やすり 飛び散り防止 滑り止め爪切り 手足用 高品質爪切り RP1 PKT3-2F","https://review.rakuten.co.jp/item/1/354660_10001158/epqr-iavcl-ivsem8_1_2862177408/","5","2024/11/29 23:08:38","","しっかりとしたケースに入っていて、切れ味も良く満足です。","0","354660-20241124-0777205354",""
"商品レビュー","【 楽天1位受賞★レビュー特典付き 】＼クーポンで最大20％OFF！／爪切り 高級 ケース付き つめきり 巻き爪 飛び散らない プラス 微粒やすり 飛び散り防止 滑り止め爪切り 手足用 高品質爪切り RP1 PKT3-2F","https://review.rakuten.co.jp/item/1/354660_10001158/epqr-iavcm-dn7m85_1_2867878785/","4","2024/11/29 19:55:26","","使用していた爪切りの切れ味が悪くなりこちらを購入しました。ケースに入っており、重厚感もあり切れ味もよいです！色も選べて嬉しいです。","0","354660-20241125-0395105850",""
"商品レビュー","【 楽天1位受賞★レビュー特典付き 】＼クーポンで最大20％OFF！／爪切り 高級 ケース付き つめきり 巻き爪 飛び散らない プラス 微粒やすり 飛び散り防止 滑り止め爪切り 手足用 高品質爪切り RP1 PKT3-2F","https://review.rakuten.co.jp/item/1/354660_10001158/epqr-iavcm-afs79m_2_2870675451/","5","2024/11/29 18:48:00","","切れ味もよく、缶ケースがあるのでスマートに収納できて満足です","0","354660-20241125-0076806233",""
"商品レビュー","【 楽天1位受賞★レビュー特典付き 】＼クーポンで最大20％OFF！／爪切り 高級 ケース付き つめきり 巻き爪 飛び散らない プラス 微粒やすり 飛び散り防止 滑り止め爪切り 手足用 高品質爪切り RP1 PKT3-2F","https://review.rakuten.co.jp/item/1/354660_10001158/epqr-iavcb-av5je_3_2838319770/","5","2024/11/26 19:14:17","いい買い物！","とても切りやすくてビックリです。利き手ではない方で利き手の爪を切るのが毎回上手くいかなかったのに、この爪切りにしたらすんなり綺麗に切れました。子供の爪もサクサク切れて助かります。","0","354660-20241111-0003103135",""
"商品レビュー","【 楽天1位受賞★レビュー特典付き 】＼クーポンで最大20％OFF！／爪切り 高級 ケース付き つめきり 巻き爪 飛び散らない プラス 微粒やすり 飛び散り防止 滑り止め爪切り 手足用 高品質爪切り RP1 PKT3-2F","https://review.rakuten.co.jp/item/1/354660_10001158/epqr-iavc9-g3z22r_1_2833560398/","5","2024/11/22 17:57:34","","子供用に購入しました。
自分用の爪切り
大切に使って欲しいです。","0","354660-20241110-0648302460",""
"商品レビュー","【 楽天1位受賞★レビュー特典付き 】＼クーポンで最大20％OFF！／爪切り 高級 ケース付き つめきり 巻き爪 飛び散らない プラス 微粒やすり 飛び散り防止 滑り止め爪切り 手足用 高品質爪切り RP1 PKT3-2F","https://review.rakuten.co.jp/item/1/354660_10001158/epqr-iav97-ancsnf_2_2763144862/","5","2024/11/22 3:34:51","","使いやすいです。
ずっと愛用して行きたい。","0","354660-20241008-0092646549",""
"商品レビュー","【 楽天1位受賞★レビュー特典付き 】＼クーポンで最大20％OFF！／爪切り 高級 ケース付き つめきり 巻き爪 飛び散らない プラス 微粒やすり 飛び散り防止 滑り止め爪切り 手足用 高品質爪切り RP1 PKT3-2F","https://review.rakuten.co.jp/item/1/354660_10001158/epqr-iav97-ancsnf_2_2763144861/","5","2024/11/22 3:33:59","","切りやすく良い商品です。
ずっと愛用したいです！","0","354660-20241008-0092646549",""
"商品レビュー","【 楽天1位受賞★レビュー特典付き 】＼クーポンで最大20％OFF！／爪切り 高級 ケース付き つめきり 巻き爪 飛び散らない プラス 微粒やすり 飛び散り防止 滑り止め爪切り 手足用 高品質爪切り RP1 PKT3-2F","https://review.rakuten.co.jp/item/1/354660_10001158/epqr-iavc9-9e21xh_1_2831744570/","4","2024/11/20 15:03:32","","Ｌサイズでも少し小さめ
色 ブロンズ 高級感あります","0","354660-20241110-0133302539",""
"商品レビュー","【 楽天1位受賞★レビュー特典付き 】＼クーポンで最大20％OFF！／爪切り 高級 ケース付き つめきり 巻き爪 飛び散らない プラス 微粒やすり 飛び散り防止 滑り止め爪切り 手足用 高品質爪切り RP1 PKT3-2F","https://review.rakuten.co.jp/item/1/354660_10001158/epqr-iavc0-ic767h_1_2826510582/","2","2024/11/20 8:57:55","缶が潰れていた","11/11にネコポスで届きました。
自宅と実家用に2個購入しましたが、そのうちの1個の缶（入れ物）が潰れていましたよ。缶は使わないので別にいいですが、配送時、商品を守れていないようです。","0","354660-20241108-0734402027",""
"商品レビュー","【 楽天1位受賞★レビュー特典付き 】＼クーポンで最大20％OFF！／爪切り 高級 ケース付き つめきり 巻き爪 飛び散らない プラス 微粒やすり 飛び散り防止 滑り止め爪切り 手足用 高品質爪切り RP1 PKT3-2F","https://review.rakuten.co.jp/item/1/354660_10001158/epqr-iavch-cuyngh_1_2850183513/","5","2024/11/19 10:56:18","爪切りを購入しての感想","前に一度購入させて頂いたのですが非常に良いのでプレゼント用に購入させて頂きました。","0","354660-20241119-0352604387",""
"商品レビュー","【 楽天1位受賞★レビュー特典付き 】＼クーポンで最大20％OFF！／爪切り 高級 ケース付き つめきり 巻き爪 飛び散らない プラス 微粒やすり 飛び散り防止 滑り止め爪切り 手足用 高品質爪切り RP1 PKT3-2F","https://review.rakuten.co.jp/item/1/354660_10001158/epqr-iav1y-l5p88t_1_2818027739/","4","2024/11/16 21:55:05","","切れ味抜群。長年チャチな粗品を使い続けていた私には、切れすぎて怖いくらいです。
刃先両端の覆いが邪魔して、細かい所が切りづらいのがちょっと残念。これは慣れもあるかもしれませんが。","0","354660-20241105-0998701011",""
"商品レビュー","【 楽天1位受賞★レビュー特典付き 】＼クーポンで最大20％OFF！／爪切り 高級 ケース付き つめきり 巻き爪 飛び散らない プラス 微粒やすり 飛び散り防止 滑り止め爪切り 手足用 高品質爪切り RP1 PKT3-2F","https://review.rakuten.co.jp/item/1/354660_10001158/epqr-iavc9-lmp7d6_1_2835293918/","5","2024/11/13 23:12:09","","爪が本当に飛び散らず切れ味もよくて
やすりがなくてもとてもなめらかに
切る事ができました。
ケースもいらないと思っていましたが
実際にあるとやすりと爪切りがバラバラにならず
収納しやすかったです。とても満足です","0","354660-20241110-0997002676",""
"商品レビュー","【 楽天1位受賞★レビュー特典付き 】＼クーポンで最大20％OFF！／爪切り 高級 ケース付き つめきり 巻き爪 飛び散らない プラス 微粒やすり 飛び散り防止 滑り止め爪切り 手足用 高品質爪切り RP1 PKT3-2F","https://review.rakuten.co.jp/item/1/354660_10001158/epqr-iavca-d25qk0_1_2828836695/","5","2024/11/13 8:36:59","良かった","今まで100均の爪切りを使ってきましたが、年齢のせいか握力が弱くなって力が入らなくなって切りにくくなりました。
そんな時にこちらを見つけて購入。
力を入れなくても簡単に切れて、切り口もなめらかです。
早く買えば良かった。
とても満足しています。","0","354660-20241109-0385502220",""
"商品レビュー","【 楽天1位受賞★レビュー特典付き 】＼クーポンで最大20％OFF！／爪切り 高級 ケース付き つめきり 巻き爪 飛び散らない プラス 微粒やすり 飛び散り防止 滑り止め爪切り 手足用 高品質爪切り RP1 PKT3-2F","https://review.rakuten.co.jp/item/1/354660_10001158/epqr-iav1y-lhc3ta_1_2821217643/","5","2024/11/11 23:20:42","","無事届きました。
早急な対応ありがとうございました。","0","354660-20241105-0986201245",""
"商品レビュー","【 楽天1位受賞★レビュー特典付き 】＼クーポンで最大20％OFF！／爪切り 高級 ケース付き つめきり 巻き爪 飛び散らない プラス 微粒やすり 飛び散り防止 滑り止め爪切り 手足用 高品質爪切り RP1 PKT3-2F","https://review.rakuten.co.jp/item/1/354660_10001158/epqr-iav1y-jn0mh_2_2821706216/","4","2024/11/11 23:17:10","","コンパクトにまとまっており、とてもよかったです。早めに欲しかったので、発送も早くて助かりました。","0","354660-20241105-0024401711",""
"商品レビュー","【 楽天1位受賞★レビュー特典付き 】＼クーポンで最大20％OFF！／爪切り 高級 ケース付き つめきり 巻き爪 飛び散らない プラス 微粒やすり 飛び散り防止 滑り止め爪切り 手足用 高品質爪切り RP1 PKT3-2F","https://review.rakuten.co.jp/item/1/354660_10001158/epqr-iav96-926okj_1_2803274093/","4","2024/11/07 11:50:21","良さそうだが","お気に入りの爪切りを紛失したため購入。箇所にはよりますが、切れ味は良いと思います。ただ使い方が前とは違い少々戸惑いましたし、短所も感じました。足の爪を切るのに、ケースは要らないと感じました。以前のは、ケースから爪切りをズラすと足の爪も切りやすかったのですが、コレはズラせないため切りにくいです。もちろん手の爪なら問題なく使えます。
ヤスリも付いていますが、ガラスヤスリに慣れた身には、使いづらい。真ん中にしかヤスリがないから、以前とは違うやり方をしないといけない。たかが爪切りですが、使い慣れないものを使うのは最初大変ですね。
缶入りで高級感がありますし、戻せれば紛失しづらいかもしれません。","0","354660-20241028-0144100202",""
"商品レビュー","【 楽天1位受賞★レビュー特典付き 】＼クーポンで最大20％OFF！／爪切り 高級 ケース付き つめきり 巻き爪 飛び散らない プラス 微粒やすり 飛び散り防止 滑り止め爪切り 手足用 高品質爪切り RP1 PKT3-2F","https://review.rakuten.co.jp/item/1/354660_10001158/epqr-iav1x-9ceyzi_1_2814625140/","3","2024/11/06 19:43:37","爪が飛び散らない","切った爪が飛び散りにくいのが良いです。切れ味は安い物との差がわからなかったです。","0","354660-20241104-0129701064",""
"商品レビュー","【 楽天1位受賞★レビュー特典付き 】＼クーポンで最大20％OFF！／爪切り 高級 ケース付き つめきり 巻き爪 飛び散らない プラス 微粒やすり 飛び散り防止 滑り止め爪切り 手足用 高品質爪切り RP1 PKT3-2F","https://review.rakuten.co.jp/item/1/354660_10001158/epqr-iav93-c3rd3g_1_2797119206/","4","2024/11/05 7:34:09","納得です","この価格なら納得いく商品です。
切れ具合も十分です。","0","354660-20241025-0345449710",""
"商品レビュー","【 楽天1位受賞★レビュー特典付き 】＼クーポンで最大20％OFF！／爪切り 高級 ケース付き つめきり 巻き爪 飛び散らない プラス 微粒やすり 飛び散り防止 滑り止め爪切り 手足用 高品質爪切り RP1 PKT3-2F","https://review.rakuten.co.jp/item/1/354660_10001158/epqr-iav9w-e4ny65_1_2808240889/","4","2024/11/04 10:17:49","","カラーはブロンドを購入、高級感のある爪切り。","0","354660-20241031-0481300434",""
"商品レビュー","【 楽天1位受賞★レビュー特典付き 】＼クーポンで最大20％OFF！／爪切り 高級 ケース付き つめきり 巻き爪 飛び散らない プラス 微粒やすり 飛び散り防止 滑り止め爪切り 手足用 高品質爪切り RP1 PKT3-2F","https://review.rakuten.co.jp/item/1/354660_10001158/epqr-iav9l-g0wvnj_1_2779550901/","5","2024/11/03 21:44:39","","今まで100円のものを使っていましたが、こちらを使うようになってから爪切りの時間も楽しみになりました。切れ味が良くとても満足です！","0","354660-20241016-0606147674",""
"商品レビュー","【 楽天1位受賞★レビュー特典付き 】＼クーポンで最大20％OFF！／爪切り 高級 ケース付き つめきり 巻き爪 飛び散らない プラス 微粒やすり 飛び散り防止 滑り止め爪切り 手足用 高品質爪切り RP1 PKT3-2F","https://review.rakuten.co.jp/item/1/354660_10001158/epqr-iav9t-hm58dk_1_2802334706/","5","2024/10/30 16:58:58","見た目も切れ味もgood！買ってよかった","ブロンズカラーを購入、商品が届き中身を見て一目で気に入りました！写真で見るよりも渋みのある色合いと重厚感が最高です！専用の缶ケースに入ってるって言うのも特別感があっていい感じ！
肝心の切れ味も足のゴッツイ親指の爪にも申し分ないと思います。","0","354660-20241027-0694549959",""
"商品レビュー","【 楽天1位受賞★レビュー特典付き 】＼クーポンで最大20％OFF！／爪切り 高級 ケース付き つめきり 巻き爪 飛び散らない プラス 微粒やすり 飛び散り防止 滑り止め爪切り 手足用 高品質爪切り RP1 PKT3-2F","https://review.rakuten.co.jp/item/1/354660_10001158/epqr-iav92-76jtc0_1_2771454395/","4","2024/10/30 0:06:56","","個性的な形、機能を持っていて特別感があります。","0","354660-20241013-0531447012",""
"商品レビュー","【 楽天1位受賞★レビュー特典付き 】＼クーポンで最大20％OFF！／爪切り 高級 ケース付き つめきり 巻き爪 飛び散らない プラス 微粒やすり 飛び散り防止 滑り止め爪切り 手足用 高品質爪切り RP1 PKT3-2F","https://review.rakuten.co.jp/item/1/354660_10001158/epqr-iav9a-1xskaw_1_2746684173/","5","2024/10/27 19:52:34","","切れ味がとても良いです。
爪も飛び散らないですし、高級感のある見た目も気に入っています。","0","354660-20241001-0296844979",""
"商品レビュー","【 楽天1位受賞★レビュー特典付き 】＼クーポンで最大20％OFF！／爪切り 高級 ケース付き つめきり 巻き爪 飛び散らない プラス 微粒やすり 飛び散り防止 滑り止め爪切り 手足用 高品質爪切り RP1 PKT3-2F","https://review.rakuten.co.jp/item/1/354660_10001158/epqr-iav93-hbattm_1_2794518808/","5","2024/10/27 18:41:12","","引越しを機に爪切りも新しくしました！
見た目もかっこよく、機能的にもバッチリです。","0","354660-20241025-0670249421",""
"商品レビュー","【 楽天1位受賞★レビュー特典付き 】＼クーポンで最大20％OFF！／爪切り 高級 ケース付き つめきり 巻き爪 飛び散らない プラス 微粒やすり 飛び散り防止 滑り止め爪切り 手足用 高品質爪切り RP1 PKT3-2F","https://review.rakuten.co.jp/item/1/354660_10001158/epqr-iav92-dccj2x_1_2770957916/","5","2024/10/24 11:46:09","","とても良く切れて、素晴らしい。
切れた爪も収納されて、捨てやすく便利です。","0","354660-20241013-0371447060",""
"商品レビュー","【 楽天1位受賞★レビュー特典付き 】＼クーポンで最大20％OFF！／爪切り 高級 ケース付き つめきり 巻き爪 飛び散らない プラス 微粒やすり 飛び散り防止 滑り止め爪切り 手足用 高品質爪切り RP1 PKT3-2F","https://review.rakuten.co.jp/item/1/354660_10001158/epqr-iav9k-u2r6c_2_2777151682/","4","2024/10/21 22:01:21","","手の爪を切る時はよく切れて良いのですが、足の爪が巻き爪なので幅が狭く、刃が中に入っているので切りにくく感じます。ヤスリが付いてケース入りなのは、とてもお得感があります。","0","354660-20241015-0049347509",""
"商品レビュー","【 楽天1位受賞★レビュー特典付き 】＼クーポンで最大20％OFF！／爪切り 高級 ケース付き つめきり 巻き爪 飛び散らない プラス 微粒やすり 飛び散り防止 滑り止め爪切り 手足用 高品質爪切り RP1 PKT3-2F","https://review.rakuten.co.jp/item/1/354660_10001158/epqr-iav9k-p5t5j_2_2773520610/","3","2024/10/19 15:12:28","持ち運び様に","見た目はかっこいいですが、持ち運びには少し重たいかも。。","0","354660-20241015-0036147398",""
"商品レビュー","【 楽天1位受賞★レビュー特典付き 】＼クーポンで最大20％OFF！／爪切り 高級 ケース付き つめきり 巻き爪 飛び散らない プラス 微粒やすり 飛び散り防止 滑り止め爪切り 手足用 高品質爪切り RP1 PKT3-2F","https://review.rakuten.co.jp/item/1/354660_10001158/epqr-iav9c-hfdljk_1_2753711501/","5","2024/10/18 18:05:58","","スタイリッシュなデザインで、切れ味がバツグンです。ケースがついているので保管に便利です。","0","354660-20241005-0680545671",""
"商品レビュー","【 楽天1位受賞★レビュー特典付き 】＼クーポンで最大20％OFF！／爪切り 高級 ケース付き つめきり 巻き爪 飛び散らない プラス 微粒やすり 飛び散り防止 滑り止め爪切り 手足用 高品質爪切り RP1 PKT3-2F","https://review.rakuten.co.jp/item/1/354660_10001158/epqr-iav9f-261aw_2_2766461632/","5","2024/10/15 12:38:09","リピ買い","プレゼント用で購入
自分用に以前買って、使い勝手も良かったのでリピです。","0","354660-20241009-0023146627",""
"商品レビュー","【 楽天1位受賞★レビュー特典付き 】＼クーポンで最大20％OFF！／爪切り 高級 ケース付き つめきり 巻き爪 飛び散らない プラス 微粒やすり 飛び散り防止 滑り止め爪切り 手足用 高品質爪切り RP1 PKT3-2F","https://review.rakuten.co.jp/item/1/354660_10001158/epqr-iav9d-2om0b9_1_2758195456/","5","2024/10/11 20:35:28","","かなり使い心地良いです。この値段でこれならかなり満足です。","0","354660-20241006-0820445870",""
"商品レビュー","【 楽天1位受賞★レビュー特典付き 】＼クーポンで最大20％OFF！／爪切り 高級 ケース付き つめきり 巻き爪 飛び散らない プラス 微粒やすり 飛び散り防止 滑り止め爪切り 手足用 高品質爪切り RP1 PKT3-2F","https://review.rakuten.co.jp/item/1/354660_10001158/epqr-iautd-bvh2yf_1_2507014116/","5","2024/10/09 12:49:12","素晴らしい切れ味","軽くて切れ味も良く、細かい部分まで上手に切ることができます。家族の分も買い揃えたいと思います。","0","354660-20240610-0232318269",""
"商品レビュー","【 楽天1位受賞★レビュー特典付き 】＼クーポンで最大20％OFF！／爪切り 高級 ケース付き つめきり 巻き爪 飛び散らない プラス 微粒やすり 飛び散り防止 滑り止め爪切り 手足用 高品質爪切り RP1 PKT3-2F","https://review.rakuten.co.jp/item/1/354660_10001158/epqr-iav0a-le8and_1_2741871408/","5","2024/10/03 16:49:51","高級仕様！","びっくりするくらいの重厚感。
使い勝手もよく、今回は自分用で購入しましたが、ちょっとしたお礼やご挨拶代わりの品にしてもよいかも！
良い買い物でした！","0","354660-20240929-0980244546",""
"商品レビュー","【 楽天1位受賞★レビュー特典付き 】＼クーポンで最大20％OFF！／爪切り 高級 ケース付き つめきり 巻き爪 飛び散らない プラス 微粒やすり 飛び散り防止 滑り止め爪切り 手足用 高品質爪切り RP1 PKT3-2F","https://review.rakuten.co.jp/item/1/354660_10001158/epqr-iav0a-1tr717_1_2742868702/","5","2024/10/02 16:46:51","届くのが早かったです。","切れ味がとてもいいです。サイズを迷いましたがSを購入。細かい所まで切れてよかったです。","0","354660-20240929-0288344600",""
"商品レビュー","【 楽天1位受賞★レビュー特典付き 】＼クーポンで最大20％OFF！／爪切り 高級 ケース付き つめきり 巻き爪 飛び散らない プラス 微粒やすり 飛び散り防止 滑り止め爪切り 手足用 高品質爪切り RP1 PKT3-2F","https://review.rakuten.co.jp/item/1/354660_10001158/epqr-iauzy-e3nban_1_2738190954/","4","2024/09/29 15:40:58","","使い方がわからす、少し戸惑いました。
期待したレビュー通りの物ではないと思うのですが、普通に切れて、普通に爪も飛び散りません。
ケースに入っているのは嬉しいですね。高級感もあります。","0","354660-20240925-0466144039",""
"商品レビュー","【 楽天1位受賞★レビュー特典付き 】＼クーポンで最大20％OFF！／爪切り 高級 ケース付き つめきり 巻き爪 飛び散らない プラス 微粒やすり 飛び散り防止 滑り止め爪切り 手足用 高品質爪切り RP1 PKT3-2F","https://review.rakuten.co.jp/item/1/354660_10001158/epqr-iauyc-2kghu3_1_2663920839/","5","2024/09/27 18:45:13","","力を入れずにスムーズに切れます！
爪ヤスリもついてるし、ケース付きなので、探さなくてもすぐに見つかりるのが便利です！","0","354660-20240825-0811736413",""
"商品レビュー","【 楽天1位受賞★レビュー特典付き 】＼クーポンで最大20％OFF！／爪切り 高級 ケース付き つめきり 巻き爪 飛び散らない プラス 微粒やすり 飛び散り防止 滑り止め爪切り 手足用 高品質爪切り RP1 PKT3-2F","https://review.rakuten.co.jp/item/1/354660_10001158/epqr-iauxp-b2u4ng_1_2624471695/","5","2024/09/26 13:18:46","","使っていた爪切りが壊れたのでレビューの良かったこちらを購入しました。
めちゃめちゃ切れ味良いです。
ケースに入っているので、子供が別の場所において
どこ行ったーと探すこともなくなりました。","0","354660-20240805-0204631318",""
"商品レビュー","【 楽天1位受賞★レビュー特典付き 】＼クーポンで最大20％OFF！／爪切り 高級 ケース付き つめきり 巻き爪 飛び散らない プラス 微粒やすり 飛び散り防止 滑り止め爪切り 手足用 高品質爪切り RP1 PKT3-2F","https://review.rakuten.co.jp/item/1/354660_10001158/epqr-iauzu-1bzcl9_1_2729815390/","5","2024/09/23 18:25:15","おしゃれな爪切りであがります","すぐ届きました。入れ物のシルバーの缶は凹んでました。こどものために買いましたが爪が切れやすくとても喜んでくれてこれで日々切ってくれることを願います","0","354660-20240921-0248543570",""
"商品レビュー","【 楽天1位受賞★レビュー特典付き 】＼クーポンで最大20％OFF！／爪切り 高級 ケース付き つめきり 巻き爪 飛び散らない プラス 微粒やすり 飛び散り防止 滑り止め爪切り 手足用 高品質爪切り RP1 PKT3-2F","https://review.rakuten.co.jp/item/1/354660_10001158/epqr-iauz3-fkbfxo_1_2720442767/","5","2024/09/22 14:57:35","","何の問題もなくよく切れて使い心地は抜群です。","0","354660-20240917-0569542628",""
"商品レビュー","【 楽天1位受賞★レビュー特典付き 】＼クーポンで最大20％OFF！／爪切り 高級 ケース付き つめきり 巻き爪 飛び散らない プラス 微粒やすり 飛び散り防止 滑り止め爪切り 手足用 高品質爪切り RP1 PKT3-2F","https://review.rakuten.co.jp/item/1/354660_10001158/epqr-iauz5-juvcik_1_2710647952/","5","2024/09/17 13:20:58","","無事届きました。
早急な対応ありがとうございました。","0","354660-20240910-0896641935",""
"商品レビュー","【 楽天1位受賞★レビュー特典付き 】＼クーポンで最大20％OFF！／爪切り 高級 ケース付き つめきり 巻き爪 飛び散らない プラス 微粒やすり 飛び散り防止 滑り止め爪切り 手足用 高品質爪切り RP1 PKT3-2F","https://review.rakuten.co.jp/item/1/354660_10001158/epqr-iauzn-cokjs0_1_2712317674/","5","2024/09/15 16:27:17","","今まで使用していた爪切りが本当に切れ味が悪くて…
比べ物にならないぐらいスッと綺麗に切れました！
ヤスリかけなくてもツルツルです。","0","354660-20240911-0336642120",""
"商品レビュー","【 楽天1位受賞★レビュー特典付き 】＼クーポンで最大20％OFF！／爪切り 高級 ケース付き つめきり 巻き爪 飛び散らない プラス 微粒やすり 飛び散り防止 滑り止め爪切り 手足用 高品質爪切り RP1 PKT3-2F","https://review.rakuten.co.jp/item/1/354660_10001158/epqr-iauz5-beyzit_1_2706669716/","4","2024/09/15 5:28:35","","刃の黒い部分はラメ入りでした。問題ない切れ味です。","0","354660-20240910-0194741307",""
"商品レビュー","【 楽天1位受賞★レビュー特典付き 】＼クーポンで最大20％OFF！／爪切り 高級 ケース付き つめきり 巻き爪 飛び散らない プラス 微粒やすり 飛び散り防止 滑り止め爪切り 手足用 高品質爪切り RP1 PKT3-2F","https://review.rakuten.co.jp/item/1/354660_10001158/epqr-iajmc-joq3rc_1_957532820/","5","2024/09/13 18:17:56","","よく切れます。
３年使いましたが、切れ味そのままです。","0","354660-20220809-0881225141",""
"商品レビュー","【 楽天1位受賞★レビュー特典付き 】＼クーポンで最大20％OFF！／爪切り 高級 ケース付き つめきり 巻き爪 飛び散らない プラス 微粒やすり 飛び散り防止 滑り止め爪切り 手足用 高品質爪切り RP1 PKT3-2F","https://review.rakuten.co.jp/item/1/354660_10001158/epqr-iauz5-2ir1hw_1_2705349886/","5","2024/09/13 17:11:51","","今まで使っていた爪切りより少し力が要る感じがしましたがとてもきれいに爪が切れたので気に入っています。","0","354660-20240910-0807341035",""
"商品レビュー","【 楽天1位受賞★レビュー特典付き 】＼クーポンで最大20％OFF！／爪切り 高級 ケース付き つめきり 巻き爪 飛び散らない プラス 微粒やすり 飛び散り防止 滑り止め爪切り 手足用 高品質爪切り RP1 PKT3-2F","https://review.rakuten.co.jp/item/1/354660_10001158/epqr-iauzm-knmxni_1_2702278693/","5","2024/09/12 19:14:24","","とても切れ味が良くて、切った爪の飛び散りも、まず、起きないようにできているので、便利に使っています。小さな金属製の缶に、爪用のヤスリと爪切りがセットになって入って届きます。","0","354660-20240909-0939740664",""
"商品レビュー","【 楽天1位受賞★レビュー特典付き 】＼クーポンで最大20％OFF！／爪切り 高級 ケース付き つめきり 巻き爪 飛び散らない プラス 微粒やすり 飛び散り防止 滑り止め爪切り 手足用 高品質爪切り RP1 PKT3-2F","https://review.rakuten.co.jp/item/1/354660_10001158/epqr-iauyc-kl8ygu_1_2660430664/","4","2024/09/11 20:42:56","切れ味がいいです","重さは重いですが切れ味がいいです。捨てやすいのもいいですね。","0","354660-20240825-0934936085",""
"商品レビュー","【 楽天1位受賞★レビュー特典付き 】＼クーポンで最大20％OFF！／爪切り 高級 ケース付き つめきり 巻き爪 飛び散らない プラス 微粒やすり 飛び散り防止 滑り止め爪切り 手足用 高品質爪切り RP1 PKT3-2F","https://review.rakuten.co.jp/item/1/354660_10001158/epqr-iauz2-gesc8w_1_2686484856/","5","2024/09/09 19:11:39","","今まで使っていた爪切りは、バチンッと鳴って切れるもので、爪先が少し割れる感じが嫌でこちらを購入しました。軽く切れます。刃が鋭いので爪が割れなくてとても良いです。","0","354660-20240905-0617639431",""
"商品レビュー","【 楽天1位受賞★レビュー特典付き 】＼クーポンで最大20％OFF！／爪切り 高級 ケース付き つめきり 巻き爪 飛び散らない プラス 微粒やすり 飛び散り防止 滑り止め爪切り 手足用 高品質爪切り RP1 PKT3-2F","https://review.rakuten.co.jp/item/1/354660_10001158/epqr-iaux4-1v7cli_1_2651047952/","5","2024/09/06 0:24:10","","切った爪が収納され、まとめて捨てれるのはいいですね","0","354660-20240818-0292633500",""
"商品レビュー","【 楽天1位受賞★レビュー特典付き 】＼クーポンで最大20％OFF！／爪切り 高級 ケース付き つめきり 巻き爪 飛び散らない プラス 微粒やすり 飛び散り防止 滑り止め爪切り 手足用 高品質爪切り RP1 PKT3-2F","https://review.rakuten.co.jp/item/1/354660_10001158/epqr-iauyc-jzxqk9_1_2664172990/","5","2024/09/05 11:30:03","","グレーを購入しました。シックで高級感があり大満足です。蓋を開けるとパッと爪を捨てられて、すごく便利です。","0","354660-20240825-0906836366",""
"商品レビュー","【 楽天1位受賞★レビュー特典付き 】＼クーポンで最大20％OFF！／爪切り 高級 ケース付き つめきり 巻き爪 飛び散らない プラス 微粒やすり 飛び散り防止 滑り止め爪切り 手足用 高品質爪切り RP1 PKT3-2F","https://review.rakuten.co.jp/item/1/354660_10001158/epqr-iauts-ahik3y_2_2543632902/","4","2024/08/31 8:39:28","","ケースに入って、ヤスリも入っているので得した気分になりますね。
爪もそこまで飛び散らずに済むので片付けも楽です。
ただ少し爪は切りにくいのかなと思いました。
硬いのもあると思うのですが、なかなか力が必要です。","0","354660-20240630-0079522197",""
"商品レビュー","【 楽天1位受賞★レビュー特典付き 】＼クーポンで最大20％OFF！／爪切り 高級 ケース付き つめきり 巻き爪 飛び散らない プラス 微粒やすり 飛び散り防止 滑り止め爪切り 手足用 高品質爪切り RP1 PKT3-2F","https://review.rakuten.co.jp/item/1/354660_10001158/epqr-iauy1-2c37um_1_2659973955/","1","2024/08/28 19:59:34","","2個買って2個とも刃の部分がガタガタでした。
別のお店で買った類似の爪切りの刃はとても滑らかだったのに、こちらは残念です。","0","354660-20240824-0795636197",""
"商品レビュー","【 楽天1位受賞★レビュー特典付き 】＼クーポンで最大20％OFF！／爪切り 高級 ケース付き つめきり 巻き爪 飛び散らない プラス 微粒やすり 飛び散り防止 滑り止め爪切り 手足用 高品質爪切り RP1 PKT3-2F","https://review.rakuten.co.jp/item/1/354660_10001158/epqr-iauxx-1qzblg_1_2647328154/","3","2024/08/27 13:30:46","","使いやすいです。切った爪が飛ばないのが良いですね","0","354660-20240816-0282133306",""
"商品レビュー","【 楽天1位受賞★レビュー特典付き 】＼クーポンで最大20％OFF！／爪切り 高級 ケース付き つめきり 巻き爪 飛び散らない プラス 微粒やすり 飛び散り防止 滑り止め爪切り 手足用 高品質爪切り RP1 PKT3-2F","https://review.rakuten.co.jp/item/1/354660_10001158/epqr-iauxw-fofn55_1_2644776715/","5","2024/08/25 13:12:39","カッコいい","以前使っていた 爪切りが 壊れてしまい
デザインが、気に入ったので 購入しました。似ている デザインは他のショップでも ありましたが 2サイズ あったので
安心して買えました。使い心地も 最高でした。
注文番号
354660-20240815-0578233098","0","354660-20240815-0578233098",""
"商品レビュー","【 楽天1位受賞★レビュー特典付き 】＼クーポンで最大20％OFF！／爪切り 高級 ケース付き つめきり 巻き爪 飛び散らない プラス 微粒やすり 飛び散り防止 滑り止め爪切り 手足用 高品質爪切り RP1 PKT3-2F","https://review.rakuten.co.jp/item/1/354660_10001158/epqr-iaux4-il5nr8_1_2649019151/","5","2024/08/23 2:42:50","","大変使いやすく、切れやすいです。爪切りは、生活必需品ですね。","0","354660-20240818-0753333286",""
"商品レビュー","【 楽天1位受賞★レビュー特典付き 】＼クーポンで最大20％OFF！／爪切り 高級 ケース付き つめきり 巻き爪 飛び散らない プラス 微粒やすり 飛び散り防止 滑り止め爪切り 手足用 高品質爪切り RP1 PKT3-2F","https://review.rakuten.co.jp/item/1/354660_10001158/epqr-iauy0-jj7k5a_1_2652976763/","5","2024/08/21 21:58:53","","切れ味良いです。以前使っていたものより、大きくて少し重たみを感じましたが慣れれば問題ないかなと思いました。","0","354660-20240820-0870434425",""
"商品レビュー","【 楽天1位受賞★レビュー特典付き 】＼クーポンで最大20％OFF！／爪切り 高級 ケース付き つめきり 巻き爪 飛び散らない プラス 微粒やすり 飛び散り防止 滑り止め爪切り 手足用 高品質爪切り RP1 PKT3-2F","https://review.rakuten.co.jp/item/1/354660_10001158/epqr-iauv7-7w1xqk_1_2588370494/","2","2024/08/20 11:09:09","なんというか","私には切りにくい爪切りだったかな。切った時にどうにも刃の尻辺りにある謎の角に爪が引っ掛かるからぱちんぱちんとスムーズに切れない。引っ掛かって外してまた切ってなんてするからイライラしてくる。でも切る時の衝撃が柔らかいのか切った後の爪はそこまで布にひっかからない。それでも全く引っ掛からないわけではないからヤスリはかけた方がいいけどね。","0","354660-20240720-0536026443",""
"商品レビュー","【 楽天1位受賞★レビュー特典付き 】＼クーポンで最大20％OFF！／爪切り 高級 ケース付き つめきり 巻き爪 飛び散らない プラス 微粒やすり 飛び散り防止 滑り止め爪切り 手足用 高品質爪切り RP1 PKT3-2F","https://review.rakuten.co.jp/item/1/354660_10001158/epqr-iauxw-29xks0_1_2645306630/","5","2024/08/18 12:20:00","","発送が早かったです。ケースに少し傷はありましたが、商品には満足です。","0","354660-20240815-0790932888",""
"商品レビュー","【 楽天1位受賞★レビュー特典付き 】＼クーポンで最大20％OFF！／爪切り 高級 ケース付き つめきり 巻き爪 飛び散らない プラス 微粒やすり 飛び散り防止 滑り止め爪切り 手足用 高品質爪切り RP1 PKT3-2F","https://review.rakuten.co.jp/item/1/354660_10001158/epqr-iauxw-ij623j_1_2645166601/","2","2024/08/16 21:47:56","","頼んだ次の日に、届きました！
早くて嬉しかったのですが、シャンパンゴールド
どう見てもシルバー？で、間違えた？と思いましたが
口コミよく見ると、そう書いてる人がいて
そうゆう事なのかと残念でしたが
そう思う事にします。
せめて使いやすいといいなぁ…と思います！","0","354660-20240815-0750432866",""
"商品レビュー","【 楽天1位受賞★レビュー特典付き 】＼クーポンで最大20％OFF！／爪切り 高級 ケース付き つめきり 巻き爪 飛び散らない プラス 微粒やすり 飛び散り防止 滑り止め爪切り 手足用 高品質爪切り RP1 PKT3-2F","https://review.rakuten.co.jp/item/1/354660_10001158/epqr-iauxp-kko7ii_1_2623805204/","5","2024/08/10 8:07:21","","持ち歩く救急セット用にsサイズ購入しました。お手頃価格なので期待していませんでしたが、切れ味が良く爪が変に割れることもなく大変満足しています。爪が飛び散らないのも気に入っています。","0","354660-20240805-0933130812",""
"商品レビュー","【 楽天1位受賞★レビュー特典付き 】＼クーポンで最大20％OFF！／爪切り 高級 ケース付き つめきり 巻き爪 飛び散らない プラス 微粒やすり 飛び散り防止 滑り止め爪切り 手足用 高品質爪切り RP1 PKT3-2F","https://review.rakuten.co.jp/item/1/354660_10001158/epqr-iauxp-kduc4r_1_2626285392/","4","2024/08/08 19:35:04","シャンパンゴールド","クチコミでも確認していましたが、写真よりシルバー寄りでしたが、自身は好きなカラーでした。
切れ味も満足です。
足の親指の爪が大きい方なので(多分)、爪の両サイドも切りやすくて助かりました。","0","354660-20240805-0918431088",""
"商品レビュー","【 楽天1位受賞★レビュー特典付き 】＼クーポンで最大20％OFF！／爪切り 高級 ケース付き つめきり 巻き爪 飛び散らない プラス 微粒やすり 飛び散り防止 滑り止め爪切り 手足用 高品質爪切り RP1 PKT3-2F","https://review.rakuten.co.jp/item/1/354660_10001158/epqr-iauxp-ejwc1l_1_2622297937/","4","2024/08/07 22:30:48","オシャレな爪切り","8月5日に注文し、届いたのは7日でした。素早い発送ありがとうございました。
早速使ってみたところ、切れ味が軽く感じ切りやすかったです。ただ、個人差がありますが、若干重たく感じました。あと、爪くず入れですが、出来ればただパタンと開閉するものではなく、スライド式でパチっと開閉できるほうが良かったです。
これは私の主人が特殊？な切り方してるかもしれませんが、主人は爪切りは縦にして切ってるので、縦に爪切りをすることによって、爪くずいれの隙間から切ってる最中めちゃくちゃ飛び散ってて、よくよく見てると爪くず入れの閉めた隙間から爪が飛び散ってました。普通に切るには飛び散らないのですが、主人のように縦にして切る人？いるかはわかりませんが、切る時は気をつけてください。
なので、どの方向から爪を切っても爪が飛び散ってしまわないような作りに改良していただくともっといいと思いました。
ありがとうございました。","0","354660-20240805-0448230832",""
"商品レビュー","【 楽天1位受賞★レビュー特典付き 】＼クーポンで最大20％OFF！／爪切り 高級 ケース付き つめきり 巻き爪 飛び散らない プラス 微粒やすり 飛び散り防止 滑り止め爪切り 手足用 高品質爪切り RP1 PKT3-2F","https://review.rakuten.co.jp/item/1/354660_10001158/epqr-iauvm-dl52xp_1_2610702306/","4","2024/08/05 19:59:07","お値段以上","持ってた爪切りが壊れたので探してたらレビューが良かったので購入させて頂きました。
コスパ良いと思います。
皆さんのレビューにある様に切りやすいです。","0","354660-20240729-0390528741",""
"商品レビュー","【 楽天1位受賞★レビュー特典付き 】＼クーポンで最大20％OFF！／爪切り 高級 ケース付き つめきり 巻き爪 飛び散らない プラス 微粒やすり 飛び散り防止 滑り止め爪切り 手足用 高品質爪切り RP1 PKT3-2F","https://review.rakuten.co.jp/item/1/354660_10001158/epqr-iauv5-fj6fgz_1_2611270112/","4","2024/08/02 15:38:05","","爪切りが壊れたので購入。Lサイズを購入しましたがいつも使っていたのより小さいので切りにくいです。慣れるまで仕方ないですね。よく切れるし色もきれいです。","0","354660-20240730-0569028635",""
"商品レビュー","【 楽天1位受賞★レビュー特典付き 】＼クーポンで最大20％OFF！／爪切り 高級 ケース付き つめきり 巻き爪 飛び散らない プラス 微粒やすり 飛び散り防止 滑り止め爪切り 手足用 高品質爪切り RP1 PKT3-2F","https://review.rakuten.co.jp/item/1/354660_10001158/epqr-iauvf-l79ufx_1_2594176717/","3","2024/08/01 16:49:37","爪切り","金属製のケースに入ってしたが、ケースに凹みが有りました。交換するほどでもないのでそのままにしています","0","354660-20240721-0981026996",""
"商品レビュー","【 楽天1位受賞★レビュー特典付き 】＼クーポンで最大20％OFF！／爪切り 高級 ケース付き つめきり 巻き爪 飛び散らない プラス 微粒やすり 飛び散り防止 滑り止め爪切り 手足用 高品質爪切り RP1 PKT3-2F","https://review.rakuten.co.jp/item/1/354660_10001158/epqr-iauv2-6nfpz_2_2605500923/","4","2024/07/31 20:56:46","","切れやすいですが、ちょっと重たいかなーって感じがします。
爪屑入れを開けないと収納できないので、閉めたままでも収納できればさらに良いなと思います。
キャンバスポーチ希望です。","0","354660-20240725-0047928167",""
"商品レビュー","【 楽天1位受賞★レビュー特典付き 】＼クーポンで最大20％OFF！／爪切り 高級 ケース付き つめきり 巻き爪 飛び散らない プラス 微粒やすり 飛び散り防止 滑り止め爪切り 手足用 高品質爪切り RP1 PKT3-2F","https://review.rakuten.co.jp/item/1/354660_10001158/epqr-iauvf-iqq806_1_2593267783/","5","2024/07/31 12:49:02","いい商品","とても切りやすく、切った爪も飛び散らないです。いい商品です。","0","354660-20240721-0765326908",""
"商品レビュー","【 楽天1位受賞★レビュー特典付き 】＼クーポンで最大20％OFF！／爪切り 高級 ケース付き つめきり 巻き爪 飛び散らない プラス 微粒やすり 飛び散り防止 滑り止め爪切り 手足用 高品質爪切り RP1 PKT3-2F","https://review.rakuten.co.jp/item/1/354660_10001158/epqr-iauv2-iey6go_1_2604114119/","5","2024/07/29 23:13:30","","とても早く届き、切れ味も良かったです。何より爪が飛ばないのが良かったです。","0","354660-20240725-0738927740",""
"商品レビュー","【 楽天1位受賞★レビュー特典付き 】＼クーポンで最大20％OFF！／爪切り 高級 ケース付き つめきり 巻き爪 飛び散らない プラス 微粒やすり 飛び散り防止 滑り止め爪切り 手足用 高品質爪切り RP1 PKT3-2F","https://review.rakuten.co.jp/item/1/354660_10001158/epqr-iauvb-29q30h_1_2580269373/","4","2024/07/25 13:17:18","","切れ味もよく手に馴染みやすいサイズでした。しばらく使用すれば刃先なども馴染んでくるんでしょう","0","354660-20240715-0790525019",""
"商品レビュー","【 楽天1位受賞★レビュー特典付き 】＼クーポンで最大20％OFF！／爪切り 高級 ケース付き つめきり 巻き爪 飛び散らない プラス 微粒やすり 飛び散り防止 滑り止め爪切り 手足用 高品質爪切り RP1 PKT3-2F","https://review.rakuten.co.jp/item/1/354660_10001158/epqr-iauvd-ebdyzs_1_2585388671/","4","2024/07/23 8:54:51","","レビュー欄にあった様にシャンパンゴールドを買ったのですが、シルバーでした…切れ味良かったです^^","0","354660-20240718-0428626070",""
"商品レビュー","【 楽天1位受賞★レビュー特典付き 】＼クーポンで最大20％OFF！／爪切り 高級 ケース付き つめきり 巻き爪 飛び散らない プラス 微粒やすり 飛び散り防止 滑り止め爪切り 手足用 高品質爪切り RP1 PKT3-2F","https://review.rakuten.co.jp/item/1/354660_10001158/epqr-iaurj-bo1311_1_2425477382/","5","2024/07/21 17:54:01","軽い・切れ味・抜群","注文番号：354660-20240510-0215210020
レビュー大変遅くなりました。今まで何十年使用したかも忘れるほど、\100均の爪切りを使用しておりました。刃がこぼれて切りづらくなったので、こちらの爪切りの説明文を信じて買い換えました。使用感ですが、物も切れ味も非常に軽いです。そして、何よりとてもきれいに切れます。足の爪も力いらずで軽々です。これは高齢者にも良いと思い、リピ確定。実家の母にプレゼントしようと思います。配送も早かったです、ありがとうございました。","0","354660-20240510-0215210020",""
"商品レビュー","【 楽天1位受賞★レビュー特典付き 】＼クーポンで最大20％OFF！／爪切り 高級 ケース付き つめきり 巻き爪 飛び散らない プラス 微粒やすり 飛び散り防止 滑り止め爪切り 手足用 高品質爪切り RP1 PKT3-2F","https://review.rakuten.co.jp/item/1/354660_10001158/epqr-iauv1-ins1c6_1_2582740926/","4","2024/07/20 12:29:48","","同じような価格帯で色々購入した中で使い勝手、外観とも良い物でした","0","354660-20240716-0758725264",""
"商品レビュー","【 楽天1位受賞★レビュー特典付き 】＼クーポンで最大20％OFF！／爪切り 高級 ケース付き つめきり 巻き爪 飛び散らない プラス 微粒やすり 飛び散り防止 滑り止め爪切り 手足用 高品質爪切り RP1 PKT3-2F","https://review.rakuten.co.jp/item/1/354660_10001158/epqr-iaurv-2pls3e_1_2460350583/","5","2024/07/19 22:39:46","","以前自分用に購入し
今回は両親へプレゼント。
切りやすいととても喜んで貰えました","0","354660-20240526-0822113323",""
"商品レビュー","【 楽天1位受賞★レビュー特典付き 】＼クーポンで最大20％OFF！／爪切り 高級 ケース付き つめきり 巻き爪 飛び散らない プラス 微粒やすり 飛び散り防止 滑り止め爪切り 手足用 高品質爪切り RP1 PKT3-2F","https://review.rakuten.co.jp/item/1/354660_10001158/epqr-iautc-97laaw_1_2497019337/","4","2024/07/19 22:19:39","","今まで１０年以上前に購入した爪切りを使っていましたが、切れなくなってきていたのでこちらを購入させていただきました。
初めて使ったときはよく切れるのでとても感動しました。子供たち用にも小さいサイズを購入検討しています。
ケースに入っているのもかっこいいし、すぐに見つけられていいです。
詰めやすりははじめ使い方が分かりませんでしたが、青いフィルムをはがすと使えました。","0","354660-20240609-0135117139",""
"商品レビュー","【 楽天1位受賞★レビュー特典付き 】＼クーポンで最大20％OFF！／爪切り 高級 ケース付き つめきり 巻き爪 飛び散らない プラス 微粒やすり 飛び散り防止 滑り止め爪切り 手足用 高品質爪切り RP1 PKT3-2F","https://review.rakuten.co.jp/item/1/354660_10001158/epqr-iaut8-bj0die_1_2537393393/","4","2024/07/13 15:01:54","ちょっと良い爪切りゲット","ケース入りの爪切りとやすりをゲットしました。シャンパンゴールドを選択しましたが、私が見たところ実物は渋い感じのシルバーなイメージです。今のところ切れ味はよく、気持ちよく使用できています。爪切りの切り口がもう少し広いと良いなと思いました。ここは好みの問題だと思います。","0","354660-20240626-0204921367",""
"商品レビュー","【 楽天1位受賞★レビュー特典付き 】＼クーポンで最大20％OFF！／爪切り 高級 ケース付き つめきり 巻き爪 飛び散らない プラス 微粒やすり 飛び散り防止 滑り止め爪切り 手足用 高品質爪切り RP1 PKT3-2F","https://review.rakuten.co.jp/item/1/354660_10001158/epqr-iautr-13aklw_1_2540510248/","4","2024/07/12 15:57:04","","とても使いやすかったです!爪やすりが別にセットされていてよかったです!","0","354660-20240628-0283921807",""
"商品レビュー","【 楽天1位受賞★レビュー特典付き 】＼クーポンで最大20％OFF！／爪切り 高級 ケース付き つめきり 巻き爪 飛び散らない プラス 微粒やすり 飛び散り防止 滑り止め爪切り 手足用 高品質爪切り RP1 PKT3-2F","https://review.rakuten.co.jp/item/1/354660_10001158/epqr-iaut8-dsldac_1_2538125120/","5","2024/07/11 0:01:00","","注文後すぐに届き
使いやすいでした。
すごく切りやすくこれから我が家で重宝していきたいです！","0","354660-20240626-0407221385",""
"商品レビュー","【 楽天1位受賞★レビュー特典付き 】＼クーポンで最大20％OFF！／爪切り 高級 ケース付き つめきり 巻き爪 飛び散らない プラス 微粒やすり 飛び散り防止 滑り止め爪切り 手足用 高品質爪切り RP1 PKT3-2F","https://review.rakuten.co.jp/item/1/354660_10001158/epqr-iauuu-9w2igc_1_2553438122/","5","2024/07/10 6:25:49","","高級感があって切れ味も良いのでリピして妻にプレゼントしました。切れ味が良いと喜んでもらえてました。","0","354660-20240705-0173622893",""
"商品レビュー","【 楽天1位受賞★レビュー特典付き 】＼クーポンで最大20％OFF！／爪切り 高級 ケース付き つめきり 巻き爪 飛び散らない プラス 微粒やすり 飛び散り防止 滑り止め爪切り 手足用 高品質爪切り RP1 PKT3-2F","https://review.rakuten.co.jp/item/1/354660_10001158/epqr-iauto-7eo0q2_1_2530845264/","5","2024/06/29 14:16:43","","前に購入して良かったので、息子にも…と購入。高級感があり使用感もよいです。","0","354660-20240624-0496420681",""
"商品レビュー","【 楽天1位受賞★レビュー特典付き 】＼クーポンで最大20％OFF！／爪切り 高級 ケース付き つめきり 巻き爪 飛び散らない プラス 微粒やすり 飛び散り防止 滑り止め爪切り 手足用 高品質爪切り RP1 PKT3-2F","https://review.rakuten.co.jp/item/1/354660_10001158/epqr-iautp-fpyghi_1_2530955192/","5","2024/06/28 23:32:12","","切れ味が良くて爪が飛び散らないので使い勝手が良いですね。家族にも勧めてみたいと思います。","0","354660-20240625-0581020536",""
"商品レビュー","【 楽天1位受賞★レビュー特典付き 】＼クーポンで最大20％OFF！／爪切り 高級 ケース付き つめきり 巻き爪 飛び散らない プラス 微粒やすり 飛び散り防止 滑り止め爪切り 手足用 高品質爪切り RP1 PKT3-2F","https://review.rakuten.co.jp/item/1/354660_10001158/epqr-iauto-tbr9h_2_2529419731/","5","2024/06/28 15:30:29","","このお値段で、この内容なら大満足です。
切り心地もとてもよかったです","0","354660-20240624-0045520787",""
"商品レビュー","【 楽天1位受賞★レビュー特典付き 】＼クーポンで最大20％OFF！／爪切り 高級 ケース付き つめきり 巻き爪 飛び散らない プラス 微粒やすり 飛び散り防止 滑り止め爪切り 手足用 高品質爪切り RP1 PKT3-2F","https://review.rakuten.co.jp/item/1/354660_10001158/epqr-iautp-hqesym_1_2531598246/","5","2024/06/26 15:40:48","","シャンパンゴールドを購入しましたが、素敵な色合いでした。爪も切りやすく、飛び散らないので後片付けも楽でした。","0","354660-20240625-0704120597",""
"商品レビュー","【 楽天1位受賞★レビュー特典付き 】＼クーポンで最大20％OFF！／爪切り 高級 ケース付き つめきり 巻き爪 飛び散らない プラス 微粒やすり 飛び散り防止 滑り止め爪切り 手足用 高品質爪切り RP1 PKT3-2F","https://review.rakuten.co.jp/item/1/354660_10001158/epqr-iaut1-l56j7k_1_2493004270/","5","2024/06/18 12:15:25","","とても切れ味がよく、高級感のある見た目でとても重宝しています","0","354660-20240608-0999016719",""
"商品レビュー","【 楽天1位受賞★レビュー特典付き 】＼クーポンで最大20％OFF！／爪切り 高級 ケース付き つめきり 巻き爪 飛び散らない プラス 微粒やすり 飛び散り防止 滑り止め爪切り 手足用 高品質爪切り RP1 PKT3-2F","https://review.rakuten.co.jp/item/1/354660_10001158/epqr-iautd-c5zl2w_1_2503612647/","4","2024/06/16 11:33:27","黒、良いなぁ&#12316;","注文番号
354660-20240610-0334218163
爪切りは、軽く切れる感じで良いですね。キチンと収納されているし「爪切りどこいったぁ&#12316;！？」ってならなくなると思うのも良いところだと思います。
ヤスリのほうは、まだ、使ってないので星を4にしました。使い初めてたら星は5になると思います。期待大です。","0","354660-20240610-0334218163",""
"商品レビュー","【 楽天1位受賞★レビュー特典付き 】＼クーポンで最大20％OFF！／爪切り 高級 ケース付き つめきり 巻き爪 飛び散らない プラス 微粒やすり 飛び散り防止 滑り止め爪切り 手足用 高品質爪切り RP1 PKT3-2F","https://review.rakuten.co.jp/item/1/354660_10001158/epqr-iauta-jlvi9o_1_2480948413/","3","2024/06/16 8:22:11","やすりが残念…","切れ味は良いです。やすりが一体になっているともっと使い良いと思います。","0","354660-20240605-0874815644",""
"商品レビュー","【 楽天1位受賞★レビュー特典付き 】＼クーポンで最大20％OFF！／爪切り 高級 ケース付き つめきり 巻き爪 飛び散らない プラス 微粒やすり 飛び散り防止 滑り止め爪切り 手足用 高品質爪切り RP1 PKT3-2F","https://review.rakuten.co.jp/item/1/354660_10001158/epqr-iauta-72hu3d_1_2483461059/","3","2024/06/15 8:35:30","重量感","切れ味がとても良く気持ちが良いです&#10024;
爪を捨てる時も楽です。
ただ、重いです。重量感で疲れます。
爪も使用中に脇から多少は出るけど脇が開いているからしょうがないと思います。
爪ヤスリも使いやすくて良かったです。","0","354660-20240605-0506116122",""
"商品レビュー","【 楽天1位受賞★レビュー特典付き 】＼クーポンで最大20％OFF！／爪切り 高級 ケース付き つめきり 巻き爪 飛び散らない プラス 微粒やすり 飛び散り防止 滑り止め爪切り 手足用 高品質爪切り RP1 PKT3-2F","https://review.rakuten.co.jp/item/1/354660_10001158/epqr-iautd-b09nsp_1_2500967585/","5","2024/06/14 8:12:59","","はじめ、使い方わからなかったです（笑）切れ味良いです。","0","354660-20240610-0181517421",""
"商品レビュー","【 楽天1位受賞★レビュー特典付き 】＼クーポンで最大20％OFF！／爪切り 高級 ケース付き つめきり 巻き爪 飛び散らない プラス 微粒やすり 飛び散り防止 滑り止め爪切り 手足用 高品質爪切り RP1 PKT3-2F","https://review.rakuten.co.jp/item/1/354660_10001158/epqr-iautd-c5swhj_1_2501886810/","4","2024/06/13 12:02:54","切りやすいです！","とても切りやすく、切った爪が1箇所にまとまるところがとても良かったです！
いい商品を購入できました。
爪やすりが別ではなく、一体だと良かったので☆を一つ減らしました。","0","354660-20240610-0333817610",""
"商品レビュー","【 楽天1位受賞★レビュー特典付き 】＼クーポンで最大20％OFF！／爪切り 高級 ケース付き つめきり 巻き爪 飛び散らない プラス 微粒やすり 飛び散り防止 滑り止め爪切り 手足用 高品質爪切り RP1 PKT3-2F","https://review.rakuten.co.jp/item/1/354660_10001158/epqr-iaur8-ba9vy0_1_2444503894/","4","2024/06/12 9:36:13","","切った爪を溜める部分の蓋の開け閉めで爪を切れるようになったりしまえる様になったりと面白い構造だと思いました。使っていた爪切りの留め具が壊れて使えなくなったので、この構造だと壊れにくいのかなと思いました。切れ味は前のものが良かったので★4つ。","0","354660-20240518-0183211524",""
"商品レビュー","【 楽天1位受賞★レビュー特典付き 】＼クーポンで最大20％OFF！／爪切り 高級 ケース付き つめきり 巻き爪 飛び散らない プラス 微粒やすり 飛び散り防止 滑り止め爪切り 手足用 高品質爪切り RP1 PKT3-2F","https://review.rakuten.co.jp/item/1/354660_10001158/epqr-iaut1-1konbe_1_2493802791/","3","2024/06/11 14:19:32","よく切れます。","シャンパンゴールドを注文しましたが思ったよりシルバーです。ヤスリは青いシールをはがしてから使うんですね。よく削れます。爪くず入れのふたの塗装が少しはがれていて残念です。","0","354660-20240608-0268016803",""
"商品レビュー","【 楽天1位受賞★レビュー特典付き 】＼クーポンで最大20％OFF！／爪切り 高級 ケース付き つめきり 巻き爪 飛び散らない プラス 微粒やすり 飛び散り防止 滑り止め爪切り 手足用 高品質爪切り RP1 PKT3-2F","https://review.rakuten.co.jp/item/1/354660_10001158/epqr-iauta-f95lfe_1_2479673051/","4","2024/06/07 7:24:30","高級感あり","シャンパンゴールドのLサイズを頼みました。
想像してたより小さくて、Sサイズと間違ったのかと思いました。従来品より少し小さいので、慣れるのに時間がかかりそうてすが、切れ味は文句なし、見た目の高級感もあります。アルミケースがついているのもありがたいです。","0","354660-20240605-0548415691",""
"商品レビュー","【 楽天1位受賞★レビュー特典付き 】＼クーポンで最大20％OFF！／爪切り 高級 ケース付き つめきり 巻き爪 飛び散らない プラス 微粒やすり 飛び散り防止 滑り止め爪切り 手足用 高品質爪切り RP1 PKT3-2F","https://review.rakuten.co.jp/item/1/354660_10001158/epqr-iaus4-crwopw_1_2471297835/","5","2024/06/04 20:58:27","","軽い力でかなり切れる。ヤスリも使いやすいし、ケースがあるので一緒に収納しておけるのがいい。","0","354660-20240602-0344114707",""
"商品レビュー","【 楽天1位受賞★レビュー特典付き 】＼クーポンで最大20％OFF！／爪切り 高級 ケース付き つめきり 巻き爪 飛び散らない プラス 微粒やすり 飛び散り防止 滑り止め爪切り 手足用 高品質爪切り RP1 PKT3-2F","https://review.rakuten.co.jp/item/1/354660_10001158/epqr-iaur4-kk80nx_1_2466016172/","5","2024/06/02 14:05:33","","息子が、爪切りが欲しいと言ってたので購入しました。高級感があってとても喜んでいました。","0","354660-20240530-0933214028",""
"商品レビュー","【 楽天1位受賞★レビュー特典付き 】＼クーポンで最大20％OFF！／爪切り 高級 ケース付き つめきり 巻き爪 飛び散らない プラス 微粒やすり 飛び散り防止 滑り止め爪切り 手足用 高品質爪切り RP1 PKT3-2F","https://review.rakuten.co.jp/item/1/354660_10001158/epqr-iauru-13a7vw_1_2455025226/","5","2024/05/30 8:50:55","","このお値段でこのクオリティは素晴らしいです！","0","354660-20240525-0283913239",""
"商品レビュー","【 楽天1位受賞★レビュー特典付き 】＼クーポンで最大20％OFF！／爪切り 高級 ケース付き つめきり 巻き爪 飛び散らない プラス 微粒やすり 飛び散り防止 滑り止め爪切り 手足用 高品質爪切り RP1 PKT3-2F","https://review.rakuten.co.jp/item/1/354660_10001158/epqr-iaurr-eyxp6y_1_2446204471/","5","2024/05/25 20:19:51","","前から持っていた爪切りの切れが悪くなり探していたところいいのがみつかり早速購入
つかったところ切れ味もよくケースにも入っててありがたいです","0","354660-20240520-0480211809",""
"商品レビュー","【 楽天1位受賞★レビュー特典付き 】＼クーポンで最大20％OFF！／爪切り 高級 ケース付き つめきり 巻き爪 飛び散らない プラス 微粒やすり 飛び散り防止 滑り止め爪切り 手足用 高品質爪切り RP1 PKT3-2F","https://review.rakuten.co.jp/item/1/354660_10001158/epqr-iaurq-feh4xk_1_2445620324/","5","2024/05/21 19:36:19","","すぐ届いた。シャンパンゴールドの色もイメージ通り。","0","354660-20240519-0556511343",""
"商品レビュー","【 楽天1位受賞★レビュー特典付き 】＼クーポンで最大20％OFF！／爪切り 高級 ケース付き つめきり 巻き爪 飛び散らない プラス 微粒やすり 飛び散り防止 滑り止め爪切り 手足用 高品質爪切り RP1 PKT3-2F","https://review.rakuten.co.jp/item/1/354660_10001158/epqr-iaurr-j45ur2_1_2447556665/","5","2024/05/20 21:52:47","","大変良かったです！！めっちゃ使いやすい！！","0","354660-20240520-0904511677",""
"商品レビュー","【 楽天1位受賞★レビュー特典付き 】＼クーポンで最大20％OFF！／爪切り 高級 ケース付き つめきり 巻き爪 飛び散らない プラス 微粒やすり 飛び散り防止 滑り止め爪切り 手足用 高品質爪切り RP1 PKT3-2F","https://review.rakuten.co.jp/item/1/354660_10001158/epqr-iaunj-decg1s_1_2336370031/","4","2024/05/19 14:15:18","使いやすい","100均の爪切りを2年ほど使っていて早くちゃんとしたのを買わなければと思っていて今回こちらにたどり着きました。大きさもちょうどよく切れ味もよくて満足です。","0","354660-20240330-0374800778",""
"商品レビュー","【 楽天1位受賞★レビュー特典付き 】＼クーポンで最大20％OFF！／爪切り 高級 ケース付き つめきり 巻き爪 飛び散らない プラス 微粒やすり 飛び散り防止 滑り止め爪切り 手足用 高品質爪切り RP1 PKT3-2F","https://review.rakuten.co.jp/item/1/354660_10001158/epqr-iaurf-e5g4tq_1_2412661452/","4","2024/05/17 19:11:24","","結構ごつめの作りです。
でも、重たくなく、切れ味もいいです。
ケースいる？？って感じなのと、、
ヤスリが物足りない。","0","354660-20240505-0454007939",""
"商品レビュー","【 楽天1位受賞★レビュー特典付き 】＼クーポンで最大20％OFF！／爪切り 高級 ケース付き つめきり 巻き爪 飛び散らない プラス 微粒やすり 飛び散り防止 滑り止め爪切り 手足用 高品質爪切り RP1 PKT3-2F","https://review.rakuten.co.jp/item/1/354660_10001158/epqr-iapq5-gxkkye_1_1323886114/","4","2024/05/08 2:25:46","","自分用に買って良かったので息子たちの分も買い足しました。切れ味は普通ですが、収納場所に困っていた爪切りを各自自分のものは自分の缶に収納して引き出しにしまってくれるようになったのでそれが一番良かった点です。蓋にイニシャルシール貼ってます。","0","354660-20230110-0659129947",""
"商品レビュー","【 楽天1位受賞★レビュー特典付き 】＼クーポンで最大20％OFF！／爪切り 高級 ケース付き つめきり 巻き爪 飛び散らない プラス 微粒やすり 飛び散り防止 滑り止め爪切り 手足用 高品質爪切り RP1 PKT3-2F","https://review.rakuten.co.jp/item/1/354660_10001158/epqr-iaurd-a49wwl_1_2407733104/","5","2024/05/05 19:56:39","いいね！","ちょっと高いけど高級感あって買って損はない品です。","0","354660-20240502-0117707740",""
"商品レビュー","【 楽天1位受賞★レビュー特典付き 】＼クーポンで最大20％OFF！／爪切り 高級 ケース付き つめきり 巻き爪 飛び散らない プラス 微粒やすり 飛び散り防止 滑り止め爪切り 手足用 高品質爪切り RP1 PKT3-2F","https://review.rakuten.co.jp/item/1/354660_10001158/epqr-iau8d-7y85bx_1_2405144944/","5","2024/05/04 4:21:48","","今まで使っていた爪切りが壊れて100均のでもいいかなと思っていたけどコレそれだけの価値はあると思います見た目もカッコいいし切れ味もいい買って良かったです","0","354660-20240430-0540206636",""
"商品レビュー","【 楽天1位受賞★レビュー特典付き 】＼クーポンで最大20％OFF！／爪切り 高級 ケース付き つめきり 巻き爪 飛び散らない プラス 微粒やすり 飛び散り防止 滑り止め爪切り 手足用 高品質爪切り RP1 PKT3-2F","https://review.rakuten.co.jp/item/1/354660_10001158/epqr-iaup4-2494ks_1_2387220887/","5","2024/05/02 13:38:58","","コンパクトにケースに収納。切れ味も私好み。爪ヤスリも入っていて使いやすく、常にケースにしまえるし持ち運びもおしゃれにできて嬉しいです。","0","354660-20240422-0843305174",""
"商品レビュー","【 楽天1位受賞★レビュー特典付き 】＼クーポンで最大20％OFF！／爪切り 高級 ケース付き つめきり 巻き爪 飛び散らない プラス 微粒やすり 飛び散り防止 滑り止め爪切り 手足用 高品質爪切り RP1 PKT3-2F","https://review.rakuten.co.jp/item/1/354660_10001158/epqr-iaupv-c8kmph_1_2381626972/","5","2024/04/21 22:43:29","買って損なし","爪切った後にちゃんと収納されるし、切れ味が抜群で良かったです！コスパも最強でした&#128170;","0","354660-20240418-0340005071",""
"商品レビュー","【 楽天1位受賞★レビュー特典付き 】＼クーポンで最大20％OFF！／爪切り 高級 ケース付き つめきり 巻き爪 飛び散らない プラス 微粒やすり 飛び散り防止 滑り止め爪切り 手足用 高品質爪切り RP1 PKT3-2F","https://review.rakuten.co.jp/item/1/354660_10001158/epqr-iaupp-cnaf8v_1_2360002410/","5","2024/04/21 6:22:39","","2回目です。手用に買い、切れ味が良かったため足用にも色違いで購入しました。おすすめですね。","0","354660-20240409-0334302726",""
"商品レビュー","【 楽天1位受賞★レビュー特典付き 】＼クーポンで最大20％OFF！／爪切り 高級 ケース付き つめきり 巻き爪 飛び散らない プラス 微粒やすり 飛び散り防止 滑り止め爪切り 手足用 高品質爪切り RP1 PKT3-2F","https://review.rakuten.co.jp/item/1/354660_10001158/epqr-iaupp-dpz0ls_1_2359980957/","4","2024/04/15 14:26:04","","良い商品です。
ケースもついており、便利です。","0","354660-20240409-0399702554",""
"商品レビュー","【 楽天1位受賞★レビュー特典付き 】＼クーポンで最大20％OFF！／爪切り 高級 ケース付き つめきり 巻き爪 飛び散らない プラス 微粒やすり 飛び散り防止 滑り止め爪切り 手足用 高品質爪切り RP1 PKT3-2F","https://review.rakuten.co.jp/item/1/354660_10001158/epqr-iaupl-fu99yx_1_2345188189/","4","2024/04/15 11:46:03","","切りやすかったです。
ケースからは出しにくい","0","354660-20240404-0593001572",""
"商品レビュー","【 楽天1位受賞★レビュー特典付き 】＼クーポンで最大20％OFF！／爪切り 高級 ケース付き つめきり 巻き爪 飛び散らない プラス 微粒やすり 飛び散り防止 滑り止め爪切り 手足用 高品質爪切り RP1 PKT3-2F","https://review.rakuten.co.jp/item/1/354660_10001158/epqr-iaunj-2nrdci_1_2338037925/","4","2024/04/14 17:55:30","使いやすいです","切れ味がとてもよく、楽に切れます。
色も高級感があって良かったです。
爪屑入れは、結局刃の方から捨てているので、あまり必要ないかなって印象です。","0","354660-20240330-0819100704",""
"商品レビュー","【 楽天1位受賞★レビュー特典付き 】＼クーポンで最大20％OFF！／爪切り 高級 ケース付き つめきり 巻き爪 飛び散らない プラス 微粒やすり 飛び散り防止 滑り止め爪切り 手足用 高品質爪切り RP1 PKT3-2F","https://review.rakuten.co.jp/item/1/354660_10001158/epqr-iaupk-cx0moq_1_2344145535/","5","2024/04/11 17:53:43","","しっかりしていて切れ味もよく、爪も飛び散らずに切れて便利です。ただ、カーブの具合なのか爪端の薄皮を切ることがあって少しだけ怖いです。","0","354660-20240403-0356101367",""
"商品レビュー","【 楽天1位受賞★レビュー特典付き 】＼クーポンで最大20％OFF！／爪切り 高級 ケース付き つめきり 巻き爪 飛び散らない プラス 微粒やすり 飛び散り防止 滑り止め爪切り 手足用 高品質爪切り RP1 PKT3-2F","https://review.rakuten.co.jp/item/1/354660_10001158/epqr-iaupm-a2ngy1_2_2347187568/","5","2024/04/08 12:12:38","","切り易いです。
切った後も角が無く引っ掛かる部分が殆ど出来ないので爪ヤスリも少しで済みます。","0","354660-20240405-0083201800",""
"商品レビュー","【 楽天1位受賞★レビュー特典付き 】＼クーポンで最大20％OFF！／爪切り 高級 ケース付き つめきり 巻き爪 飛び散らない プラス 微粒やすり 飛び散り防止 滑り止め爪切り 手足用 高品質爪切り RP1 PKT3-2F","https://review.rakuten.co.jp/item/1/354660_10001158/epqr-iaung-1mtmie_1_2331958031/","5","2024/04/07 9:11:43","自分用です","ケースに入っているのでギフトにしてもいいですが、自分用です。どこに置いたか見つけやすく助かります。切れもよく、短く切れました。","0","354660-20240326-0271700359",""
"商品レビュー","【 楽天1位受賞★レビュー特典付き 】＼クーポンで最大20％OFF！／爪切り 高級 ケース付き つめきり 巻き爪 飛び散らない プラス 微粒やすり 飛び散り防止 滑り止め爪切り 手足用 高品質爪切り RP1 PKT3-2F","https://review.rakuten.co.jp/item/1/354660_10001158/epqr-iaunf-7umjdv_1_2325222969/","4","2024/03/29 8:37:38","","見た目も使い勝手もよかったです。
購入してよかったです。","0","354660-20240325-0533249814",""
"商品レビュー","【 楽天1位受賞★レビュー特典付き 】＼クーポンで最大20％OFF！／爪切り 高級 ケース付き つめきり 巻き爪 飛び散らない プラス 微粒やすり 飛び散り防止 滑り止め爪切り 手足用 高品質爪切り RP1 PKT3-2F","https://review.rakuten.co.jp/item/1/354660_10001158/epqr-iaune-grt2iv_1_2321764795/","5","2024/03/28 18:39:06","","切れ味のいい爪切りが欲しくて購入。
これまでコンビニとかに売ってるような安い爪切りを使っていたけど、それらと比べるとかなり切れ味がよくて、謳い文句の通り爪が飛び散る事もなかったです。
金属製で見た目も高級感があり、ケースや爪ヤスリまでついて\1,250というのはかなりいい買い物だったと思います。","0","354660-20240323-0646249566",""
"商品レビュー","【 楽天1位受賞★レビュー特典付き 】＼クーポンで最大20％OFF！／爪切り 高級 ケース付き つめきり 巻き爪 飛び散らない プラス 微粒やすり 飛び散り防止 滑り止め爪切り 手足用 高品質爪切り RP1 PKT3-2F","https://review.rakuten.co.jp/item/1/354660_10001158/epqr-iaun1-lcgnq7_1_2315309620/","5","2024/03/22 10:31:29","ショップの商品説明を読んでください","切った爪が飛ばないし、切れ味も良いです
説明書が一切入っておらす一瞬戸惑いましたが、売り場の商品説明欄に使い方が出ていました","0","354660-20240320-0976348916",""
"商品レビュー","【 楽天1位受賞★レビュー特典付き 】＼クーポンで最大20％OFF！／爪切り 高級 ケース付き つめきり 巻き爪 飛び散らない プラス 微粒やすり 飛び散り防止 滑り止め爪切り 手足用 高品質爪切り RP1 PKT3-2F","https://review.rakuten.co.jp/item/1/354660_10001158/epqr-iauld-h25uey_1_2235261383/","4","2024/03/20 21:12:27","初めて購入","久しぶりに爪切りを購入しました。小さい方を方を購入。子供たちがよく切れると自分できるようになりました。使い慣れてないですが引き継ぎ使っていこうと思います。ケースもあってよかったです。","0","354660-20240214-0687840621",""
"商品レビュー","【 楽天1位受賞★レビュー特典付き 】＼クーポンで最大20％OFF！／爪切り 高級 ケース付き つめきり 巻き爪 飛び散らない プラス 微粒やすり 飛び散り防止 滑り止め爪切り 手足用 高品質爪切り RP1 PKT3-2F","https://review.rakuten.co.jp/item/1/354660_10001158/epqr-iau5z-kpuqq4_1_2307457724/","5","2024/03/17 16:17:51","爪切り","購入してすぐ届きました。爪切りが使用中壊れてしまいすぐにこちらの商品を注文しましたがしっかりしたケースに入っていて高級感さえ漂いビックリ。切った爪も飛び散りしないので良き。爪切りが使用出来ないところに今度は爪切りニッパーも準備出来たので安心です。爪切りニッパーも先にケースが付いて保管も安心。","0","354660-20240315-0943648270",""
"商品レビュー","【 楽天1位受賞★レビュー特典付き 】＼クーポンで最大20％OFF！／爪切り 高級 ケース付き つめきり 巻き爪 飛び散らない プラス 微粒やすり 飛び散り防止 滑り止め爪切り 手足用 高品質爪切り RP1 PKT3-2F","https://review.rakuten.co.jp/item/1/354660_10001158/epqr-iaula-2sxisn_1_2227246451/","5","2024/03/12 14:11:36","","切れ味がとても良いです。
サイズLを購入しましたが、丁度良い大きさです。","0","354660-20240209-0831239803",""
"商品レビュー","【 楽天1位受賞★レビュー特典付き 】＼クーポンで最大20％OFF！／爪切り 高級 ケース付き つめきり 巻き爪 飛び散らない プラス 微粒やすり 飛び散り防止 滑り止め爪切り 手足用 高品質爪切り RP1 PKT3-2F","https://review.rakuten.co.jp/item/1/354660_10001158/epqr-iau53-llno6y_1_2280922845/","4","2024/03/10 16:58:22","爪切りってなかなか買わないよね。","今使っている爪切りが切れなくて、爪切りを買い替えたくて、色々見ていた中でこの商品が気になり購入しました。
使用感はやはり新品なので良く切れます。特に切りにくいとかも無かったです。今後どのくらいの期間で消耗するかで評価しようと思って星4つけました。永く使えたらいいな。
ブロンズを選びましたが色も気に入りました。重厚感があってかっこいいです。
買ってよかったです。","0","354660-20240305-0995246097",""
"商品レビュー","【 楽天1位受賞★レビュー特典付き 】＼クーポンで最大20％OFF！／爪切り 高級 ケース付き つめきり 巻き爪 飛び散らない プラス 微粒やすり 飛び散り防止 滑り止め爪切り 手足用 高品質爪切り RP1 PKT3-2F","https://review.rakuten.co.jp/item/1/354660_10001158/epqr-iaull-60gtr_2_2256654367/","5","2024/03/07 19:30:23","最高の仕上がりに！","とても切れ味が良く、爪がなめらかに仕上がる
気に入ったので、家族分追加で購入しました","0","354660-20240224-0047043204",""
"商品レビュー","【 楽天1位受賞★レビュー特典付き 】＼クーポンで最大20％OFF！／爪切り 高級 ケース付き つめきり 巻き爪 飛び散らない プラス 微粒やすり 飛び散り防止 滑り止め爪切り 手足用 高品質爪切り RP1 PKT3-2F","https://review.rakuten.co.jp/item/1/354660_10001158/epqr-iaulm-ccpsoh_1_2257612535/","5","2024/03/01 22:04:58","","息子に購入しました。
今まで子供用を使ってたので、こちらにしたらよく切れると喜んでました。
ケースはいらないかなと思ってましたが、息子はケースにしまってました。
大事に使います。","0","354660-20240225-0311743163",""
"商品レビュー","【 楽天1位受賞★レビュー特典付き 】＼クーポンで最大20％OFF！／爪切り 高級 ケース付き つめきり 巻き爪 飛び散らない プラス 微粒やすり 飛び散り防止 滑り止め爪切り 手足用 高品質爪切り RP1 PKT3-2F","https://review.rakuten.co.jp/item/1/354660_10001158/epqr-iaulg-jbwq0h_1_2242072016/","4","2024/02/27 10:17:25","爪切りは、とても良い！","爪切りの切れ味はとても良いです。
ただ、爪ヤスリは、やはり、爪切りに付いていた方が、保管が楽ですね。
爪切りは、とても良いです。","0","354660-20240218-0853041467",""
"商品レビュー","【 楽天1位受賞★レビュー特典付き 】＼クーポンで最大20％OFF！／爪切り 高級 ケース付き つめきり 巻き爪 飛び散らない プラス 微粒やすり 飛び散り防止 滑り止め爪切り 手足用 高品質爪切り RP1 PKT3-2F","https://review.rakuten.co.jp/item/1/354660_10001158/epqr-iaulc-7883fh_1_2233683818/","5","2024/02/23 9:58:58","","しっかりした作りでよく切れます。切った爪も飛び散らず専用ケース入りで爪やすりも付いてて、とても良い商品だと思います。","0","354660-20240213-0521740127",""
"商品レビュー","【 楽天1位受賞★レビュー特典付き 】＼クーポンで最大20％OFF！／爪切り 高級 ケース付き つめきり 巻き爪 飛び散らない プラス 微粒やすり 飛び散り防止 滑り止め爪切り 手足用 高品質爪切り RP1 PKT3-2F","https://review.rakuten.co.jp/item/1/354660_10001158/epqr-iaul1-cifsj7_1_2233206723/","4","2024/02/19 21:36:26","","切れ味は最高です。硬い爪もサクッとカット出来ます。普通の爪切りと構造が違うので少し考えました。飛び散り防止と歯が一体になっているので使いにくいと思ったが違和感なく使用出来ます。一つだけ残念なのが両脇の歯がが斜めにカットされているので細かい所の処理が出来ないのかな？","0","354660-20240212-0322940384",""
"商品レビュー","【 楽天1位受賞★レビュー特典付き 】＼クーポンで最大20％OFF！／爪切り 高級 ケース付き つめきり 巻き爪 飛び散らない プラス 微粒やすり 飛び散り防止 滑り止め爪切り 手足用 高品質爪切り RP1 PKT3-2F","https://review.rakuten.co.jp/item/1/354660_10001158/epqr-ia8i2-74oxf4_1_1939490457/","5","2024/02/19 17:55:46","蝉のような爪切り重宝しています！","蝉のような愛着のわく爪切りです。
作りがしっかりしているので硬い爪でもよく切れます。
カラーはシャンパンゴールドで、高級感があって良いですね。","0","354660-20231005-0541811302",""
"商品レビュー","【 楽天1位受賞★レビュー特典付き 】＼クーポンで最大20％OFF！／爪切り 高級 ケース付き つめきり 巻き爪 飛び散らない プラス 微粒やすり 飛び散り防止 滑り止め爪切り 手足用 高品質爪切り RP1 PKT3-2F","https://review.rakuten.co.jp/item/1/354660_10001158/epqr-ia8i2-74oxf4_1_1939490456/","5","2024/02/19 17:53:49","蝉のような爪切り気に入っています！","蝉のような愛着のわく爪切りです。
作りがしっかりしているので硬い爪でもよく切れます。
ブロンズカラーで、高級感があるのも良いですね。","0","354660-20231005-0541811302",""
"商品レビュー","【 楽天1位受賞★レビュー特典付き 】＼クーポンで最大20％OFF！／爪切り 高級 ケース付き つめきり 巻き爪 飛び散らない プラス 微粒やすり 飛び散り防止 滑り止め爪切り 手足用 高品質爪切り RP1 PKT3-2F","https://review.rakuten.co.jp/item/1/354660_10001158/epqr-iauky-7j7l31_1_2214340526/","5","2024/02/18 14:19:20","","到着後すぐに使用。切れ味最高でした！！足の爪はちょっと切りにくいかも。","0","354660-20240205-0507638920",""
"商品レビュー","【 楽天1位受賞★レビュー特典付き 】＼クーポンで最大20％OFF！／爪切り 高級 ケース付き つめきり 巻き爪 飛び散らない プラス 微粒やすり 飛び散り防止 滑り止め爪切り 手足用 高品質爪切り RP1 PKT3-2F","https://review.rakuten.co.jp/item/1/354660_10001158/epqr-iaukw-iaajbp_1_2211238903/","4","2024/02/17 18:29:27","良い感じですが、個人的には今一つかな。","切れ味は、良い感じです。
爪入れ等、使い勝手は今一な感じですかね。個人的な感想です。","0","354660-20240203-0727338657",""
"商品レビュー","【 楽天1位受賞★レビュー特典付き 】＼クーポンで最大20％OFF！／爪切り 高級 ケース付き つめきり 巻き爪 飛び散らない プラス 微粒やすり 飛び散り防止 滑り止め爪切り 手足用 高品質爪切り RP1 PKT3-2F","https://review.rakuten.co.jp/item/1/354660_10001158/epqr-iauky-gmv5rc_1_2218693884/","4","2024/02/15 16:34:15","","良く切れる評価の高い爪切りと思い購入。デザインはグレーでカッコ良いが少し重量感を感じるのと切れ味は良いが少しはじが浮く感じでヤスリで補正出来るので良いかなと思います。","0","354660-20240205-0634639109",""
"商品レビュー","【 楽天1位受賞★レビュー特典付き 】＼クーポンで最大20％OFF！／爪切り 高級 ケース付き つめきり 巻き爪 飛び散らない プラス 微粒やすり 飛び散り防止 滑り止め爪切り 手足用 高品質爪切り RP1 PKT3-2F","https://review.rakuten.co.jp/item/1/354660_10001158/epqr-iaul9-g4oulz_1_2230576989/","5","2024/02/14 21:48:08","","長らく使っていた爪切りの切れ味が悪くなってきたので購入。硬い爪も軽い力で切る事ができます！","0","354660-20240210-0662740019",""
"商品レビュー","【 楽天1位受賞★レビュー特典付き 】＼クーポンで最大20％OFF！／爪切り 高級 ケース付き つめきり 巻き爪 飛び散らない プラス 微粒やすり 飛び散り防止 滑り止め爪切り 手足用 高品質爪切り RP1 PKT3-2F","https://review.rakuten.co.jp/item/1/354660_10001158/epqr-iaul0-cudk23_1_2225263930/","4","2024/02/14 9:26:04","","今まで使っていた日本製の爪切りがダメになったので、レビュー評価の高いこちらの商品を購入しました。
今までの物と比べて、切れ味最高とまでは行きませんが、軽くて扱いやすい爪切りでした。","0","354660-20240208-0351339613",""
"商品レビュー","【 楽天1位受賞★レビュー特典付き 】＼クーポンで最大20％OFF！／爪切り 高級 ケース付き つめきり 巻き爪 飛び散らない プラス 微粒やすり 飛び散り防止 滑り止め爪切り 手足用 高品質爪切り RP1 PKT3-2F","https://review.rakuten.co.jp/item/1/354660_10001158/epqr-iauky-fzy2iu_1_2218521491/","5","2024/02/11 23:40:01","","切り心地は普通に良いくらい。
やすりはよかったです！","0","354660-20240205-0604539101",""
"商品レビュー","【 楽天1位受賞★レビュー特典付き 】＼クーポンで最大20％OFF！／爪切り 高級 ケース付き つめきり 巻き爪 飛び散らない プラス 微粒やすり 飛び散り防止 滑り止め爪切り 手足用 高品質爪切り RP1 PKT3-2F","https://review.rakuten.co.jp/item/1/354660_10001158/epqr-iauky-h9w122_1_2218825222/","4","2024/02/10 6:41:53","","ケースから取り出しにくいので、ケースは捨てたのと横についてるヤスリは良いものではありません。爪切り本体はとても切れ味良くカッコいいです！","0","354660-20240205-0669939169",""
"商品レビュー","【 楽天1位受賞★レビュー特典付き 】＼クーポンで最大20％OFF！／爪切り 高級 ケース付き つめきり 巻き爪 飛び散らない プラス 微粒やすり 飛び散り防止 滑り止め爪切り 手足用 高品質爪切り RP1 PKT3-2F","https://review.rakuten.co.jp/item/1/354660_10001158/epqr-ia8kc-dp2xk9_1_2002870498/","5","2024/02/10 2:45:42","また、買ってしまった","2回目の購入です。
前回は父にあげたのですが、あげる前に試してみて
えらくスッキリ切れ、爪磨きが非常に良く超がつくほど繊細に磨けるので、今度は自分にと、思ってました。
気に入ってます。","0","354660-20231105-0398717534",""
"商品レビュー","【 楽天1位受賞★レビュー特典付き 】＼クーポンで最大20％OFF！／爪切り 高級 ケース付き つめきり 巻き爪 飛び散らない プラス 微粒やすり 飛び散り防止 滑り止め爪切り 手足用 高品質爪切り RP1 PKT3-2F","https://review.rakuten.co.jp/item/1/354660_10001158/epqr-iau23-l1erx4_1_2192696212/","5","2024/02/06 10:42:12","100均つめきりとのお別れ","1000円強にも関わらず切れ味最高です。力を入れることなく厚い足の爪もサクサク切れます。もっと早く購入すれば良かった。","0","354660-20240125-0974536162",""
"商品レビュー","【 楽天1位受賞★レビュー特典付き 】＼クーポンで最大20％OFF！／爪切り 高級 ケース付き つめきり 巻き爪 飛び散らない プラス 微粒やすり 飛び散り防止 滑り止め爪切り 手足用 高品質爪切り RP1 PKT3-2F","https://review.rakuten.co.jp/item/1/354660_10001158/epqr-iau2s-1g79aq_1_2197722280/","4","2024/02/04 9:28:43","良いもの","爪がサクサク切れました！見た目もカッコよくて良いです。付属されてるヤスリは私の爪には合わなかったです。","0","354660-20240126-0259036763",""
"商品レビュー","【 楽天1位受賞★レビュー特典付き 】＼クーポンで最大20％OFF！／爪切り 高級 ケース付き つめきり 巻き爪 飛び散らない プラス 微粒やすり 飛び散り防止 滑り止め爪切り 手足用 高品質爪切り RP1 PKT3-2F","https://review.rakuten.co.jp/item/1/354660_10001158/epqr-iau2g-i54kaz_1_2163022688/","4","2024/02/02 22:45:14","","見た目カッコよくて切れ味もまぁまぁ問題ないレベル。切り口の横から切りカスが溢れるのでマイナス1。","0","354660-20240110-0757433015",""
"商品レビュー","【 楽天1位受賞★レビュー特典付き 】＼クーポンで最大20％OFF！／爪切り 高級 ケース付き つめきり 巻き爪 飛び散らない プラス 微粒やすり 飛び散り防止 滑り止め爪切り 手足用 高品質爪切り RP1 PKT3-2F","https://review.rakuten.co.jp/item/1/354660_10001158/epqr-iau26-9o21lw_1_2201168725/","5","2024/02/01 19:26:30","","大きさや切れ味ともによかったです。
また、ヤスリがついているのも意外にも重宝しました。家用というより、職場の引き出しに入れてさっと出して使っています。","0","354660-20240128-0155136991",""
"商品レビュー","【 楽天1位受賞★レビュー特典付き 】＼クーポンで最大20％OFF！／爪切り 高級 ケース付き つめきり 巻き爪 飛び散らない プラス 微粒やすり 飛び散り防止 滑り止め爪切り 手足用 高品質爪切り RP1 PKT3-2F","https://review.rakuten.co.jp/item/1/354660_10001158/epqr-iau23-k6dd_4_2192601148/","5","2024/02/01 9:58:11","","シャンパンゴールドを購入しました。とても高級感もあり、大満足です。","0","354660-20240125-0000736350",""
"商品レビュー","【 楽天1位受賞★レビュー特典付き 】＼クーポンで最大20％OFF！／爪切り 高級 ケース付き つめきり 巻き爪 飛び散らない プラス 微粒やすり 飛び散り防止 滑り止め爪切り 手足用 高品質爪切り RP1 PKT3-2F","https://review.rakuten.co.jp/item/1/354660_10001158/epqr-iau2t-d3a9cw_1_2198427403/","5","2024/01/31 9:19:42","","切った爪が飛んでいかないようになってるので使いやすかった。","0","354660-20240127-0404836915",""
"商品レビュー","【 楽天1位受賞★レビュー特典付き 】＼クーポンで最大20％OFF！／爪切り 高級 ケース付き つめきり 巻き爪 飛び散らない プラス 微粒やすり 飛び散り防止 滑り止め爪切り 手足用 高品質爪切り RP1 PKT3-2F","https://review.rakuten.co.jp/item/1/354660_10001158/epqr-iau23-l2batm_1_2192725451/","4","2024/01/29 14:05:42","","切った爪が飛ばないのはいつも使う爪切りと同じかな。
１００均の物しか使ったことがなかったので、デザインやケースはとてつもなくおしゃれに感じます。
切れ味は、驚くほどではないけど切れます。
使いやすいです。
ただ、端っこは100均のものだと切れるけど、こちらだと切れなくてやり直したり、ちぎったりしています。刃の中にきれいに切りたい部分を入れればいいんでしょうが、今までの感じでつい切ってしまいます。
慣れですね。","0","354660-20240125-0989436077",""
"商品レビュー","【 楽天1位受賞★レビュー特典付き 】＼クーポンで最大20％OFF！／爪切り 高級 ケース付き つめきり 巻き爪 飛び散らない プラス 微粒やすり 飛び散り防止 滑り止め爪切り 手足用 高品質爪切り RP1 PKT3-2F","https://review.rakuten.co.jp/item/1/354660_10001158/epqr-iau2g-7ctzik_1_2161881158/","5","2024/01/24 12:57:56","やすりが金属でよかった。","最高でした。缶ケースに入っている事が良くて購入しましたが、やすりが金属の物だったことが一番良かったです。全く同じタイプの物を別のところで購入したらプラスチックのやすりだったのですが、なんとなく自分の好みではなかったので、二つ目はこちらで買って正解でした。","0","354660-20240110-0493433007",""
"商品レビュー","【 楽天1位受賞★レビュー特典付き 】＼クーポンで最大20％OFF！／爪切り 高級 ケース付き つめきり 巻き爪 飛び散らない プラス 微粒やすり 飛び散り防止 滑り止め爪切り 手足用 高品質爪切り RP1 PKT3-2F","https://review.rakuten.co.jp/item/1/354660_10001158/epqr-iau2k-2ju1of_1_2174715456/","4","2024/01/22 14:23:20","","爪があまり飛び散らないので良いです！
少し本体に傷があった点が気になりましたが、色、見た目も気に入りました。","0","354660-20240115-0810933849",""
"商品レビュー","【 楽天1位受賞★レビュー特典付き 】＼クーポンで最大20％OFF！／爪切り 高級 ケース付き つめきり 巻き爪 飛び散らない プラス 微粒やすり 飛び散り防止 滑り止め爪切り 手足用 高品質爪切り RP1 PKT3-2F","https://review.rakuten.co.jp/item/1/354660_10001158/epqr-iau2h-fitmih_1_2165729340/","4","2024/01/22 7:05:11","切れ味がいい","お値段の割に高級感があります。
シャンパンゴールドを注文しましたが、シルバーと間違えたかと思いました。
シルバーにピンクみを混ぜたような色でいい色だと思います。
使い方も簡単で、今まで使っていたものとは比べものならないほどの切れ味で良かったです。","0","354660-20240111-0565633163",""
"商品レビュー","【 楽天1位受賞★レビュー特典付き 】＼クーポンで最大20％OFF！／爪切り 高級 ケース付き つめきり 巻き爪 飛び散らない プラス 微粒やすり 飛び散り防止 滑り止め爪切り 手足用 高品質爪切り RP1 PKT3-2F","https://review.rakuten.co.jp/item/1/354660_10001158/epqr-iau2i-wuf8g_2_2168012689/","4","2024/01/18 18:43:29","","さっそく使ってみました。割と使いやすく良かったです。","0","354660-20240112-0053433586",""
"商品レビュー","【 楽天1位受賞★レビュー特典付き 】＼クーポンで最大20％OFF！／爪切り 高級 ケース付き つめきり 巻き爪 飛び散らない プラス 微粒やすり 飛び散り防止 滑り止め爪切り 手足用 高品質爪切り RP1 PKT3-2F","https://review.rakuten.co.jp/item/1/354660_10001158/epqr-iau2k-kk8kwh_1_2175313604/","5","2024/01/17 20:31:04","","切れ味もよく、ケースもついていたので良かったです。","0","354660-20240115-0933233879",""
"商品レビュー","【 楽天1位受賞★レビュー特典付き 】＼クーポンで最大20％OFF！／爪切り 高級 ケース付き つめきり 巻き爪 飛び散らない プラス 微粒やすり 飛び散り防止 滑り止め爪切り 手足用 高品質爪切り RP1 PKT3-2F","https://review.rakuten.co.jp/item/1/354660_10001158/epqr-iau2c-4xrz0_2_2153640769/","5","2024/01/15 19:05:21","やっぱり大人には大きい方を","以前小さめを買ったのですが、やっぱり大人には小さかったので大きい方を買い直しました。やっぱり大人にはこっち。切れ味抜群、使い勝手もよし。","0","354660-20240105-0058632300",""
"商品レビュー","【 楽天1位受賞★レビュー特典付き 】＼クーポンで最大20％OFF！／爪切り 高級 ケース付き つめきり 巻き爪 飛び散らない プラス 微粒やすり 飛び散り防止 滑り止め爪切り 手足用 高品質爪切り RP1 PKT3-2F","https://review.rakuten.co.jp/item/1/354660_10001158/epqr-iau2b-je5d2m_1_2150431247/","5","2024/01/11 22:55:34","","色味もデザインも良く気に入りました。
ヤスリは青いテープを剥がしてから使用しないといけないようです。説明もなく、しばらく気づかずテープ貼ったまま使用してました","0","354660-20240103-0859131845",""
"商品レビュー","【 楽天1位受賞★レビュー特典付き 】＼クーポンで最大20％OFF！／爪切り 高級 ケース付き つめきり 巻き爪 飛び散らない プラス 微粒やすり 飛び散り防止 滑り止め爪切り 手足用 高品質爪切り RP1 PKT3-2F","https://review.rakuten.co.jp/item/1/354660_10001158/epqr-ia859-dk8d3p_1_2096441657/","4","2024/01/07 23:21:24","","ケース付きで、切れ味もよく、おすすめです。","0","354660-20231210-0389026425",""
"商品レビュー","【 楽天1位受賞★レビュー特典付き 】＼クーポンで最大20％OFF！／爪切り 高級 ケース付き つめきり 巻き爪 飛び散らない プラス 微粒やすり 飛び散り防止 滑り止め爪切り 手足用 高品質爪切り RP1 PKT3-2F","https://review.rakuten.co.jp/item/1/354660_10001158/epqr-ia85m-5p273_2_2133789328/","5","2024/01/04 13:06:49","おすすめ！！","リピートです！！前回はブラック購入！今回はシャンパンゴールド購入！どちらも、値段のわりには高級感があります！！機能や使いやすさも良くおすすめの爪切りです！！","0","354660-20231225-0031230025",""
"商品レビュー","【 楽天1位受賞★レビュー特典付き 】＼クーポンで最大20％OFF！／爪切り 高級 ケース付き つめきり 巻き爪 飛び散らない プラス 微粒やすり 飛び散り防止 滑り止め爪切り 手足用 高品質爪切り RP1 PKT3-2F","https://review.rakuten.co.jp/item/1/354660_10001158/epqr-ia8iw-gy6k9y_1_1976845996/","5","2024/01/04 10:11:43","","とても使いやすく良かったです。爪も飛ばなくてよい。","0","354660-20231023-0661415001",""
"商品レビュー","【 楽天1位受賞★レビュー特典付き 】＼クーポンで最大20％OFF！／爪切り 高級 ケース付き つめきり 巻き爪 飛び散らない プラス 微粒やすり 飛び散り防止 滑り止め爪切り 手足用 高品質爪切り RP1 PKT3-2F","https://review.rakuten.co.jp/item/1/354660_10001158/epqr-ia85i-e6xy5x_1_2122227749/","4","2024/01/04 5:36:18","","爪切りにしてはケースに入っていて高級感ある感じで届きました。切れ味も良く満足してます。","0","354660-20231220-0471828920",""
"商品レビュー","【 楽天1位受賞★レビュー特典付き 】＼クーポンで最大20％OFF！／爪切り 高級 ケース付き つめきり 巻き爪 飛び散らない プラス 微粒やすり 飛び散り防止 滑り止め爪切り 手足用 高品質爪切り RP1 PKT3-2F","https://review.rakuten.co.jp/item/1/354660_10001158/epqr-ia85i-hfin9n_1_2123198078/","4","2023/12/27 0:29:07","","安全で切りやすく、切った爪が飛び散らないところがとても良かったです。","0","354660-20231220-0680829067",""
"商品レビュー","【 楽天1位受賞★レビュー特典付き 】＼クーポンで最大20％OFF！／爪切り 高級 ケース付き つめきり 巻き爪 飛び散らない プラス 微粒やすり 飛び散り防止 滑り止め爪切り 手足用 高品質爪切り RP1 PKT3-2F","https://review.rakuten.co.jp/item/1/354660_10001158/epqr-ia8kr-1cwg9b_1_2047720021/","4","2023/12/24 7:10:58","切れ味がイマイチ","切った爪が飛び散らないのはとても良い。ただ、切れ味はイマイチ…自分の爪だと割れてしまうのが難点。ヤスリも爪の表面を磨くには良いがちゃんと削る為のヤスリだと割れた爪の手入れには不便な印象です","0","354660-20231124-0251722155",""
"商品レビュー","【 楽天1位受賞★レビュー特典付き 】＼クーポンで最大20％OFF！／爪切り 高級 ケース付き つめきり 巻き爪 飛び散らない プラス 微粒やすり 飛び散り防止 滑り止め爪切り 手足用 高品質爪切り RP1 PKT3-2F","https://review.rakuten.co.jp/item/1/354660_10001158/epqr-ia85e-gi2b96_1_2112005374/","5","2023/12/23 19:47:31","良いです！","素敵なお品でした！使いやすくておしゃれ！低価格なのに大満足です。","0","354660-20231215-0625427668",""
"商品レビュー","【 楽天1位受賞★レビュー特典付き 】＼クーポンで最大20％OFF！／爪切り 高級 ケース付き つめきり 巻き爪 飛び散らない プラス 微粒やすり 飛び散り防止 滑り止め爪切り 手足用 高品質爪切り RP1 PKT3-2F","https://review.rakuten.co.jp/item/1/354660_10001158/epqr-ia85i-d9lofe_1_2121954584/","5","2023/12/21 13:36:38","私の感想です。","大変使いやすいと思います。
大切にします。","0","354660-20231220-0366929035",""
"商品レビュー","【 楽天1位受賞★レビュー特典付き 】＼クーポンで最大20％OFF！／爪切り 高級 ケース付き つめきり 巻き爪 飛び散らない プラス 微粒やすり 飛び散り防止 滑り止め爪切り 手足用 高品質爪切り RP1 PKT3-2F","https://review.rakuten.co.jp/item/1/354660_10001158/epqr-ia859-a0ylm2_2_2102335715/","5","2023/12/21 0:00:20","","シャンパンゴールドとブラックを購入しました。
ブラックは指紋が目立つかな、、シャンパンゴールドのほうがマットでかっこよかったです。
ちょっとしたプレゼントにオススメです！","0","354660-20231210-0062027185",""
"商品レビュー","【 楽天1位受賞★レビュー特典付き 】＼クーポンで最大20％OFF！／爪切り 高級 ケース付き つめきり 巻き爪 飛び散らない プラス 微粒やすり 飛び散り防止 滑り止め爪切り 手足用 高品質爪切り RP1 PKT3-2F","https://review.rakuten.co.jp/item/1/354660_10001158/epqr-ia8mv-cfq9qd_1_2069137163/","5","2023/12/16 7:54:13","","良く切れて、大きさもちょうど良く買って良かったです。","0","354660-20231202-0318523938",""
"商品レビュー","【 楽天1位受賞★レビュー特典付き 】＼クーポンで最大20％OFF！／爪切り 高級 ケース付き つめきり 巻き爪 飛び散らない プラス 微粒やすり 飛び散り防止 滑り止め爪切り 手足用 高品質爪切り RP1 PKT3-2F","https://review.rakuten.co.jp/item/1/354660_10001158/epqr-ia8k3-b6nd54_1_2055154374/","5","2023/12/10 6:11:12","","切れ味が驚くほど良いです。もっと早く買えば良かったなぁー！と思います。","0","354660-20231125-0229322698",""
"商品レビュー","【 楽天1位受賞★レビュー特典付き 】＼クーポンで最大20％OFF！／爪切り 高級 ケース付き つめきり 巻き爪 飛び散らない プラス 微粒やすり 飛び散り防止 滑り止め爪切り 手足用 高品質爪切り RP1 PKT3-2F","https://review.rakuten.co.jp/item/1/354660_10001158/epqr-ia8m4-innrwq_1_2086369067/","4","2023/12/08 20:35:08","","ケースや本体に傷や凹みがあり、新品を買ったのにショックだなぁ‥と思いましたが爪はよくきれます！","0","354660-20231206-0758425523",""
"商品レビュー","【 楽天1位受賞★レビュー特典付き 】＼クーポンで最大20％OFF！／爪切り 高級 ケース付き つめきり 巻き爪 飛び散らない プラス 微粒やすり 飛び散り防止 滑り止め爪切り 手足用 高品質爪切り RP1 PKT3-2F","https://review.rakuten.co.jp/item/1/354660_10001158/epqr-ia8my-95e3qf_1_2080311137/","3","2023/12/08 9:55:52","","息子が使用していて、とてもキレ味が良かったので
自分用に購入しました。
ただ、爪切り本体が正しく収納されていない状態で無理に蓋を閉めたようで、
収納ケースの蓋の部分が外側に向けて凹んでいました。
爪切り本体の側面にも、何かの塗装が付着していました。
キレ味が良いだけに残念でした。","0","354660-20231205-0151525269",""
"商品レビュー","【 楽天1位受賞★レビュー特典付き 】＼クーポンで最大20％OFF！／爪切り 高級 ケース付き つめきり 巻き爪 飛び散らない プラス 微粒やすり 飛び散り防止 滑り止め爪切り 手足用 高品質爪切り RP1 PKT3-2F","https://review.rakuten.co.jp/item/1/354660_10001158/epqr-ia8my-cbja8m_1_2077038101/","5","2023/12/06 17:11:52","デザインも素晴らしい。","早速お送り頂き有難う御座いました。
素晴らしい切れ味で驚きです。
今まで使っていたものは何だったんだろうと思います。
又、爪屑入れが可愛くて素晴らしいアイデアですね。","0","354660-20231205-0308025017",""
"商品レビュー","【 楽天1位受賞★レビュー特典付き 】＼クーポンで最大20％OFF！／爪切り 高級 ケース付き つめきり 巻き爪 飛び散らない プラス 微粒やすり 飛び散り防止 滑り止め爪切り 手足用 高品質爪切り RP1 PKT3-2F","https://review.rakuten.co.jp/item/1/354660_10001158/epqr-ia8kj-f23mou_1_2026575762/","4","2023/12/06 7:27:48","","切った時に断面が潰れた感じにならず良かったです","0","354660-20231114-0567219773",""
"商品レビュー","【 楽天1位受賞★レビュー特典付き 】＼クーポンで最大20％OFF！／爪切り 高級 ケース付き つめきり 巻き爪 飛び散らない プラス 微粒やすり 飛び散り防止 滑り止め爪切り 手足用 高品質爪切り RP1 PKT3-2F","https://review.rakuten.co.jp/item/1/354660_10001158/epqr-ia8ko-hh95o1_1_2037720524/","5","2023/12/04 7:17:19","","よく爪切りを無くすので箱に入ってるのが嬉しいです。切れ味も文句なしです。","0","354660-20231120-0683721076",""
"商品レビュー","【 楽天1位受賞★レビュー特典付き 】＼クーポンで最大20％OFF！／爪切り 高級 ケース付き つめきり 巻き爪 飛び散らない プラス 微粒やすり 飛び散り防止 滑り止め爪切り 手足用 高品質爪切り RP1 PKT3-2F","https://review.rakuten.co.jp/item/1/354660_10001158/epqr-ia8k3-96i0ya_1_2051385512/","5","2023/12/03 18:35:06","","素晴らしい切れ味。爪が飛ばないので今まで使用していたニッパー型のストレスから解放されました。","0","354660-20231125-0168522661",""
"商品レビュー","【 楽天1位受賞★レビュー特典付き 】＼クーポンで最大20％OFF！／爪切り 高級 ケース付き つめきり 巻き爪 飛び散らない プラス 微粒やすり 飛び散り防止 滑り止め爪切り 手足用 高品質爪切り RP1 PKT3-2F","https://review.rakuten.co.jp/item/1/354660_10001158/epqr-ia8k8-998b11_1_2043550870/","3","2023/12/03 13:46:32","","久しぶりに爪切りを買いました。切った爪が飛び散らないのは良かったです！","0","354660-20231122-0125322052",""
"商品レビュー","【 楽天1位受賞★レビュー特典付き 】＼クーポンで最大20％OFF！／爪切り 高級 ケース付き つめきり 巻き爪 飛び散らない プラス 微粒やすり 飛び散り防止 滑り止め爪切り 手足用 高品質爪切り RP1 PKT3-2F","https://review.rakuten.co.jp/item/1/354660_10001158/epqr-ia8k6-9c4c18_1_2062491412/","4","2023/12/02 11:54:34","","思ったより小さく少し持ちにくいかなとは思いますが、よく切れて、高級感があります。もっと使っていったら良さがわかるのかなと思います","0","354660-20231128-0130923382",""
"商品レビュー","【 楽天1位受賞★レビュー特典付き 】＼クーポンで最大20％OFF！／爪切り 高級 ケース付き つめきり 巻き爪 飛び散らない プラス 微粒やすり 飛び散り防止 滑り止め爪切り 手足用 高品質爪切り RP1 PKT3-2F","https://review.rakuten.co.jp/item/1/354660_10001158/epqr-ia81s-9hxxha_1_1792401321/","5","2023/12/02 8:26:02","","ひとつ良いのが欲しくて購入しました。
家中あちこちにあった爪切りをこれ一つにしました。
良い感じです。","0","354660-20230730-0140942989",""
"商品レビュー","【 楽天1位受賞★レビュー特典付き 】＼クーポンで最大20％OFF！／爪切り 高級 ケース付き つめきり 巻き爪 飛び散らない プラス 微粒やすり 飛び散り防止 滑り止め爪切り 手足用 高品質爪切り RP1 PKT3-2F","https://review.rakuten.co.jp/item/1/354660_10001158/epqr-ia8iq-lmtwt7_1_1962406152/","5","2023/12/01 11:15:23","","しっかりしていました。プレゼントにしてもいいかも…リピしますね。","0","354660-20231015-0997313156",""
"商品レビュー","【 楽天1位受賞★レビュー特典付き 】＼クーポンで最大20％OFF！／爪切り 高級 ケース付き つめきり 巻き爪 飛び散らない プラス 微粒やすり 飛び散り防止 滑り止め爪切り 手足用 高品質爪切り RP1 PKT3-2F","https://review.rakuten.co.jp/item/1/354660_10001158/epqr-ia8k8-9pxn9o_1_2043623751/","5","2023/11/30 13:59:45","","２色買いました。切りやすくオシャレだし買って良かったです。爪やすりもついててお得でした。","0","354660-20231122-0157721996",""
"商品レビュー","【 楽天1位受賞★レビュー特典付き 】＼クーポンで最大20％OFF！／爪切り 高級 ケース付き つめきり 巻き爪 飛び散らない プラス 微粒やすり 飛び散り防止 滑り止め爪切り 手足用 高品質爪切り RP1 PKT3-2F","https://review.rakuten.co.jp/item/1/354660_10001158/epqr-ia8iy-k49mgb_1_1981969556/","4","2023/11/30 8:48:12","","甥へのプレゼント用なので使用感はわからないが、レビューと写真と価格で選んだ。カラーが選べたので、良かったらまた購入したい。","0","354660-20231025-0964215291",""
"商品レビュー","【 楽天1位受賞★レビュー特典付き 】＼クーポンで最大20％OFF！／爪切り 高級 ケース付き つめきり 巻き爪 飛び散らない プラス 微粒やすり 飛び散り防止 滑り止め爪切り 手足用 高品質爪切り RP1 PKT3-2F","https://review.rakuten.co.jp/item/1/354660_10001158/epqr-ia8k5-20rwg7_1_2034213967/","5","2023/11/26 13:37:00","","届いてびっくりしました。
凄く高そえな爪切りで、スタイリッシュで良いです。切れ味も良く、私は特にヤスリが気に入りました。レビュー記入でプレゼント付きはあまり良くないのかな…と思ってたのですが、試しに購入してみましたけど、中には良いものもあるのだと気付かされました。個人的にはお勧めします。","0","354660-20231118-0787220576",""
"商品レビュー","【 楽天1位受賞★レビュー特典付き 】＼クーポンで最大20％OFF！／爪切り 高級 ケース付き つめきり 巻き爪 飛び散らない プラス 微粒やすり 飛び散り防止 滑り止め爪切り 手足用 高品質爪切り RP1 PKT3-2F","https://review.rakuten.co.jp/item/1/354660_10001158/epqr-ia8kk-flb7d3_1_2027165540/","5","2023/11/25 11:43:10","切れ味は良いです","切れ味はいいです。まだ1回しか使用していませんので、耐久性についてはわかりませんが、すぐ駄目になるような商品ではないとおもいます。","0","354660-20231115-0571220017",""
"商品レビュー","【 楽天1位受賞★レビュー特典付き 】＼クーポンで最大20％OFF！／爪切り 高級 ケース付き つめきり 巻き爪 飛び散らない プラス 微粒やすり 飛び散り防止 滑り止め爪切り 手足用 高品質爪切り RP1 PKT3-2F","https://review.rakuten.co.jp/item/1/354660_10001158/epqr-ia8kp-f5t3tt_1_2041379701/","4","2023/11/23 22:27:28","","やすりも付いててお得だなと思いました。
軽いです。","0","354660-20231121-0575721783",""
"商品レビュー","【 楽天1位受賞★レビュー特典付き 】＼クーポンで最大20％OFF！／爪切り 高級 ケース付き つめきり 巻き爪 飛び散らない プラス 微粒やすり 飛び散り防止 滑り止め爪切り 手足用 高品質爪切り RP1 PKT3-2F","https://review.rakuten.co.jp/item/1/354660_10001158/epqr-ia82b-k39vss_1_1993690007/","5","2023/11/23 9:37:21","","軽くパチンッ！と、できます。
使用感はとてもいいと思います。
買って良かった！","0","354660-20231031-0949116194",""
"商品レビュー","【 楽天1位受賞★レビュー特典付き 】＼クーポンで最大20％OFF！／爪切り 高級 ケース付き つめきり 巻き爪 飛び散らない プラス 微粒やすり 飛び散り防止 滑り止め爪切り 手足用 高品質爪切り RP1 PKT3-2F","https://review.rakuten.co.jp/item/1/354660_10001158/epqr-ia8k5-uqv09_2_2035060507/","4","2023/11/21 23:26:14","","色違いで2個まとめて購入しました。爪が飛び散らず、切った爪も取り出しやすい。","0","354660-20231118-0049820834",""
"商品レビュー","【 楽天1位受賞★レビュー特典付き 】＼クーポンで最大20％OFF！／爪切り 高級 ケース付き つめきり 巻き爪 飛び散らない プラス 微粒やすり 飛び散り防止 滑り止め爪切り 手足用 高品質爪切り RP1 PKT3-2F","https://review.rakuten.co.jp/item/1/354660_10001158/epqr-ia8k5-uqv09_2_2035060508/","4","2023/11/21 23:22:23","","愛用していた爪切りが壊れてしまい色違いで２つ購入しました。力もいらず、簡単に切れます。切れ味抜群です。ただ、切った後はヤスリをかけないと違和感を感じますが爪も飛び散らず色もデザインも気に入ってます。","0","354660-20231118-0049820834",""
"商品レビュー","【 楽天1位受賞★レビュー特典付き 】＼クーポンで最大20％OFF！／爪切り 高級 ケース付き つめきり 巻き爪 飛び散らない プラス 微粒やすり 飛び散り防止 滑り止め爪切り 手足用 高品質爪切り RP1 PKT3-2F","https://review.rakuten.co.jp/item/1/354660_10001158/epqr-ia8k5-hq5l8k_1_2033560052/","5","2023/11/21 17:47:04","購入して正解でした。","今までは百均の爪切りを使っていました。
全然切れ味が違いますネ！
ヤスリも優れ物です。
満足です。","0","354660-20231118-0704620455",""
"商品レビュー","【 楽天1位受賞★レビュー特典付き 】＼クーポンで最大20％OFF！／爪切り 高級 ケース付き つめきり 巻き爪 飛び散らない プラス 微粒やすり 飛び散り防止 滑り止め爪切り 手足用 高品質爪切り RP1 PKT3-2F","https://review.rakuten.co.jp/item/1/354660_10001158/epqr-ia8kg-fups39_1_2015792871/","5","2023/11/20 12:34:33","かっこいい","なかなか凝ったデザインでとても気に入りました。切れ味はいいし、切った爪も飛び切らないので。毎回切るのがとても楽しみです。","0","354660-20231110-0593918822",""
"商品レビュー","【 楽天1位受賞★レビュー特典付き 】＼クーポンで最大20％OFF！／爪切り 高級 ケース付き つめきり 巻き爪 飛び散らない プラス 微粒やすり 飛び散り防止 滑り止め爪切り 手足用 高品質爪切り RP1 PKT3-2F","https://review.rakuten.co.jp/item/1/354660_10001158/epqr-ia8kd-l9dked_1_2008821872/","5","2023/11/20 11:28:20","","軽い力で綺麗に切れます。
Lサイズちょうど良い大きさでした。","0","354660-20231106-0971117682",""
"商品レビュー","【 楽天1位受賞★レビュー特典付き 】＼クーポンで最大20％OFF！／爪切り 高級 ケース付き つめきり 巻き爪 飛び散らない プラス 微粒やすり 飛び散り防止 滑り止め爪切り 手足用 高品質爪切り RP1 PKT3-2F","https://review.rakuten.co.jp/item/1/354660_10001158/epqr-ia8kl-e3akja_1_2030260460/","5","2023/11/19 15:49:03","","切れ味抜群で使いやすい。盛り上がった爪もキレイに斜めカット出来ました。","0","354660-20231116-0465320233",""
"商品レビュー","【 楽天1位受賞★レビュー特典付き 】＼クーポンで最大20％OFF！／爪切り 高級 ケース付き つめきり 巻き爪 飛び散らない プラス 微粒やすり 飛び散り防止 滑り止め爪切り 手足用 高品質爪切り RP1 PKT3-2F","https://review.rakuten.co.jp/item/1/354660_10001158/epqr-ia8kc-cn3oq_3_2005124431/","4","2023/11/16 17:35:58","","発送が早かったです。しっかりとしたケースに入っていました。使い心地は少し硬めな感じがします。切った爪が飛び散らないのは嬉しいです。","0","354660-20231105-0009317687",""
"商品レビュー","【 楽天1位受賞★レビュー特典付き 】＼クーポンで最大20％OFF！／爪切り 高級 ケース付き つめきり 巻き爪 飛び散らない プラス 微粒やすり 飛び散り防止 滑り止め爪切り 手足用 高品質爪切り RP1 PKT3-2F","https://review.rakuten.co.jp/item/1/354660_10001158/epqr-ia8kg-gd5vmz_1_2015883358/","4","2023/11/16 14:59:22","","爪切りとやすり付きで使いやすいです。まだ使ってはないのですが、握りやすいと思います。","0","354660-20231110-0615618791",""
"商品レビュー","【 楽天1位受賞★レビュー特典付き 】＼クーポンで最大20％OFF！／爪切り 高級 ケース付き つめきり 巻き爪 飛び散らない プラス 微粒やすり 飛び散り防止 滑り止め爪切り 手足用 高品質爪切り RP1 PKT3-2F","https://review.rakuten.co.jp/item/1/354660_10001158/epqr-ia8kc-h6bkti_1_2004059565/","5","2023/11/10 21:43:12","","Mを購入
とても気に入ってます。
爪が綺麗に切れます。
ヤスリも使い易く
こちらも気に入りました。","0","354660-20231105-0712317576",""
"商品レビュー","【 楽天1位受賞★レビュー特典付き 】＼クーポンで最大20％OFF！／爪切り 高級 ケース付き つめきり 巻き爪 飛び散らない プラス 微粒やすり 飛び散り防止 滑り止め爪切り 手足用 高品質爪切り RP1 PKT3-2F","https://review.rakuten.co.jp/item/1/354660_10001158/epqr-ia8i4-aj680v_2_1986298467/","4","2023/11/10 12:56:32","","サイズで迷いLを購入しましたが、やはりLだと女性の私の爪には少し大きく感じます。ですが、少しの力でよく切れます。
切ったあとの爪も捨てやすいし、買ってよかったです。Sのサイズ感はどんな感じでしょうか。少し気になってます。","0","354660-20231026-0085315710",""
"商品レビュー","【 楽天1位受賞★レビュー特典付き 】＼クーポンで最大20％OFF！／爪切り 高級 ケース付き つめきり 巻き爪 飛び散らない プラス 微粒やすり 飛び散り防止 滑り止め爪切り 手足用 高品質爪切り RP1 PKT3-2F","https://review.rakuten.co.jp/item/1/354660_10001158/epqr-ia8kc-caxh0z_1_2006309348/","5","2023/11/10 7:27:46","","見た目もカッコよく、切れ味抜群でした。
やすりも使いやすいです。","0","354660-20231105-0305517779",""
"商品レビュー","【 楽天1位受賞★レビュー特典付き 】＼クーポンで最大20％OFF！／爪切り 高級 ケース付き つめきり 巻き爪 飛び散らない プラス 微粒やすり 飛び散り防止 滑り止め爪切り 手足用 高品質爪切り RP1 PKT3-2F","https://review.rakuten.co.jp/item/1/354660_10001158/epqr-ia8i2-1ouadx_1_1942385608/","5","2023/11/09 13:26:25","","切りやすく、爪屑入れがあり後始末も楽チンです。
発送も早く助かりました。","0","354660-20231005-0276811592",""
"商品レビュー","【 楽天1位受賞★レビュー特典付き 】＼クーポンで最大20％OFF！／爪切り 高級 ケース付き つめきり 巻き爪 飛び散らない プラス 微粒やすり 飛び散り防止 滑り止め爪切り 手足用 高品質爪切り RP1 PKT3-2F","https://review.rakuten.co.jp/item/1/354660_10001158/epqr-ia8kc-arkwkx_1_2001666087/","5","2023/11/08 8:00:08","爪が飛び散らない","なにこれすごい。
パワフルで切れ味がよくて、切った爪が全く飛び散らない！
なにこれすごーい！
シャンパンゴールドのLサイズ、落ち着いた色味で、大きさも大人が使うのにちょうどよさげでした。","0","354660-20231105-0101517548",""
"商品レビュー","【 楽天1位受賞★レビュー特典付き 】＼クーポンで最大20％OFF！／爪切り 高級 ケース付き つめきり 巻き爪 飛び散らない プラス 微粒やすり 飛び散り防止 滑り止め爪切り 手足用 高品質爪切り RP1 PKT3-2F","https://review.rakuten.co.jp/item/1/354660_10001158/epqr-ia829-jtrk5v_1_1993205739/","4","2023/11/02 22:11:46","買って正解","今日届いて使いました
とても切りやすくていい商品です。
家族におすすめしたいぐらいです","0","354660-20231030-0893015958",""
"商品レビュー","【 楽天1位受賞★レビュー特典付き 】＼クーポンで最大20％OFF！／爪切り 高級 ケース付き つめきり 巻き爪 飛び散らない プラス 微粒やすり 飛び散り防止 滑り止め爪切り 手足用 高品質爪切り RP1 PKT3-2F","https://review.rakuten.co.jp/item/1/354660_10001158/epqr-ia8iy-2bs9hb_1_1981296917/","5","2023/11/01 10:04:01","","カラーもおしゃれで、とても良い商品でした。切り口も綺麗で満足しています。","0","354660-20231025-0792315183",""
"商品レビュー","【 楽天1位受賞★レビュー特典付き 】＼クーポンで最大20％OFF！／爪切り 高級 ケース付き つめきり 巻き爪 飛び散らない プラス 微粒やすり 飛び散り防止 滑り止め爪切り 手足用 高品質爪切り RP1 PKT3-2F","https://review.rakuten.co.jp/item/1/354660_10001158/epqr-ia8iy-fn4kwm_1_1980372606/","5","2023/10/28 13:06:48","満足度100%です","小生 72歳の青年です
高級感満載、
切れ味良好、
以前使っていた爪切りは
何処で買ったか忘れる程の大昔
いやはやなんとも爪切りも
進化しているんだぁねぇ&#12316;
買って良かったワァ","0","354660-20231025-0577715165",""
"商品レビュー","【 楽天1位受賞★レビュー特典付き 】＼クーポンで最大20％OFF！／爪切り 高級 ケース付き つめきり 巻き爪 飛び散らない プラス 微粒やすり 飛び散り防止 滑り止め爪切り 手足用 高品質爪切り RP1 PKT3-2F","https://review.rakuten.co.jp/item/1/354660_10001158/epqr-ia8iy-fo6lhb_1_1984248707/","5","2023/10/27 21:30:28","","回してセットする物ばかり使ってきたので最初使用する時に少し戸惑いましたがアリですね。これなら切った爪が確実に収納されるし元に戻す時にたまった爪を捨てられるので衛生的にもいいと思います。","0","354660-20231025-0579115407",""
"商品レビュー","【 楽天1位受賞★レビュー特典付き 】＼クーポンで最大20％OFF！／爪切り 高級 ケース付き つめきり 巻き爪 飛び散らない プラス 微粒やすり 飛び散り防止 滑り止め爪切り 手足用 高品質爪切り RP1 PKT3-2F","https://review.rakuten.co.jp/item/1/354660_10001158/epqr-ia8iy-hkdgh9_1_1984784083/","4","2023/10/27 20:08:19","","爪も固く、いつも苦労してましたが、簡単に切れました。","0","354660-20231025-0690615470",""
"商品レビュー","【 楽天1位受賞★レビュー特典付き 】＼クーポンで最大20％OFF！／爪切り 高級 ケース付き つめきり 巻き爪 飛び散らない プラス 微粒やすり 飛び散り防止 滑り止め爪切り 手足用 高品質爪切り RP1 PKT3-2F","https://review.rakuten.co.jp/item/1/354660_10001158/epqr-ia8iy-hkdgh9_1_1984784082/","4","2023/10/27 20:07:48","","爪も固く、いつも苦労してましたが、簡単に切れました。","0","354660-20231025-0690615470",""
"商品レビュー","【 楽天1位受賞★レビュー特典付き 】＼クーポンで最大20％OFF！／爪切り 高級 ケース付き つめきり 巻き爪 飛び散らない プラス 微粒やすり 飛び散り防止 滑り止め爪切り 手足用 高品質爪切り RP1 PKT3-2F","https://review.rakuten.co.jp/item/1/354660_10001158/epqr-ia8ij-jcdcmr_1_1944697455/","5","2023/10/27 3:28:10","プレゼント","切り心地良し、切った後もとんがってないので、体を掻いても、傷がついて血だらけにもならんし、安心して高齢の父にプレゼント出来ました。
今度は自分に。と思ってます。","0","354660-20231006-0855211596",""
"商品レビュー","【 楽天1位受賞★レビュー特典付き 】＼クーポンで最大20％OFF！／爪切り 高級 ケース付き つめきり 巻き爪 飛び散らない プラス 微粒やすり 飛び散り防止 滑り止め爪切り 手足用 高品質爪切り RP1 PKT3-2F","https://review.rakuten.co.jp/item/1/354660_10001158/epqr-iapq2-cqyom5_1_1315861313/","4","2023/10/25 13:38:57","","すごく切れ味いいです。重さがあり、小さくはないので持ち歩きはしないですが家で使う用として気に入っています。","0","354660-20230105-0342528246",""
"商品レビュー","【 楽天1位受賞★レビュー特典付き 】＼クーポンで最大20％OFF！／爪切り 高級 ケース付き つめきり 巻き爪 飛び散らない プラス 微粒やすり 飛び散り防止 滑り止め爪切り 手足用 高品質爪切り RP1 PKT3-2F","https://review.rakuten.co.jp/item/1/354660_10001158/epqr-ia8il-c4owos_1_1946647886/","4","2023/10/24 17:06:52","普通に切れます","使い方を理解するまでに約８分かかりました(笑)","0","354660-20231008-0360411866",""
"商品レビュー","【 楽天1位受賞★レビュー特典付き 】＼クーポンで最大20％OFF！／爪切り 高級 ケース付き つめきり 巻き爪 飛び散らない プラス 微粒やすり 飛び散り防止 滑り止め爪切り 手足用 高品質爪切り RP1 PKT3-2F","https://review.rakuten.co.jp/item/1/354660_10001158/epqr-ia8iq-kxzvqb_1_1962151719/","4","2023/10/21 21:50:03","","シャンパンゴールドとブラック購入。オシャレでサイズ感も良いです。","0","354660-20231015-0962413023",""
"商品レビュー","【 楽天1位受賞★レビュー特典付き 】＼クーポンで最大20％OFF！／爪切り 高級 ケース付き つめきり 巻き爪 飛び散らない プラス 微粒やすり 飛び散り防止 滑り止め爪切り 手足用 高品質爪切り RP1 PKT3-2F","https://review.rakuten.co.jp/item/1/354660_10001158/epqr-ia8iq-kxzvqb_1_1962151715/","4","2023/10/21 21:49:43","","シャンパンゴールドとブラック購入。オシャレでサイズ感も良いです。","0","354660-20231015-0962413023",""
"商品レビュー","【 楽天1位受賞★レビュー特典付き 】＼クーポンで最大20％OFF！／爪切り 高級 ケース付き つめきり 巻き爪 飛び散らない プラス 微粒やすり 飛び散り防止 滑り止め爪切り 手足用 高品質爪切り RP1 PKT3-2F","https://review.rakuten.co.jp/item/1/354660_10001158/epqr-ia8iq-aurjm5_1_1963046974/","5","2023/10/18 19:01:12","","切れ味バツグンでデザインもカッコ良いです。初めてSサイズを購入しましたが、男性でも細かいところまで切れるのでグッドです。","0","354660-20231015-0110313558",""
"商品レビュー","【 楽天1位受賞★レビュー特典付き 】＼クーポンで最大20％OFF！／爪切り 高級 ケース付き つめきり 巻き爪 飛び散らない プラス 微粒やすり 飛び散り防止 滑り止め爪切り 手足用 高品質爪切り RP1 PKT3-2F","https://review.rakuten.co.jp/item/1/354660_10001158/epqr-ia8io-d3hfd8_1_1954363444/","5","2023/10/15 23:32:22","切れ味は問題なし","Lサイズのブラックを購入しました。
梱包も丁寧で商品ケースの潰れ等もなくいい状態で届きました。ありがとうございました。
爪を切ってみた感想ですが、確かに切れ味良かったです。薄く切ったりも試しましたが少しでも噛んでればキレイに切れたので満足してます。
個人的には厚く硬くなった皮膚や爪も切りたいのでLLサイズがあればなお◎
開口部がもっと開けるVerもあれば是非購入したいです。","0","354660-20231012-0405312574",""
"商品レビュー","【 楽天1位受賞★レビュー特典付き 】＼クーポンで最大20％OFF！／爪切り 高級 ケース付き つめきり 巻き爪 飛び散らない プラス 微粒やすり 飛び散り防止 滑り止め爪切り 手足用 高品質爪切り RP1 PKT3-2F","https://review.rakuten.co.jp/item/1/354660_10001158/epqr-ia8d4-2l6b36_1_1815983185/","5","2023/09/29 15:52:31","","切れ味も良く、爪屑入れが搭載されているので非常に便利で使いやすく買って正解でした。","0","354660-20230810-0814245328",""
"商品レビュー","【 楽天1位受賞★レビュー特典付き 】＼クーポンで最大20％OFF！／爪切り 高級 ケース付き つめきり 巻き爪 飛び散らない プラス 微粒やすり 飛び散り防止 滑り止め爪切り 手足用 高品質爪切り RP1 PKT3-2F","https://review.rakuten.co.jp/item/1/354660_10001158/epqr-ia8fq-cow3so_1_1874196205/","4","2023/09/27 13:20:46","自分専用爪切り","シャンパンゴールド購入しました
色は分かりにくいです(笑)
切れ味はとても良く、切りやすいです
切れた爪も飛び散りにくい？と思います
安いし、買ってよかったです！
色がもう少し濃いと嬉しかった","0","354660-20230907-0337402892",""
"商品レビュー","【 楽天1位受賞★レビュー特典付き 】＼クーポンで最大20％OFF！／爪切り 高級 ケース付き つめきり 巻き爪 飛び散らない プラス 微粒やすり 飛び散り防止 滑り止め爪切り 手足用 高品質爪切り RP1 PKT3-2F","https://review.rakuten.co.jp/item/1/354660_10001158/epqr-ia8f8-icpq3k_1_1872366844/","4","2023/09/26 21:05:07","","よく切れる爪切りを探していました。レビューが良かったので購入しました。サクサク切れました。","0","354660-20230906-0735002691",""
"商品レビュー","【 楽天1位受賞★レビュー特典付き 】＼クーポンで最大20％OFF！／爪切り 高級 ケース付き つめきり 巻き爪 飛び散らない プラス 微粒やすり 飛び散り防止 滑り止め爪切り 手足用 高品質爪切り RP1 PKT3-2F","https://review.rakuten.co.jp/item/1/354660_10001158/epqr-ia8fs-dbztzn_1_1889590092/","3","2023/09/24 23:39:40","買ってよかった","切れ味もよくて、大きくて使いやすいです。","0","354660-20230910-0369505135",""
"商品レビュー","【 楽天1位受賞★レビュー特典付き 】＼クーポンで最大20％OFF！／爪切り 高級 ケース付き つめきり 巻き爪 飛び散らない プラス 微粒やすり 飛び散り防止 滑り止め爪切り 手足用 高品質爪切り RP1 PKT3-2F","https://review.rakuten.co.jp/item/1/354660_10001158/epqr-ia8g0-16vgyv_1_1909538158/","4","2023/09/22 22:06:17","","切れ味が良く使いやすいです。刃と本体の色を変えてもらえたら爪の切る位置がみやすそうです。","0","354660-20230920-0290307810",""
"商品レビュー","【 楽天1位受賞★レビュー特典付き 】＼クーポンで最大20％OFF！／爪切り 高級 ケース付き つめきり 巻き爪 飛び散らない プラス 微粒やすり 飛び散り防止 滑り止め爪切り 手足用 高品質爪切り RP1 PKT3-2F","https://review.rakuten.co.jp/item/1/354660_10001158/epqr-ia81l-1d9bu7_1_1771012047/","3","2023/09/19 14:44:14","","とても切れ味が良いです。
が、深爪にもなりやすいくらいです…
子どもが自分で爪切りする練習用として購入しましたが、使うのはもう少し先にします","0","354660-20230720-0252040652",""
"商品レビュー","【 楽天1位受賞★レビュー特典付き 】＼クーポンで最大20％OFF！／爪切り 高級 ケース付き つめきり 巻き爪 飛び散らない プラス 微粒やすり 飛び散り防止 滑り止め爪切り 手足用 高品質爪切り RP1 PKT3-2F","https://review.rakuten.co.jp/item/1/354660_10001158/epqr-ia8fs-ktc8jz_1_1888098699/","4","2023/09/18 10:14:41","シャンパンゴールド","安物だと切れ味が悪く、口コミを参考に決めました。
届くのが遅く缶の表面がちょっと凹んでましたが開け閉めは問題なく使えてます。
Lなのでもう少し大きいのを予想外してました、切れ味はすごく良いです。
切った爪が飛び散らないのが気に入ってます。","0","354660-20230910-0952604603",""
"商品レビュー","【 楽天1位受賞★レビュー特典付き 】＼クーポンで最大20％OFF！／爪切り 高級 ケース付き つめきり 巻き爪 飛び散らない プラス 微粒やすり 飛び散り防止 滑り止め爪切り 手足用 高品質爪切り RP1 PKT3-2F","https://review.rakuten.co.jp/item/1/354660_10001158/epqr-ia8e2-ied2i9_1_1839793805/","5","2023/09/12 11:00:43","","この度はありがとうございました。
とても素晴らしい商品ですので、また機会があれば是非是非よろしくお願いしますm(_ _)m","0","354660-20230825-0737648642",""
"商品レビュー","【 楽天1位受賞★レビュー特典付き 】＼クーポンで最大20％OFF！／爪切り 高級 ケース付き つめきり 巻き爪 飛び散らない プラス 微粒やすり 飛び散り防止 滑り止め爪切り 手足用 高品質爪切り RP1 PKT3-2F","https://review.rakuten.co.jp/item/1/354660_10001158/epqr-ia8fp-c0i7wt_1_1864648955/","5","2023/09/09 19:13:10","","コンパクトで切れ味抜群でした。すぐ届いて助かりました。","0","354660-20230905-0302902263",""
"商品レビュー","【 楽天1位受賞★レビュー特典付き 】＼クーポンで最大20％OFF！／爪切り 高級 ケース付き つめきり 巻き爪 飛び散らない プラス 微粒やすり 飛び散り防止 滑り止め爪切り 手足用 高品質爪切り RP1 PKT3-2F","https://review.rakuten.co.jp/item/1/354660_10001158/epqr-ia8ec-9a6psn_1_1827650494/","5","2023/09/07 13:58:23","","ＬとＳを購入しました。
大人の男性はＬで良さそうです。
子供と大人の女性はＳでいけます。
私にはＬサイズは大きかったです。
今までのものと比べ物にならない位、切りやすかったです。
切った爪が飛び散らないのが、地味に嬉しかったです。
子供が寝てる時に布団の上で切ることも可能です。","0","354660-20230817-0123946507",""
"商品レビュー","【 楽天1位受賞★レビュー特典付き 】＼クーポンで最大20％OFF！／爪切り 高級 ケース付き つめきり 巻き爪 飛び散らない プラス 微粒やすり 飛び散り防止 滑り止め爪切り 手足用 高品質爪切り RP1 PKT3-2F","https://review.rakuten.co.jp/item/1/354660_10001158/epqr-ia8eb-g2r8w7_1_1824115310/","4","2023/09/03 17:37:37","","切りやすく、デザインも良かったです。
やすりもなめらかになるので気に入っています。","0","354660-20230815-0627646148",""
"商品レビュー","【 楽天1位受賞★レビュー特典付き 】＼クーポンで最大20％OFF！／爪切り 高級 ケース付き つめきり 巻き爪 飛び散らない プラス 微粒やすり 飛び散り防止 滑り止め爪切り 手足用 高品質爪切り RP1 PKT3-2F","https://review.rakuten.co.jp/item/1/354660_10001158/epqr-ia8en-cot2q6_1_1852356880/","5","2023/09/02 13:17:15","使い易い!","早速使ってみました。切れ味良し。使い易い。やはり、100均のものとは、違います。個人的には、一々使用した後に、容器に入れないので、おしゃれ缶は、要らないかな。携帯にするなら、かさばらない物の方が、有り難い。","0","354660-20230831-0337200616",""
"商品レビュー","【 楽天1位受賞★レビュー特典付き 】＼クーポンで最大20％OFF！／爪切り 高級 ケース付き つめきり 巻き爪 飛び散らない プラス 微粒やすり 飛び散り防止 滑り止め爪切り 手足用 高品質爪切り RP1 PKT3-2F","https://review.rakuten.co.jp/item/1/354660_10001158/epqr-ia8e2-95l6p2_1_1841379136/","4","2023/08/31 22:31:06","概ね、満足","思った程の切れ味ではなかったですが、概ね満足しています。切れ味が持続することを願い使用します。","0","354660-20230825-0151948993",""
"商品レビュー","【 楽天1位受賞★レビュー特典付き 】＼クーポンで最大20％OFF！／爪切り 高級 ケース付き つめきり 巻き爪 飛び散らない プラス 微粒やすり 飛び散り防止 滑り止め爪切り 手足用 高品質爪切り RP1 PKT3-2F","https://review.rakuten.co.jp/item/1/354660_10001158/epqr-ia8a5-byiz54_1_1691032999/","2","2023/08/29 19:02:45","小さいので 使い辛い","●商品全体が小さく
大人男性の指には 使い辛い
現行商品の１．５～１．８倍の
大型化を希望
●切り歯の張り出し部分が 短く使い辛い
●切れ味が良く カラーも良い","0","354660-20230614-0237431770",""
"商品レビュー","【 楽天1位受賞★レビュー特典付き 】＼クーポンで最大20％OFF！／爪切り 高級 ケース付き つめきり 巻き爪 飛び散らない プラス 微粒やすり 飛び散り防止 滑り止め爪切り 手足用 高品質爪切り RP1 PKT3-2F","https://review.rakuten.co.jp/item/1/354660_10001158/epqr-ia8e7-bzbm9h_1_1832721984/","4","2023/08/23 18:55:14","","切れ味も良く爪も散らばらないので使いやすい","0","354660-20230820-0240347171",""
"商品レビュー","【 楽天1位受賞★レビュー特典付き 】＼クーポンで最大20％OFF！／爪切り 高級 ケース付き つめきり 巻き爪 飛び散らない プラス 微粒やすり 飛び散り防止 滑り止め爪切り 手足用 高品質爪切り RP1 PKT3-2F","https://review.rakuten.co.jp/item/1/354660_10001158/epqr-ia8ah-iewres_1_1668576201/","5","2023/08/23 13:17:17","","初めて購入しましたが値段以上に性能が良くてびっくりです。
ありがとうございました。","0","354660-20230607-0738829142",""
"商品レビュー","【 楽天1位受賞★レビュー特典付き 】＼クーポンで最大20％OFF！／爪切り 高級 ケース付き つめきり 巻き爪 飛び散らない プラス 微粒やすり 飛び散り防止 滑り止め爪切り 手足用 高品質爪切り RP1 PKT3-2F","https://review.rakuten.co.jp/item/1/354660_10001158/epqr-iapzb-drxn9z_1_1640095913/","5","2023/08/22 22:49:27","","切りやすくケースも付いているので便利です。カラーもかっこよくて気に入りました。ありがとうございました。","0","354660-20230527-0404625563",""
"商品レビュー","【 楽天1位受賞★レビュー特典付き 】＼クーポンで最大20％OFF！／爪切り 高級 ケース付き つめきり 巻き爪 飛び散らない プラス 微粒やすり 飛び散り防止 滑り止め爪切り 手足用 高品質爪切り RP1 PKT3-2F","https://review.rakuten.co.jp/item/1/354660_10001158/epqr-ia8d4-1qa97g_1_1817834770/","4","2023/08/21 20:17:02","","握力の弱くなった高齢の母用と自分用に2個買いました。今までよりも少ない力で切れるような気がしますが、重さが倍くらいあるので、高齢者にはもっと軽量だと良いですね。本体がとても重いのでヤスリは別になっていて正解だと思います。シャンパンピンクのような可愛いカラーが追加されることを期待します。","0","354660-20230810-0280545418",""
"商品レビュー","【 楽天1位受賞★レビュー特典付き 】＼クーポンで最大20％OFF！／爪切り 高級 ケース付き つめきり 巻き爪 飛び散らない プラス 微粒やすり 飛び散り防止 滑り止め爪切り 手足用 高品質爪切り RP1 PKT3-2F","https://review.rakuten.co.jp/item/1/354660_10001158/epqr-ia8e1-e3df4p_1_1826293609/","3","2023/08/19 10:58:46","","見た目が、切れ味は良く使い心地は良かった。
ただ届きたての商品に傷がついていたのが残念だと感じてしまいました。","0","354660-20230816-0465546477",""
"商品レビュー","【 楽天1位受賞★レビュー特典付き 】＼クーポンで最大20％OFF！／爪切り 高級 ケース付き つめきり 巻き爪 飛び散らない プラス 微粒やすり 飛び散り防止 滑り止め爪切り 手足用 高品質爪切り RP1 PKT3-2F","https://review.rakuten.co.jp/item/1/354660_10001158/epqr-ia8d4-cvx3of_1_1818091217/","4","2023/08/18 11:58:55","","セット内容には満足です。
切りやすさは、まぁまぁかな？
ただ、爪の飛び散りが軽減されているので助かってます。","0","354660-20230810-0354245481",""
"商品レビュー","【 楽天1位受賞★レビュー特典付き 】＼クーポンで最大20％OFF！／爪切り 高級 ケース付き つめきり 巻き爪 飛び散らない プラス 微粒やすり 飛び散り防止 滑り止め爪切り 手足用 高品質爪切り RP1 PKT3-2F","https://review.rakuten.co.jp/item/1/354660_10001158/epqr-ia8ea-gjlmrx_1_1822294141/","5","2023/08/15 15:13:05","使いやすかった！","早速使ってみると、ちょうど良い大きさで切りやすく、爪が散らばらなかったので、後片付けも楽ちんでした。","0","354660-20230813-0628945808",""
"商品レビュー","【 楽天1位受賞★レビュー特典付き 】＼クーポンで最大20％OFF！／爪切り 高級 ケース付き つめきり 巻き爪 飛び散らない プラス 微粒やすり 飛び散り防止 滑り止め爪切り 手足用 高品質爪切り RP1 PKT3-2F","https://review.rakuten.co.jp/item/1/354660_10001158/epqr-ia8d6-b051m4_1_1801081619/","5","2023/08/10 0:16:08","","100均のとは違いスムーズに切れました。爪も飛び散らずもっと早く買えば良かったです。","0","354660-20230804-0182244166",""
"商品レビュー","【 楽天1位受賞★レビュー特典付き 】＼クーポンで最大20％OFF！／爪切り 高級 ケース付き つめきり 巻き爪 飛び散らない プラス 微粒やすり 飛び散り防止 滑り止め爪切り 手足用 高品質爪切り RP1 PKT3-2F","https://review.rakuten.co.jp/item/1/354660_10001158/epqr-ia8dv-13wy7o_1_1808730912/","3","2023/08/08 23:07:24","","爪切りを探していてこちらを見つけました。虫が大嫌いなのでセミを連想させる形に躊躇しましたが、ボイント率が良いので購入しました。
発送が早く、ケースと爪やすりが付属されているのは良い！
肝心な切れ味は期待程ではなく、値段なりきな感じ。","0","354660-20230806-0285344516",""
"商品レビュー","【 楽天1位受賞★レビュー特典付き 】＼クーポンで最大20％OFF！／爪切り 高級 ケース付き つめきり 巻き爪 飛び散らない プラス 微粒やすり 飛び散り防止 滑り止め爪切り 手足用 高品質爪切り RP1 PKT3-2F","https://review.rakuten.co.jp/item/1/354660_10001158/epqr-ia81q-cq3gom_1_1787637977/","5","2023/08/06 22:39:55","とても良かったです","とても使いやすくて、ケース入りなので、
持ち運びにも便利です。","0","354660-20230727-0342142145",""
"商品レビュー","【 楽天1位受賞★レビュー特典付き 】＼クーポンで最大20％OFF！／爪切り 高級 ケース付き つめきり 巻き爪 飛び散らない プラス 微粒やすり 飛び散り防止 滑り止め爪切り 手足用 高品質爪切り RP1 PKT3-2F","https://review.rakuten.co.jp/item/1/354660_10001158/epqr-ia81d-j0xj10_1_1749300125/","4","2023/08/06 17:36:30","よかった","切りやすい。コツがいるので幼児の子はまだうまくつかえなかった。","0","354660-20230710-0848037744",""
"商品レビュー","【 楽天1位受賞★レビュー特典付き 】＼クーポンで最大20％OFF！／爪切り 高級 ケース付き つめきり 巻き爪 飛び散らない プラス 微粒やすり 飛び散り防止 滑り止め爪切り 手足用 高品質爪切り RP1 PKT3-2F","https://review.rakuten.co.jp/item/1/354660_10001158/epqr-iapzc-d6ng1y_1_1643436725/","5","2023/08/03 16:40:07","購入してよかった！","シャンパンゴールドとシルバーを購入しましたが色を見比べてもあまり変わらない気がします。切れ味はとてもいいです！爪が散らばらないしいい感じです(*^^*)","0","354660-20230529-0410725905",""
"商品レビュー","【 楽天1位受賞★レビュー特典付き 】＼クーポンで最大20％OFF！／爪切り 高級 ケース付き つめきり 巻き爪 飛び散らない プラス 微粒やすり 飛び散り防止 滑り止め爪切り 手足用 高品質爪切り RP1 PKT3-2F","https://review.rakuten.co.jp/item/1/354660_10001158/epqr-ia8av-i6qu6a_1_1716982145/","5","2023/08/01 10:23:35","","切れ味良く、爪も飛び散らす後始末も楽。買って良かった。","0","354660-20230626-0773735041",""
"商品レビュー","【 楽天1位受賞★レビュー特典付き 】＼クーポンで最大20％OFF！／爪切り 高級 ケース付き つめきり 巻き爪 飛び散らない プラス 微粒やすり 飛び散り防止 滑り止め爪切り 手足用 高品質爪切り RP1 PKT3-2F","https://review.rakuten.co.jp/item/1/354660_10001158/epqr-ia81p-7to85h_1_1782110791/","5","2023/07/30 15:34:59","気持ち良い切れ味","到着してすぐに使ってみましたが、キレイにスパッと気持ち良く切れてびっくりしました。ヤスリも付いていますが、ヤスリを使わなくても、引っ掛かりはないです。あとＬサイズで普通だと思います。","0","354660-20230725-0530041331",""
"商品レビュー","【 楽天1位受賞★レビュー特典付き 】＼クーポンで最大20％OFF！／爪切り 高級 ケース付き つめきり 巻き爪 飛び散らない プラス 微粒やすり 飛び散り防止 滑り止め爪切り 手足用 高品質爪切り RP1 PKT3-2F","https://review.rakuten.co.jp/item/1/354660_10001158/epqr-ia815-d9tnfh_1_1775245949/","5","2023/07/28 7:56:37","","爪やすり付のを探していたら、この商品のレビューやランキングも良かったので、早速購入しました。
切れ味も良く、切った爪が飛び散らなくて後始末が楽でした。
爪やすりは小さいですが、使用感も良く、爪も滑らかになっていい感じです。
ケース付なので、探さずにすぐに取り出せる点も良かったです。","0","354660-20230722-0367440959",""
"商品レビュー","【 楽天1位受賞★レビュー特典付き 】＼クーポンで最大20％OFF！／爪切り 高級 ケース付き つめきり 巻き爪 飛び散らない プラス 微粒やすり 飛び散り防止 滑り止め爪切り 手足用 高品質爪切り RP1 PKT3-2F","https://review.rakuten.co.jp/item/1/354660_10001158/epqr-ia81l-7vr92b_1_1772163749/","5","2023/07/27 20:32:50","","爪切りにこだわりがありませんでしたが、これを使ってから爪切りへのこだわりが変わりました！","0","354660-20230720-0535240695",""
"商品レビュー","【 楽天1位受賞★レビュー特典付き 】＼クーポンで最大20％OFF！／爪切り 高級 ケース付き つめきり 巻き爪 飛び散らない プラス 微粒やすり 飛び散り防止 滑り止め爪切り 手足用 高品質爪切り RP1 PKT3-2F","https://review.rakuten.co.jp/item/1/354660_10001158/epqr-ia81l-g9h18t_1_1768384955/","5","2023/07/26 21:29:51","","いい買い物ができました。満足しています。","0","354660-20230720-0608540211",""
"商品レビュー","【 楽天1位受賞★レビュー特典付き 】＼クーポンで最大20％OFF！／爪切り 高級 ケース付き つめきり 巻き爪 飛び散らない プラス 微粒やすり 飛び散り防止 滑り止め爪切り 手足用 高品質爪切り RP1 PKT3-2F","https://review.rakuten.co.jp/item/1/354660_10001158/epqr-ia81l-esmh06_1_1771855622/","5","2023/07/26 8:01:02","","大人用と子供用にSとM２つ買いました。
切りやすく爪も飛び散らずにいいです。
前のは子供の爪が切りにくかったのですが、とても切りやすいです。","0","354660-20230720-0467740684",""
"商品レビュー","【 楽天1位受賞★レビュー特典付き 】＼クーポンで最大20％OFF！／爪切り 高級 ケース付き つめきり 巻き爪 飛び散らない プラス 微粒やすり 飛び散り防止 滑り止め爪切り 手足用 高品質爪切り RP1 PKT3-2F","https://review.rakuten.co.jp/item/1/354660_10001158/epqr-ia81d-chr7xj_1_1747606897/","4","2023/07/22 12:36:18","","小さいながらも切れ味良く
見た目も高級感があり気に入っています。同封されている爪やすりも性能が良いです。ただ説明書がなかったため最初使い方がわからず､少し悩みました。簡単な図でもつけて頂けると助かります。その分★1つマイナスにしました。","0","354660-20230710-0321937934",""
"商品レビュー","【 楽天1位受賞★レビュー特典付き 】＼クーポンで最大20％OFF！／爪切り 高級 ケース付き つめきり 巻き爪 飛び散らない プラス 微粒やすり 飛び散り防止 滑り止め爪切り 手足用 高品質爪切り RP1 PKT3-2F","https://review.rakuten.co.jp/item/1/354660_10001158/epqr-ia81h-h2umy7_1_1759495635/","4","2023/07/21 15:38:26","","思ったより大きかったけど、切れ味は良かった","0","354660-20230715-0688339196",""
"商品レビュー","【 楽天1位受賞★レビュー特典付き 】＼クーポンで最大20％OFF！／爪切り 高級 ケース付き つめきり 巻き爪 飛び散らない プラス 微粒やすり 飛び散り防止 滑り止め爪切り 手足用 高品質爪切り RP1 PKT3-2F","https://review.rakuten.co.jp/item/1/354660_10001158/epqr-ia81d-f701k1_1_1752247441/","4","2023/07/21 13:07:35","切れ味は問題ないが・・・","確かに切れ味は良い。
しかし、先端に近い部分のサイドガードが邪魔で、自分の爪先が見にくいことがある。
他人の爪を切る場合は何ら問題ないのだが。
よって、しばらくはお蔵入り。","0","354660-20230710-0557638240",""
"商品レビュー","【 楽天1位受賞★レビュー特典付き 】＼クーポンで最大20％OFF！／爪切り 高級 ケース付き つめきり 巻き爪 飛び散らない プラス 微粒やすり 飛び散り防止 滑り止め爪切り 手足用 高品質爪切り RP1 PKT3-2F","https://review.rakuten.co.jp/item/1/354660_10001158/epqr-ia81d-7axtr8_1_1748127649/","4","2023/07/19 21:34:24","","切れ味は最高です。ケース付きなので高級感があります。
まだ数回しか使っていませんが、クズがたまるフタの隙間からゴミが出てしまいます。使い方が間違ってるのかも？","0","354660-20230710-0486937894",""
"商品レビュー","【 楽天1位受賞★レビュー特典付き 】＼クーポンで最大20％OFF！／爪切り 高級 ケース付き つめきり 巻き爪 飛び散らない プラス 微粒やすり 飛び散り防止 滑り止め爪切り 手足用 高品質爪切り RP1 PKT3-2F","https://review.rakuten.co.jp/item/1/354660_10001158/epqr-ia81i-fxnejp_1_1762252464/","5","2023/07/19 17:43:48","","厚くて硬い足の親指の爪も
軽い力で簡単に切れる切れ味と
ブラック購入しましたが
光沢感も気に入りました
大満足です","0","354660-20230716-0598839357",""
"商品レビュー","【 楽天1位受賞★レビュー特典付き 】＼クーポンで最大20％OFF！／爪切り 高級 ケース付き つめきり 巻き爪 飛び散らない プラス 微粒やすり 飛び散り防止 滑り止め爪切り 手足用 高品質爪切り RP1 PKT3-2F","https://review.rakuten.co.jp/item/1/354660_10001158/epqr-ia817-ccpqgp_1_1755311967/","5","2023/07/18 15:06:00","素晴らしいので2個目の購入です。","先に購入した物を知人が使って感激。私も欲しいという事で2個目の購入となりました。ほんと優れものですね。","0","354660-20230712-0311738925",""
"商品レビュー","【 楽天1位受賞★レビュー特典付き 】＼クーポンで最大20％OFF！／爪切り 高級 ケース付き つめきり 巻き爪 飛び散らない プラス 微粒やすり 飛び散り防止 滑り止め爪切り 手足用 高品質爪切り RP1 PKT3-2F","https://review.rakuten.co.jp/item/1/354660_10001158/epqr-ia81d-bfvmz0_1_1750628143/","4","2023/07/15 15:54:10","まだ使ってないけど…","良さそうな爪切りだったので購入してみました。カラーはシャンパンゴールドを選択。
箱に入っており、綺麗な色合いです。
私の分厚い足の爪を切るのが楽しみです。
届いた前の日に買ってしまったので数週間後に試してみます。","0","354660-20230710-0197938044",""
"商品レビュー","【 楽天1位受賞★レビュー特典付き 】＼クーポンで最大20％OFF！／爪切り 高級 ケース付き つめきり 巻き爪 飛び散らない プラス 微粒やすり 飛び散り防止 滑り止め爪切り 手足用 高品質爪切り RP1 PKT3-2F","https://review.rakuten.co.jp/item/1/354660_10001158/epqr-ia81c-i1fbv7_1_1745070704/","4","2023/07/15 13:38:15","レビュープレゼント有り","以前使用してた爪切りを紛失したため購入。爪やすり付き、又レビューを書くとプレゼント有りの特典があった為、ステンレス製で頑丈部そうだったので購入しました。","0","354660-20230709-0732737456",""
"商品レビュー","【 楽天1位受賞★レビュー特典付き 】＼クーポンで最大20％OFF！／爪切り 高級 ケース付き つめきり 巻き爪 飛び散らない プラス 微粒やすり 飛び散り防止 滑り止め爪切り 手足用 高品質爪切り RP1 PKT3-2F","https://review.rakuten.co.jp/item/1/354660_10001158/epqr-ia8av-a91mwv_2_1717757526/","4","2023/07/10 21:32:57","","切れ味は良いです。角が尖ってないので爪の端が切りにくいのと、やすりが使えないので他の方のレビューを確認して青いシールを剥がすのを知り無事使えましたが少しわかりにくかったです。","0","354660-20230626-0064035210",""
"商品レビュー","【 楽天1位受賞★レビュー特典付き 】＼クーポンで最大20％OFF！／爪切り 高級 ケース付き つめきり 巻き爪 飛び散らない プラス 微粒やすり 飛び散り防止 滑り止め爪切り 手足用 高品質爪切り RP1 PKT3-2F","https://review.rakuten.co.jp/item/1/354660_10001158/epqr-ia810-i2qs2k_1_1730505997/","5","2023/07/08 12:13:44","","注文番号 354660-20230704-0748536387
爪とても切りやすかったです。
耐震マットお願いいたします。","0","354660-20230704-0748536387",""
"商品レビュー","【 楽天1位受賞★レビュー特典付き 】＼クーポンで最大20％OFF！／爪切り 高級 ケース付き つめきり 巻き爪 飛び散らない プラス 微粒やすり 飛び散り防止 滑り止め爪切り 手足用 高品質爪切り RP1 PKT3-2F","https://review.rakuten.co.jp/item/1/354660_10001158/epqr-ia8aw-1g5sql_1_1718460101/","5","2023/07/03 22:27:25","よく切れる","よく切れる！思ったより大きかったけど問題なし！持ち歩きにも便利！","0","354660-20230627-0259535212",""
"商品レビュー","【 楽天1位受賞★レビュー特典付き 】＼クーポンで最大20％OFF！／爪切り 高級 ケース付き つめきり 巻き爪 飛び散らない プラス 微粒やすり 飛び散り防止 滑り止め爪切り 手足用 高品質爪切り RP1 PKT3-2F","https://review.rakuten.co.jp/item/1/354660_10001158/epqr-ia8au-4fd74_2_1714864968/","4","2023/06/28 22:49:12","","思ったより小ぶりでしたが、使いにくいことはなく、切れ味も悪くないです。","0","354660-20230625-0057534946",""
"商品レビュー","【 楽天1位受賞★レビュー特典付き 】＼クーポンで最大20％OFF！／爪切り 高級 ケース付き つめきり 巻き爪 飛び散らない プラス 微粒やすり 飛び散り防止 滑り止め爪切り 手足用 高品質爪切り RP1 PKT3-2F","https://review.rakuten.co.jp/item/1/354660_10001158/epqr-ia8as-kacpva_1_1704212380/","5","2023/06/27 21:48:08","かっこいい爪切り","切れ味も良くて、とっても切りやすいです。あとなんと言ってもかっこいい笑笑。小学生と中学生の息子が、喜んで爪を切るようになって助かっています。","0","354660-20230622-0908933833",""
"商品レビュー","【 楽天1位受賞★レビュー特典付き 】＼クーポンで最大20％OFF！／爪切り 高級 ケース付き つめきり 巻き爪 飛び散らない プラス 微粒やすり 飛び散り防止 滑り止め爪切り 手足用 高品質爪切り RP1 PKT3-2F","https://review.rakuten.co.jp/item/1/354660_10001158/epqr-ia8a8-70vbge_1_1697825925/","3","2023/06/21 23:30:49","","本日届きました。蓋を開けると、爪切りの表面に傷があり、中古品？と残念な気持ちになりました。切れ味は良いと思いました。
今まで使っていた爪切りの習慣で、手の爪を切った後、そのまま足の爪を切ろうと斜めにしたら、入っていた爪が全部こぼれ落ちてしまいました。
切った爪は飛び散らず収納されるのですが、切る時の角度に気を付ける必要がありそうです。","0","354660-20230618-0485133343",""
"商品レビュー","【 楽天1位受賞★レビュー特典付き 】＼クーポンで最大20％OFF！／爪切り 高級 ケース付き つめきり 巻き爪 飛び散らない プラス 微粒やすり 飛び散り防止 滑り止め爪切り 手足用 高品質爪切り RP1 PKT3-2F","https://review.rakuten.co.jp/item/1/354660_10001158/epqr-iapwu-bun2st_1_1527135327/","5","2023/06/20 21:54:31","結構いいものだ！切れ味もいいよ。","爪切りにうるさい息子が、「これいいね！」
切れ味最高、切った爪も飛ばすに大満足。","0","354660-20230409-0231011667",""
"商品レビュー","【 楽天1位受賞★レビュー特典付き 】＼クーポンで最大20％OFF！／爪切り 高級 ケース付き つめきり 巻き爪 飛び散らない プラス 微粒やすり 飛び散り防止 滑り止め爪切り 手足用 高品質爪切り RP1 PKT3-2F","https://review.rakuten.co.jp/item/1/354660_10001158/epqr-ia8aj-9xy7jx_1_1680025039/","5","2023/06/18 11:31:25","","切った爪が、飛び散らかないのでとてもいいです。","0","354660-20230610-0176230616",""
"商品レビュー","【 楽天1位受賞★レビュー特典付き 】＼クーポンで最大20％OFF！／爪切り 高級 ケース付き つめきり 巻き爪 飛び散らない プラス 微粒やすり 飛び散り防止 滑り止め爪切り 手足用 高品質爪切り RP1 PKT3-2F","https://review.rakuten.co.jp/item/1/354660_10001158/epqr-ia8aj-j9zfeb_1_1682467996/","5","2023/06/17 7:29:18","","他の方と同じように始めの数分使い方が？？？となりましたが、使い方を理解して納得。爪が飛び散らないし溜まった爪は収納する時必然的にカバーを開けるので捨て忘れもないです。見た目も良く買って良かったです。","0","354660-20230610-0851530575",""
"商品レビュー","【 楽天1位受賞★レビュー特典付き 】＼クーポンで最大20％OFF！／爪切り 高級 ケース付き つめきり 巻き爪 飛び散らない プラス 微粒やすり 飛び散り防止 滑り止め爪切り 手足用 高品質爪切り RP1 PKT3-2F","https://review.rakuten.co.jp/item/1/354660_10001158/epqr-ia8ai-bfptbi_1_1672881077/","4","2023/06/15 17:41:27","","子ども用と大人用に1つずつ購入しました。
小さいサイズだと小学生でも1人で切れそうです。
急ぎで子どもの爪を玄関で切るときも切った爪が散らからないのがいいですね。
専用の入れ物が蝶番で繋がっていると蓋がなくなる心配がなさそうでいいと感じました。","0","354660-20230608-0197529960",""
"商品レビュー","【 楽天1位受賞★レビュー特典付き 】＼クーポンで最大20％OFF！／爪切り 高級 ケース付き つめきり 巻き爪 飛び散らない プラス 微粒やすり 飛び散り防止 滑り止め爪切り 手足用 高品質爪切り RP1 PKT3-2F","https://review.rakuten.co.jp/item/1/354660_10001158/epqr-ia8ai-9xoivo_1_1672690802/","5","2023/06/14 20:02:13","","商品届きました！ありがとうございます。
切れ味はもう一つですが価格、内容は満足できる商品かと思います。","0","354660-20230608-0175629836",""
"商品レビュー","【 楽天1位受賞★レビュー特典付き 】＼クーポンで最大20％OFF！／爪切り 高級 ケース付き つめきり 巻き爪 飛び散らない プラス 微粒やすり 飛び散り防止 滑り止め爪切り 手足用 高品質爪切り RP1 PKT3-2F","https://review.rakuten.co.jp/item/1/354660_10001158/epqr-ia8aj-k4eb9r_1_1678848416/","5","2023/06/13 15:14:14","","いつからあるのかわからないくらいの我が家の爪切りが壊れ、一度ちゃんとした爪切りを買ってみようと思い購入しました。初めて見るしくみでした、力を入れなくても簡単に爪が切れました。お値段も安くて、もっと早く買えばよかった！と思いました。","0","354660-20230610-0964430160",""
"商品レビュー","【 楽天1位受賞★レビュー特典付き 】＼クーポンで最大20％OFF！／爪切り 高級 ケース付き つめきり 巻き爪 飛び散らない プラス 微粒やすり 飛び散り防止 滑り止め爪切り 手足用 高品質爪切り RP1 PKT3-2F","https://review.rakuten.co.jp/item/1/354660_10001158/epqr-ia8af-kooe5m_1_1660893835/","5","2023/06/13 10:50:56","","スムーズに切れ、切った爪も捨てやすく買ってよかったです。","0","354660-20230605-0941527817",""
"商品レビュー","【 楽天1位受賞★レビュー特典付き 】＼クーポンで最大20％OFF！／爪切り 高級 ケース付き つめきり 巻き爪 飛び散らない プラス 微粒やすり 飛び散り防止 滑り止め爪切り 手足用 高品質爪切り RP1 PKT3-2F","https://review.rakuten.co.jp/item/1/354660_10001158/epqr-ia8ac-l9vdnb_1_1648086226/","4","2023/06/11 22:15:16","良い爪切り","爪切りは確かに高級感あって良かった。使用感も悪くない。爪ヤスリは全然やすれず使い物にならなかった。","0","354660-20230601-0972226191",""
"商品レビュー","【 楽天1位受賞★レビュー特典付き 】＼クーポンで最大20％OFF！／爪切り 高級 ケース付き つめきり 巻き爪 飛び散らない プラス 微粒やすり 飛び散り防止 滑り止め爪切り 手足用 高品質爪切り RP1 PKT3-2F","https://review.rakuten.co.jp/item/1/354660_10001158/epqr-ia8af-eyobim_1_1659523125/","5","2023/06/07 15:28:07","","利用してみたが、使いやすいし切りやすい爪切りでよかった。","0","354660-20230605-0479628017",""
"商品レビュー","【 楽天1位受賞★レビュー特典付き 】＼クーポンで最大20％OFF！／爪切り 高級 ケース付き つめきり 巻き爪 飛び散らない プラス 微粒やすり 飛び散り防止 滑り止め爪切り 手足用 高品質爪切り RP1 PKT3-2F","https://review.rakuten.co.jp/item/1/354660_10001158/epqr-ia8af-jh0o7_2_1661102484/","5","2023/06/07 13:04:43","良いです！","切った爪が飛び散らないのは本当に良いですね。しかしうっかり爪切りを縦に起こしてしまうと切った爪が出てきてしまうのでそこは気を付けた方がいいです。爪やすりは青いシートを剥がしてから使いますが、なかなか剥がせないのでこのまま使うのかなと思ってしまいますがどうにか剥がせます。剥がすとしっかりしたヤスリ機能ですが爪をピカピカに磨く爪磨きではないと思います。
ケースに入って爪切り、ヤスリ共に商品としてとても満足、色を選べるのも嬉しいです。","0","354660-20230605-0024028568",""
"商品レビュー","【 楽天1位受賞★レビュー特典付き 】＼クーポンで最大20％OFF！／爪切り 高級 ケース付き つめきり 巻き爪 飛び散らない プラス 微粒やすり 飛び散り防止 滑り止め爪切り 手足用 高品質爪切り RP1 PKT3-2F","https://review.rakuten.co.jp/item/1/354660_10001158/epqr-ia8ac-h30d09_1_1647085172/","5","2023/06/06 6:28:34","切れ味よい","説明がないと最初ちょっと使い方わからないかもです。くるっと回すタイプではないので、中側にある飛散防止の蓋を逆側に倒すことで使えるようになるのをwebで調べました。切れ味はとてもいいし、一緒についてきた爪やすりもあたりが柔らかく使いやすいです。","0","354660-20230601-0707126114",""
"商品レビュー","【 楽天1位受賞★レビュー特典付き 】＼クーポンで最大20％OFF！／爪切り 高級 ケース付き つめきり 巻き爪 飛び散らない プラス 微粒やすり 飛び散り防止 滑り止め爪切り 手足用 高品質爪切り RP1 PKT3-2F","https://review.rakuten.co.jp/item/1/354660_10001158/epqr-ia8ac-j1ilm0_1_1647564004/","4","2023/06/05 11:41:48","シャンパンゴールド","シャンパンゴールドにしましたが
思ってたよりシルバーに近い色でした。","0","354660-20230601-0853826148",""
"商品レビュー","【 楽天1位受賞★レビュー特典付き 】＼クーポンで最大20％OFF！／爪切り 高級 ケース付き つめきり 巻き爪 飛び散らない プラス 微粒やすり 飛び散り防止 滑り止め爪切り 手足用 高品質爪切り RP1 PKT3-2F","https://review.rakuten.co.jp/item/1/354660_10001158/epqr-iapzc-bsrubw_1_1643203734/","4","2023/06/01 18:06:57","","爪切りの切れ味抜群で爪が中に収納されとても良い","0","354660-20230529-0226226011",""
"商品レビュー","【 楽天1位受賞★レビュー特典付き 】＼クーポンで最大20％OFF！／爪切り 高級 ケース付き つめきり 巻き爪 飛び散らない プラス 微粒やすり 飛び散り防止 滑り止め爪切り 手足用 高品質爪切り RP1 PKT3-2F","https://review.rakuten.co.jp/item/1/354660_10001158/epqr-iapz1-lnacqp_1_1641302778/","5","2023/05/31 17:35:03","","切れ味もよくとても使いやすかったです。。","0","354660-20230528-0999425505",""
"商品レビュー","【 楽天1位受賞★レビュー特典付き 】＼クーポンで最大20％OFF！／爪切り 高級 ケース付き つめきり 巻き爪 飛び散らない プラス 微粒やすり 飛び散り防止 滑り止め爪切り 手足用 高品質爪切り RP1 PKT3-2F","https://review.rakuten.co.jp/item/1/354660_10001158/epqr-iapum-j6z2dz_1_1500212110/","4","2023/05/31 14:16:14","","シャンパンゴールドのLサイズ購入。
確かに口コミ通りのシャンパンゴールドだなと思いました。色を教えられても分からないかもしれませんが落ち着いた綺麗な色です。
完全に切った爪が落ちない訳ではありませんが、飛び散るなんてことは一切ありません。
爪やすりは思ったほど(画像のように)ピカピカになることはありませんでしたが、切った後の爪が引っかかることがなく綺麗に整えることが出来ます。","0","354660-20230325-0895205771",""
"商品レビュー","【 楽天1位受賞★レビュー特典付き 】＼クーポンで最大20％OFF！／爪切り 高級 ケース付き つめきり 巻き爪 飛び散らない プラス 微粒やすり 飛び散り防止 滑り止め爪切り 手足用 高品質爪切り RP1 PKT3-2F","https://review.rakuten.co.jp/item/1/354660_10001158/epqr-iap4p-h9vs48_1_1595444150/","4","2023/05/29 18:29:48","問題なく使えてます。","しっかり切れるので問題ないです。
1回に切れる幅がもう少し広ければ★5です。","0","354660-20230509-0669921790",""
"商品レビュー","【 楽天1位受賞★レビュー特典付き 】＼クーポンで最大20％OFF！／爪切り 高級 ケース付き つめきり 巻き爪 飛び散らない プラス 微粒やすり 飛び散り防止 滑り止め爪切り 手足用 高品質爪切り RP1 PKT3-2F","https://review.rakuten.co.jp/item/1/354660_10001158/epqr-iap4x-lfziaq_1_1623599915/","3","2023/05/28 21:19:11","","爪が飛び散らないのでストレス軽減です。足の巻爪には、少し使い辛いですが、手の方は問題なく使用できます。","0","354660-20230520-0984223931",""
"商品レビュー","【 楽天1位受賞★レビュー特典付き 】＼クーポンで最大20％OFF！／爪切り 高級 ケース付き つめきり 巻き爪 飛び散らない プラス 微粒やすり 飛び散り防止 滑り止め爪切り 手足用 高品質爪切り RP1 PKT3-2F","https://review.rakuten.co.jp/item/1/354660_10001158/epqr-iap48-7boldd_1_1602378192/","5","2023/05/28 17:56:34","","ちゃんとした爪切りを初めて買いましたが、サクサク切れます。ケースと爪ヤスリも付いてて長期旅行にも使えて便利ですね。","0","354660-20230510-0489722334",""
"商品レビュー","【 楽天1位受賞★レビュー特典付き 】＼クーポンで最大20％OFF！／爪切り 高級 ケース付き つめきり 巻き爪 飛び散らない プラス 微粒やすり 飛び散り防止 滑り止め爪切り 手足用 高品質爪切り RP1 PKT3-2F","https://review.rakuten.co.jp/item/1/354660_10001158/epqr-iapz9-em6atl_1_1637059091/","4","2023/05/28 10:13:41","","デザイン、切り心地最高です
買ってよかったと思います","0","354660-20230526-0453125356",""
"商品レビュー","【 楽天1位受賞★レビュー特典付き 】＼クーポンで最大20％OFF！／爪切り 高級 ケース付き つめきり 巻き爪 飛び散らない プラス 微粒やすり 飛び散り防止 滑り止め爪切り 手足用 高品質爪切り RP1 PKT3-2F","https://review.rakuten.co.jp/item/1/354660_10001158/epqr-iap4t-ezaow0_1_1617157781/","5","2023/05/26 13:29:23","買って良かった","爪が飛び散らないし、切れ味も良し
ケースもあるので持ち運びに便利です","0","354660-20230515-0482123484",""
"商品レビュー","【 楽天1位受賞★レビュー特典付き 】＼クーポンで最大20％OFF！／爪切り 高級 ケース付き つめきり 巻き爪 飛び散らない プラス 微粒やすり 飛び散り防止 滑り止め爪切り 手足用 高品質爪切り RP1 PKT3-2F","https://review.rakuten.co.jp/item/1/354660_10001158/epqr-iap4l-phtin_2_1586668973/","4","2023/05/21 22:12:35","","迅速に発送していただきありがとうございました。
商品は、とても満足のいく物でした。","0","354660-20230504-0035820595",""
"商品レビュー","【 楽天1位受賞★レビュー特典付き 】＼クーポンで最大20％OFF！／爪切り 高級 ケース付き つめきり 巻き爪 飛び散らない プラス 微粒やすり 飛び散り防止 滑り止め爪切り 手足用 高品質爪切り RP1 PKT3-2F","https://review.rakuten.co.jp/item/1/354660_10001158/epqr-iap4p-eq4wvh_1_1595051324/","5","2023/05/20 14:38:50","プレゼントに！","プレゼント用に購入しました。まだ感想は聞いてないですが、また誰かにプレゼントしたいです","0","354660-20230509-0463521971",""
"商品レビュー","【 楽天1位受賞★レビュー特典付き 】＼クーポンで最大20％OFF！／爪切り 高級 ケース付き つめきり 巻き爪 飛び散らない プラス 微粒やすり 飛び散り防止 滑り止め爪切り 手足用 高品質爪切り RP1 PKT3-2F","https://review.rakuten.co.jp/item/1/354660_10001158/epqr-iap4p-eq4wvh_1_1595051323/","5","2023/05/20 14:36:34","今までに無い使用感","とても使いやすくて満足してます。
なので母にプレゼント用にも買いました
使ってみると分かります","0","354660-20230509-0463521971",""
"商品レビュー","【 楽天1位受賞★レビュー特典付き 】＼クーポンで最大20％OFF！／爪切り 高級 ケース付き つめきり 巻き爪 飛び散らない プラス 微粒やすり 飛び散り防止 滑り止め爪切り 手足用 高品質爪切り RP1 PKT3-2F","https://review.rakuten.co.jp/item/1/354660_10001158/epqr-iap46-c6i9vs_1_1617764898/","3","2023/05/17 21:56:51","","切れ味は凄く良いです。グリップも持ちやすいです。ただ足の爪を切ると飛び散ってしまいました。","0","354660-20230516-0349923698",""
"商品レビュー","【 楽天1位受賞★レビュー特典付き 】＼クーポンで最大20％OFF！／爪切り 高級 ケース付き つめきり 巻き爪 飛び散らない プラス 微粒やすり 飛び散り防止 滑り止め爪切り 手足用 高品質爪切り RP1 PKT3-2F","https://review.rakuten.co.jp/item/1/354660_10001158/epqr-iap48-lbs7ni_1_1596705106/","4","2023/05/16 7:54:38","","爪切りするたびに爪が割れるようになりこちらを購入しました。早速試してみましたが、今のところ大丈夫そうです。ヤスリは今持っているほうが削れました。","0","354660-20230510-0973721784",""
"商品レビュー","【 楽天1位受賞★レビュー特典付き 】＼クーポンで最大20％OFF！／爪切り 高級 ケース付き つめきり 巻き爪 飛び散らない プラス 微粒やすり 飛び散り防止 滑り止め爪切り 手足用 高品質爪切り RP1 PKT3-2F","https://review.rakuten.co.jp/item/1/354660_10001158/epqr-iap4n-20lgyt_1_1591231996/","4","2023/05/16 7:47:31","","ブロンズを購入しました。アンティーク調で素敵です。高級感のある缶に入っていて、テンション上がりました。切れ味も良く切った後にヤスリをかけなくても滑らかでとてもいいです！","0","354660-20230507-0786820959",""
"商品レビュー","【 楽天1位受賞★レビュー特典付き 】＼クーポンで最大20％OFF！／爪切り 高級 ケース付き つめきり 巻き爪 飛び散らない プラス 微粒やすり 飛び散り防止 滑り止め爪切り 手足用 高品質爪切り RP1 PKT3-2F","https://review.rakuten.co.jp/item/1/354660_10001158/epqr-iap4j-i1ppjq_1_1584916409/","5","2023/05/13 18:49:44","","今まで使っていた安物の爪切り比べ切り味は格段の違いを感じました。
もう、安物の爪切りは使えませんネ。","0","354660-20230502-0733320095",""
"商品レビュー","【 楽天1位受賞★レビュー特典付き 】＼クーポンで最大20％OFF！／爪切り 高級 ケース付き つめきり 巻き爪 飛び散らない プラス 微粒やすり 飛び散り防止 滑り止め爪切り 手足用 高品質爪切り RP1 PKT3-2F","https://review.rakuten.co.jp/item/1/354660_10001158/epqr-iap48-ig0es_2_1597170787/","4","2023/05/13 12:42:52","","とてもいい商品を購入させて頂きました。使いやすくて良かったです。","0","354660-20230510-0020622230",""
"商品レビュー","【 楽天1位受賞★レビュー特典付き 】＼クーポンで最大20％OFF！／爪切り 高級 ケース付き つめきり 巻き爪 飛び散らない プラス 微粒やすり 飛び散り防止 滑り止め爪切り 手足用 高品質爪切り RP1 PKT3-2F","https://review.rakuten.co.jp/item/1/354660_10001158/epqr-iap48-kpc567_1_1600665372/","5","2023/05/12 22:05:36","","おしゃれで良い、バリもでない。
プレゼントにもイイ見た目！","0","354660-20230510-0942522200",""
"商品レビュー","【 楽天1位受賞★レビュー特典付き 】＼クーポンで最大20％OFF！／爪切り 高級 ケース付き つめきり 巻き爪 飛び散らない プラス 微粒やすり 飛び散り防止 滑り止め爪切り 手足用 高品質爪切り RP1 PKT3-2F","https://review.rakuten.co.jp/item/1/354660_10001158/epqr-iap48-aawqlt_2_1601240923/","3","2023/05/12 21:10:03","","母の日用に購入しました。届いた袋を開けてみるとケースがむき出しで入っているだけ。説明書も何も無し。
こんなに簡易な商品は初めてで正直戸惑いました。
母に使ってもらって物は良かったようなので★３つです。","0","354660-20230510-0063622539",""
"商品レビュー","【 楽天1位受賞★レビュー特典付き 】＼クーポンで最大20％OFF！／爪切り 高級 ケース付き つめきり 巻き爪 飛び散らない プラス 微粒やすり 飛び散り防止 滑り止め爪切り 手足用 高品質爪切り RP1 PKT3-2F","https://review.rakuten.co.jp/item/1/354660_10001158/epqr-iapu8-ax9a0c_1_1510077122/","4","2023/05/08 19:42:01","買って良かった","とても切れ味が良く満足していますが付属の爪ヤスリは目が細かく爪を磨くものでしょうか？
使い方が分かりません。","0","354660-20230330-0114308501",""
"商品レビュー","【 楽天1位受賞★レビュー特典付き 】＼クーポンで最大20％OFF！／爪切り 高級 ケース付き つめきり 巻き爪 飛び散らない プラス 微粒やすり 飛び散り防止 滑り止め爪切り 手足用 高品質爪切り RP1 PKT3-2F","https://review.rakuten.co.jp/item/1/354660_10001158/epqr-iapxe-bp8kxi_1_1563164657/","5","2023/05/04 13:22:22","切れ味抜群","初め使い方がわかりませんでしたが、板をひっくり返すと利用できます。私は爪が硬めですが、スパスパ切れてくれるため申し分ないです。見た目もスマートで大変満足しております。","0","354660-20230423-0217717500",""
"商品レビュー","【 楽天1位受賞★レビュー特典付き 】＼クーポンで最大20％OFF！／爪切り 高級 ケース付き つめきり 巻き爪 飛び散らない プラス 微粒やすり 飛び散り防止 滑り止め爪切り 手足用 高品質爪切り RP1 PKT3-2F","https://review.rakuten.co.jp/item/1/354660_10001158/epqr-iapx2-hmobqf_1_1578708680/","5","2023/05/03 18:42:35","使ってみて感動しました","GW前半の休日に注文して2日後に届いて助かりました。大型連休中なので連休明けに届くのかな、と気長に待つつもりでいましたが、早い到着で嬉しかったです。
今までドラッグストアなどで購入した爪切りを使ってたので、そんなに違うのかなって思いながら評価が高くてコメントが多いこちらの商品を購入しました。
初めて高い爪切りを使ってみて、これ程の違いに驚きと感動を覚えました！匠の技術を爪切りから教わるとは思ってもいなかった。軽い力で飛び散らず、二枚爪にもならず切れ口がガタガタせず、こんなに爪を綺麗に快適に切れる感覚を初めて感じました。刃物系はいいものを使うもんですね。
多くの方がイイと評価している商品を使うことができて良かったです。この商品は強くお勧めしますよ。","0","354660-20230429-0694619253",""
"商品レビュー","【 楽天1位受賞★レビュー特典付き 】＼クーポンで最大20％OFF！／爪切り 高級 ケース付き つめきり 巻き爪 飛び散らない プラス 微粒やすり 飛び散り防止 滑り止め爪切り 手足用 高品質爪切り RP1 PKT3-2F","https://review.rakuten.co.jp/item/1/354660_10001158/epqr-iap42-j655s6_1_1583365151/","5","2023/05/03 15:52:09","","ケースがエコ感ある感じでシュッとしていたのもいい","0","354660-20230501-0894419812",""
"商品レビュー","【 楽天1位受賞★レビュー特典付き 】＼クーポンで最大20％OFF！／爪切り 高級 ケース付き つめきり 巻き爪 飛び散らない プラス 微粒やすり 飛び散り防止 滑り止め爪切り 手足用 高品質爪切り RP1 PKT3-2F","https://review.rakuten.co.jp/item/1/354660_10001158/epqr-iap6y-bi6w0a_1_1442140003/","4","2023/05/01 15:33:33","ケース付きがいい","切りやすくて使い勝手がいいです。ケースがついているので無くさなくて片付いていいです。","0","354660-20230305-0202900465",""
"商品レビュー","【 楽天1位受賞★レビュー特典付き 】＼クーポンで最大20％OFF！／爪切り 高級 ケース付き つめきり 巻き爪 飛び散らない プラス 微粒やすり 飛び散り防止 滑り止め爪切り 手足用 高品質爪切り RP1 PKT3-2F","https://review.rakuten.co.jp/item/1/354660_10001158/epqr-iapxb-gf941t_1_1555474451/","5","2023/05/01 15:32:21","","使いやすいです
軽い力で気持ちよく切れます
デザインも良く、とても満足です","0","354660-20230419-0619915851",""
"商品レビュー","【 楽天1位受賞★レビュー特典付き 】＼クーポンで最大20％OFF！／爪切り 高級 ケース付き つめきり 巻き爪 飛び散らない プラス 微粒やすり 飛び散り防止 滑り止め爪切り 手足用 高品質爪切り RP1 PKT3-2F","https://review.rakuten.co.jp/item/1/354660_10001158/epqr-iapwz-h1g0mt_1_1541878284/","5","2023/04/30 10:43:19","良い","高級感があっていいです。気に入りました。","0","354660-20230415-0672313599",""
"商品レビュー","【 楽天1位受賞★レビュー特典付き 】＼クーポンで最大20％OFF！／爪切り 高級 ケース付き つめきり 巻き爪 飛び散らない プラス 微粒やすり 飛び散り防止 滑り止め爪切り 手足用 高品質爪切り RP1 PKT3-2F","https://review.rakuten.co.jp/item/1/354660_10001158/epqr-iapxc-h7w1gj_1_1559510056/","5","2023/04/28 9:13:40","","とても高級感があり、爪を大事にしようと思わせてくれます。","0","354660-20230421-0680016758",""
"商品レビュー","【 楽天1位受賞★レビュー特典付き 】＼クーポンで最大20％OFF！／爪切り 高級 ケース付き つめきり 巻き爪 飛び散らない プラス 微粒やすり 飛び散り防止 滑り止め爪切り 手足用 高品質爪切り RP1 PKT3-2F","https://review.rakuten.co.jp/item/1/354660_10001158/epqr-iapxf-9bzg5r_1_1565601189/","5","2023/04/27 12:54:44","大満足です","切れ味がよく、切った爪が飛ばないのが本当に快適です。女性ですが、手が大きい方なのでLサイズでピッタリでした。","0","354660-20230425-0127617792",""
"商品レビュー","【 楽天1位受賞★レビュー特典付き 】＼クーポンで最大20％OFF！／爪切り 高級 ケース付き つめきり 巻き爪 飛び散らない プラス 微粒やすり 飛び散り防止 滑り止め爪切り 手足用 高品質爪切り RP1 PKT3-2F","https://review.rakuten.co.jp/item/1/354660_10001158/epqr-iapxe-9bogds_1_1562872670/","5","2023/04/25 13:07:34","いい買い物でしたら","日曜日に注文したら火曜日に届きました。
Ｌサイズは思ったより少し大きいですが、
切れ味は良くてとてもお気に入りです。","0","354660-20230423-0126917522",""
"商品レビュー","【 楽天1位受賞★レビュー特典付き 】＼クーポンで最大20％OFF！／爪切り 高級 ケース付き つめきり 巻き爪 飛び散らない プラス 微粒やすり 飛び散り防止 滑り止め爪切り 手足用 高品質爪切り RP1 PKT3-2F","https://review.rakuten.co.jp/item/1/354660_10001158/epqr-iapx0-b6dcgj_1_1550042624/","5","2023/04/23 13:25:23","","使いやすい爪切りを探していました。
機能もデザインも素敵で良かったです。","0","354660-20230416-0228714566",""
"商品レビュー","【 楽天1位受賞★レビュー特典付き 】＼クーポンで最大20％OFF！／爪切り 高級 ケース付き つめきり 巻き爪 飛び散らない プラス 微粒やすり 飛び散り防止 滑り止め爪切り 手足用 高品質爪切り RP1 PKT3-2F","https://review.rakuten.co.jp/item/1/354660_10001158/epqr-iapx0-9uq0cb_1_1549771990/","5","2023/04/22 23:41:39","","爪が切りやすく飛び散ることなく良かったです。ケースで保管できるので清潔に保てていいですね。","0","354660-20230416-0170714487",""
"商品レビュー","【 楽天1位受賞★レビュー特典付き 】＼クーポンで最大20％OFF！／爪切り 高級 ケース付き つめきり 巻き爪 飛び散らない プラス 微粒やすり 飛び散り防止 滑り止め爪切り 手足用 高品質爪切り RP1 PKT3-2F","https://review.rakuten.co.jp/item/1/354660_10001158/epqr-iapxb-2nrmxh_1_1555772736/","5","2023/04/21 15:23:10","私の感想です。","大変使い易いです。
末長いお付き合いをしたいです。","0","354660-20230419-0819115931",""
"商品レビュー","【 楽天1位受賞★レビュー特典付き 】＼クーポンで最大20％OFF！／爪切り 高級 ケース付き つめきり 巻き爪 飛び散らない プラス 微粒やすり 飛び散り防止 滑り止め爪切り 手足用 高品質爪切り RP1 PKT3-2F","https://review.rakuten.co.jp/item/1/354660_10001158/epqr-iapwz-eawn70_1_1546913303/","5","2023/04/19 22:52:46","良い","使いやすいです。1000円超える爪切りなんて高い、と思ってましたが、とても良いです。","0","354660-20230415-0426414096",""
"商品レビュー","【 楽天1位受賞★レビュー特典付き 】＼クーポンで最大20％OFF！／爪切り 高級 ケース付き つめきり 巻き爪 飛び散らない プラス 微粒やすり 飛び散り防止 滑り止め爪切り 手足用 高品質爪切り RP1 PKT3-2F","https://review.rakuten.co.jp/item/1/354660_10001158/epqr-iapwz-elzyy3_1_1544189246/","5","2023/04/19 10:19:53","","、デザインもよく使いやすく機能的で満足してます。","0","354660-20230415-0451814029",""
"商品レビュー","【 楽天1位受賞★レビュー特典付き 】＼クーポンで最大20％OFF！／爪切り 高級 ケース付き つめきり 巻き爪 飛び散らない プラス 微粒やすり 飛び散り防止 滑り止め爪切り 手足用 高品質爪切り RP1 PKT3-2F","https://review.rakuten.co.jp/item/1/354660_10001158/epqr-iapwz-i11hr0_1_1548397766/","4","2023/04/18 22:36:40","","切った爪が飛び散らず、買ってよかったです！","0","354660-20230415-0732514320",""
"商品レビュー","【 楽天1位受賞★レビュー特典付き 】＼クーポンで最大20％OFF！／爪切り 高級 ケース付き つめきり 巻き爪 飛び散らない プラス 微粒やすり 飛び散り防止 滑り止め爪切り 手足用 高品質爪切り RP1 PKT3-2F","https://review.rakuten.co.jp/item/1/354660_10001158/epqr-iapx0-eabrn0_1_1550302505/","5","2023/04/18 18:07:40","","切れ味もよく、軽く切れます。
切ったあともキレイなので、爪磨きで後処理しなくても良くなりました。","0","354660-20230416-0425114604",""
"商品レビュー","【 楽天1位受賞★レビュー特典付き 】＼クーポンで最大20％OFF！／爪切り 高級 ケース付き つめきり 巻き爪 飛び散らない プラス 微粒やすり 飛び散り防止 滑り止め爪切り 手足用 高品質爪切り RP1 PKT3-2F","https://review.rakuten.co.jp/item/1/354660_10001158/epqr-iapwz-a2xk7g_2_1542912919/","4","2023/04/18 9:53:46","","本体にところどころ小さな傷があり、中古品？と思ってしまいましたが、色がかわいいし、缶に入って高級感あります。","0","354660-20230415-0083813914",""
"商品レビュー","【 楽天1位受賞★レビュー特典付き 】＼クーポンで最大20％OFF！／爪切り 高級 ケース付き つめきり 巻き爪 飛び散らない プラス 微粒やすり 飛び散り防止 滑り止め爪切り 手足用 高品質爪切り RP1 PKT3-2F","https://review.rakuten.co.jp/item/1/354660_10001158/epqr-iapww-kgpyqq_1_1535102575/","2","2023/04/17 11:03:04","","日頃お世話になってる人にプレゼント用として購入しました。
アリエクスプレスとかで買えば600円程度で買えるのですが、何時届くか分からない事等がある為、今回は楽天で購入。
1つは自分用に買ったので試してみましたが、切れ味がイマイチでした。
ケースも高級とは程遠い物ですね。
サイズも小さめで色々と期待外れでした。","0","354660-20230411-0924812195",""
"商品レビュー","【 楽天1位受賞★レビュー特典付き 】＼クーポンで最大20％OFF！／爪切り 高級 ケース付き つめきり 巻き爪 飛び散らない プラス 微粒やすり 飛び散り防止 滑り止め爪切り 手足用 高品質爪切り RP1 PKT3-2F","https://review.rakuten.co.jp/item/1/354660_10001158/epqr-iapwv-djmcls_1_1530582296/","4","2023/04/16 19:21:44","","なんかちょっと高そうに見える爪切りです！
今まで100均のしか使ったことがないのでそれと比べてしまえば勿論良いです！","0","354660-20230410-0387111914",""
"商品レビュー","【 楽天1位受賞★レビュー特典付き 】＼クーポンで最大20％OFF！／爪切り 高級 ケース付き つめきり 巻き爪 飛び散らない プラス 微粒やすり 飛び散り防止 滑り止め爪切り 手足用 高品質爪切り RP1 PKT3-2F","https://review.rakuten.co.jp/item/1/354660_10001158/epqr-iapw3-cx44rq_1_1519844348/","5","2023/04/16 19:15:19","","色もよく、爪が飛び散らないのもとても良いです。","0","354660-20230405-0357709847",""
"商品レビュー","【 楽天1位受賞★レビュー特典付き 】＼クーポンで最大20％OFF！／爪切り 高級 ケース付き つめきり 巻き爪 飛び散らない プラス 微粒やすり 飛び散り防止 滑り止め爪切り 手足用 高品質爪切り RP1 PKT3-2F","https://review.rakuten.co.jp/item/1/354660_10001158/epqr-iapwv-eq67sb_1_1534034610/","5","2023/04/15 16:12:32","","使いやすい爪切りを探していましたがなかなか見つかりませんでした。ふと楽天を思いついて検索して良さそうなので購入しましたが、期待以上に使いやすいです。","0","354660-20230410-0463212075",""
"商品レビュー","【 楽天1位受賞★レビュー特典付き 】＼クーポンで最大20％OFF！／爪切り 高級 ケース付き つめきり 巻き爪 飛び散らない プラス 微粒やすり 飛び散り防止 滑り止め爪切り 手足用 高品質爪切り RP1 PKT3-2F","https://review.rakuten.co.jp/item/1/354660_10001158/epqr-iapwv-d2a32y_1_1527626448/","5","2023/04/15 15:16:52","","切れあじとても良かったです
使いやすさも問題ありませんでした
ケースも付いていたので収納にも重宝しそうです","0","354660-20230410-0384711621",""
"商品レビュー","【 楽天1位受賞★レビュー特典付き 】＼クーポンで最大20％OFF！／爪切り 高級 ケース付き つめきり 巻き爪 飛び散らない プラス 微粒やすり 飛び散り防止 滑り止め爪切り 手足用 高品質爪切り RP1 PKT3-2F","https://review.rakuten.co.jp/item/1/354660_10001158/epqr-iapwv-dioo0r_1_1527514852/","5","2023/04/13 19:59:08","","初めて購入しました。とても切りやすく爪も飛んでいかないので、家族で愛用してます。","0","354660-20230410-0383911512",""
"商品レビュー","【 楽天1位受賞★レビュー特典付き 】＼クーポンで最大20％OFF！／爪切り 高級 ケース付き つめきり 巻き爪 飛び散らない プラス 微粒やすり 飛び散り防止 滑り止め爪切り 手足用 高品質爪切り RP1 PKT3-2F","https://review.rakuten.co.jp/item/1/354660_10001158/epqr-iapsh-a90j85_2_1401966600/","3","2023/04/12 16:29:43","","普通の爪切りと少し持ち手を開くやり方が違っていて、はじめ使い方がわからず困りました。説明書き等も無いのでしばらくあーだこうだしてました。
あとから気づいたんですが、商品紹介の所にちゃんと書いてありましたね、使い方。
これ、プレゼントでもらった場合、使い方わからない人いると思うんですが、どうなんですかね。
切れ味はよいです。デザインもかっこいいです。
足の爪が大きい人、分厚い人はかなり切りにくいかも。夫の足の爪切りしようとしたらなかなか難しかったです。
父にプレゼントしようかと思っていたんですが、父の爪もゴツゴツタイプなんで無理そうです、残念。","0","354660-20230211-0063844362",""
"商品レビュー","【 楽天1位受賞★レビュー特典付き 】＼クーポンで最大20％OFF！／爪切り 高級 ケース付き つめきり 巻き爪 飛び散らない プラス 微粒やすり 飛び散り防止 滑り止め爪切り 手足用 高品質爪切り RP1 PKT3-2F","https://review.rakuten.co.jp/item/1/354660_10001158/epqr-iapwr-clt4u2_1_1517175805/","4","2023/04/12 7:21:09","缶のケースの盛り上がり","娘へのプレゼントで購入させて頂きました。でも他の方のレビューを見て画像を見たらうちに届いた品物も缶のケースに裏から突かれたようにボコっと膨らんでいました。それがすごく残念です
初めからそうなっていたのか…配送時になってしまったのわかりませんがあり得ません。
配送前からの傷ならもっとちゃんと確認するべきです。","0","354660-20230404-0330509569",""
"商品レビュー","【 楽天1位受賞★レビュー特典付き 】＼クーポンで最大20％OFF！／爪切り 高級 ケース付き つめきり 巻き爪 飛び散らない プラス 微粒やすり 飛び散り防止 滑り止め爪切り 手足用 高品質爪切り RP1 PKT3-2F","https://review.rakuten.co.jp/item/1/354660_10001158/epqr-iapwv-he0o7f_1_1528154898/","4","2023/04/11 10:32:48","","10日の朝に注文入れたら翌日の朝にポストに入ってました。早っ！！
ケースに入ってるし保管や持ち運びも便利で良かったです。","0","354660-20230410-0676911465",""
"商品レビュー","【 楽天1位受賞★レビュー特典付き 】＼クーポンで最大20％OFF！／爪切り 高級 ケース付き つめきり 巻き爪 飛び散らない プラス 微粒やすり 飛び散り防止 滑り止め爪切り 手足用 高品質爪切り RP1 PKT3-2F","https://review.rakuten.co.jp/item/1/354660_10001158/epqr-iapsj-79j9pi_1_1406961907/","5","2023/04/11 2:28:26","","何回か使ってみて、今までの爪切りより軽い力で切れていい感じです。セットのヤスリもかなりいいです。","0","354660-20230214-0487745184",""
"商品レビュー","【 楽天1位受賞★レビュー特典付き 】＼クーポンで最大20％OFF！／爪切り 高級 ケース付き つめきり 巻き爪 飛び散らない プラス 微粒やすり 飛び散り防止 滑り止め爪切り 手足用 高品質爪切り RP1 PKT3-2F","https://review.rakuten.co.jp/item/1/354660_10001158/epqr-iapwp-a5x20c_2_1512539078/","5","2023/04/09 4:24:05","ケース付きは便利","一人暮らしを始めた子供用に購入致しました。まだ未使用なので使用感はわからないのですが、ケース付きなので収納にも困らず見た目もとても高級感があり綺麗です。自分用にも購入してみようと思っています。","0","354660-20230401-0092209109",""
"商品レビュー","【 楽天1位受賞★レビュー特典付き 】＼クーポンで最大20％OFF！／爪切り 高級 ケース付き つめきり 巻き爪 飛び散らない プラス 微粒やすり 飛び散り防止 滑り止め爪切り 手足用 高品質爪切り RP1 PKT3-2F","https://review.rakuten.co.jp/item/1/354660_10001158/epqr-iapw3-9q0zvb_1_1519323278/","4","2023/04/07 16:59:06","","予定通り、本日届きました。
早速開封して内容を確認しました。
商品は期待通り使い勝手が良さそうで、ケースもしっかりしたものでした。","0","354660-20230405-0159609963",""
"商品レビュー","【 楽天1位受賞★レビュー特典付き 】＼クーポンで最大20％OFF！／爪切り 高級 ケース付き つめきり 巻き爪 飛び散らない プラス 微粒やすり 飛び散り防止 滑り止め爪切り 手足用 高品質爪切り RP1 PKT3-2F","https://review.rakuten.co.jp/item/1/354660_10001158/epqr-iapum-itahre_1_1495802380/","4","2023/04/07 14:45:05","","今までで一番、爪がきれいに切れる。ヤスリがけしなくても、引っ掛かりが少ないので、買って満足。付属のヤスリは小さくて使いづらいので、星４にしました。","0","354660-20230325-0771005527",""
"商品レビュー","【 楽天1位受賞★レビュー特典付き 】＼クーポンで最大20％OFF！／爪切り 高級 ケース付き つめきり 巻き爪 飛び散らない プラス 微粒やすり 飛び散り防止 滑り止め爪切り 手足用 高品質爪切り RP1 PKT3-2F","https://review.rakuten.co.jp/item/1/354660_10001158/epqr-iapu9-hlnh7m_1_1468808747/","4","2023/04/06 8:10:42","","切れ味の良い爪切りを探していてこちらの商品に辿り着きました。厚みのある爪も軽くきることが出来ました。ケースは要らないよなぁ&#12316;って思っていましたが、ヤスリと合わせてガッツリ使っていきたいと思います。","0","354660-20230310-0692902817",""
"商品レビュー","【 楽天1位受賞★レビュー特典付き 】＼クーポンで最大20％OFF！／爪切り 高級 ケース付き つめきり 巻き爪 飛び散らない プラス 微粒やすり 飛び散り防止 滑り止め爪切り 手足用 高品質爪切り RP1 PKT3-2F","https://review.rakuten.co.jp/item/1/354660_10001158/epqr-iapuo-1lwm2y_1_1507241076/","5","2023/04/05 10:22:16","爪切り","受け取りました。ありがとうございました。","0","354660-20230328-0270207429",""
"商品レビュー","【 楽天1位受賞★レビュー特典付き 】＼クーポンで最大20％OFF！／爪切り 高級 ケース付き つめきり 巻き爪 飛び散らない プラス 微粒やすり 飛び散り防止 滑り止め爪切り 手足用 高品質爪切り RP1 PKT3-2F","https://review.rakuten.co.jp/item/1/354660_10001158/epqr-iapun-ewzx57_1_1504246315/","5","2023/03/31 2:21:20","良いです","Lブラック購入。切れ味も良く見た目もカッコイイです。ケースも良いです","0","354660-20230327-0477006416",""
"商品レビュー","【 楽天1位受賞★レビュー特典付き 】＼クーポンで最大20％OFF！／爪切り 高級 ケース付き つめきり 巻き爪 飛び散らない プラス 微粒やすり 飛び散り防止 滑り止め爪切り 手足用 高品質爪切り RP1 PKT3-2F","https://review.rakuten.co.jp/item/1/354660_10001158/epqr-iapum-9tk5po_1_1497500821/","5","2023/03/30 22:59:33","","とてもリーズナブルな爪切りでした。切れ味良く、切った爪が飛び散る感じがしません。持続性はわかりませんが第一印象としては想像以上でした。","0","354660-20230325-0167005928",""
"商品レビュー","【 楽天1位受賞★レビュー特典付き 】＼クーポンで最大20％OFF！／爪切り 高級 ケース付き つめきり 巻き爪 飛び散らない プラス 微粒やすり 飛び散り防止 滑り止め爪切り 手足用 高品質爪切り RP1 PKT3-2F","https://review.rakuten.co.jp/item/1/354660_10001158/epqr-iapum-jw92q0_1_1496368872/","5","2023/03/28 19:39:42","","2回目の購入です。前回、自分用に買ってとても使いやすかったので今回は親にプレゼント用として買いました。今まで安物を使っていたのでとても喜んでいました。","0","354660-20230325-0898705548",""
"商品レビュー","【 楽天1位受賞★レビュー特典付き 】＼クーポンで最大20％OFF！／爪切り 高級 ケース付き つめきり 巻き爪 飛び散らない プラス 微粒やすり 飛び散り防止 滑り止め爪切り 手足用 高品質爪切り RP1 PKT3-2F","https://review.rakuten.co.jp/item/1/354660_10001158/epqr-iapum-7rajmp_1_1494898570/","5","2023/03/28 12:40:35","","とても使い勝手がよくて切るのも楽だったのでリピート購入しました。","0","354660-20230325-0524105625",""
"商品レビュー","【 楽天1位受賞★レビュー特典付き 】＼クーポンで最大20％OFF！／爪切り 高級 ケース付き つめきり 巻き爪 飛び散らない プラス 微粒やすり 飛び散り防止 滑り止め爪切り 手足用 高品質爪切り RP1 PKT3-2F","https://review.rakuten.co.jp/item/1/354660_10001158/epqr-iapu2-hflgrl_1_1487615278/","5","2023/03/25 19:06:37","","切れ味良すぎてびっくりしました！！良すぎるので気をつけて切らないと危ないな、という印象です。
切れ味悪くなったらまた買いたいくらいです。
どのくらいこの切れ味がもつか、楽しみです。","0","354660-20230321-0681004816",""
"商品レビュー","【 楽天1位受賞★レビュー特典付き 】＼クーポンで最大20％OFF！／爪切り 高級 ケース付き つめきり 巻き爪 飛び散らない プラス 微粒やすり 飛び散り防止 滑り止め爪切り 手足用 高品質爪切り RP1 PKT3-2F","https://review.rakuten.co.jp/item/1/354660_10001158/epqr-iapu1-29g2kp_1_1473499170/","4","2023/03/25 7:51:15","","とても爪が切りやすいです。
今までの爪切りは裏に爪やすりが付いていて、爪を削ることができたのですが、付属の爪やすりは爪を磨く用のような気がしました。","0","354660-20230312-0789903489",""
"商品レビュー","【 楽天1位受賞★レビュー特典付き 】＼クーポンで最大20％OFF！／爪切り 高級 ケース付き つめきり 巻き爪 飛び散らない プラス 微粒やすり 飛び散り防止 滑り止め爪切り 手足用 高品質爪切り RP1 PKT3-2F","https://review.rakuten.co.jp/item/1/354660_10001158/epqr-iapug-bodsbz_1_1481946755/","4","2023/03/23 18:49:06","プレゼント用に購入","プレゼントのために色違いを2つ注文しました。大きさはもう少し大きいかと思っていましたがいましたが、Lサイズでもやや小さめでした。切れ味に期待したいと思います。収納用のケースに入っていてプレゼントには良いと思いました。","0","354660-20230318-0215304623",""
"商品レビュー","【 楽天1位受賞★レビュー特典付き 】＼クーポンで最大20％OFF！／爪切り 高級 ケース付き つめきり 巻き爪 飛び散らない プラス 微粒やすり 飛び散り防止 滑り止め爪切り 手足用 高品質爪切り RP1 PKT3-2F","https://review.rakuten.co.jp/item/1/354660_10001158/epqr-iapqq-d32ujp_1_1342289903/","5","2023/03/23 13:35:06","","良い爪切りを購入したくて、考えて購入しました、まだ使用していません","0","354660-20230115-0405432093",""
"商品レビュー","【 楽天1位受賞★レビュー特典付き 】＼クーポンで最大20％OFF！／爪切り 高級 ケース付き つめきり 巻き爪 飛び散らない プラス 微粒やすり 飛び散り防止 滑り止め爪切り 手足用 高品質爪切り RP1 PKT3-2F","https://review.rakuten.co.jp/item/1/354660_10001158/epqr-iapub-13wa76_1_1471047294/","5","2023/03/22 15:08:59","","良く切れます。そして付属の爪やすりも素晴らしい!削った所がツルツルになって感動。","0","354660-20230311-0285303052",""
"商品レビュー","【 楽天1位受賞★レビュー特典付き 】＼クーポンで最大20％OFF！／爪切り 高級 ケース付き つめきり 巻き爪 飛び散らない プラス 微粒やすり 飛び散り防止 滑り止め爪切り 手足用 高品質爪切り RP1 PKT3-2F","https://review.rakuten.co.jp/item/1/354660_10001158/epqr-iapub-100u8k_1_1470952302/","4","2023/03/20 15:26:02","","無事に着きました。ありがとうございます。","0","354660-20230311-0241903095",""
"商品レビュー","【 楽天1位受賞★レビュー特典付き 】＼クーポンで最大20％OFF！／爪切り 高級 ケース付き つめきり 巻き爪 飛び散らない プラス 微粒やすり 飛び散り防止 滑り止め爪切り 手足用 高品質爪切り RP1 PKT3-2F","https://review.rakuten.co.jp/item/1/354660_10001158/epqr-iapud-efnu9w_1_1476483403/","5","2023/03/18 9:27:44","","見た目もよくサイズ感も良かったです。満足しております。","0","354660-20230314-0439303927",""
"商品レビュー","【 楽天1位受賞★レビュー特典付き 】＼クーポンで最大20％OFF！／爪切り 高級 ケース付き つめきり 巻き爪 飛び散らない プラス 微粒やすり 飛び散り防止 滑り止め爪切り 手足用 高品質爪切り RP1 PKT3-2F","https://review.rakuten.co.jp/item/1/354660_10001158/epqr-iapuc-cnzozx_1_1474409098/","4","2023/03/16 9:19:40","","ゴミが飛び散らず捨てるのが簡単なのが気に入りました。
それ以外は普通。","0","354660-20230313-0335903756",""
"商品レビュー","【 楽天1位受賞★レビュー特典付き 】＼クーポンで最大20％OFF！／爪切り 高級 ケース付き つめきり 巻き爪 飛び散らない プラス 微粒やすり 飛び散り防止 滑り止め爪切り 手足用 高品質爪切り RP1 PKT3-2F","https://review.rakuten.co.jp/item/1/354660_10001158/epqr-iap6z-2mipp3_1_1457814545/","5","2023/03/15 20:53:50","とても良い","使い方がこれまでの物とは違ったので、少し戸惑いましたが、切れ味が良く、とても良い買い物ができました。","0","354660-20230307-0815201629",""
"商品レビュー","【 楽天1位受賞★レビュー特典付き 】＼クーポンで最大20％OFF！／爪切り 高級 ケース付き つめきり 巻き爪 飛び散らない プラス 微粒やすり 飛び散り防止 滑り止め爪切り 手足用 高品質爪切り RP1 PKT3-2F","https://review.rakuten.co.jp/item/1/354660_10001158/epqr-iapsg-ctwiwf_1_1397768233/","4","2023/03/15 20:14:45","","立派です。切れ味が良いのですが切る時切りたいキッチリのところに刃を当ててしまうとちょっと巻き込んで切れるので深爪になってしまいます。元々深爪気味の方は少し余裕をもって切って爪とぎで整えるのが良いです。","0","354660-20230210-0349143525",""
"商品レビュー","【 楽天1位受賞★レビュー特典付き 】＼クーポンで最大20％OFF！／爪切り 高級 ケース付き つめきり 巻き爪 飛び散らない プラス 微粒やすり 飛び散り防止 滑り止め爪切り 手足用 高品質爪切り RP1 PKT3-2F","https://review.rakuten.co.jp/item/1/354660_10001158/epqr-iapu9-d8fsig_1_1465323371/","4","2023/03/15 17:43:29","","ブラック購入。見た目すごくいいです。爪はケースに収まり飛び散らないしヤスリも使いやすい。
切りごこちですがこれは普通かなと言う感じ。2枚爪にならず切り口もきれいなんですがテコが少し硬く感じました。パチンというよりサクッとしたのを期待してたのですが、実家の爪切りと比べると少し落ちます。
しかしほぼ満足しています。","0","354660-20230310-0400202650",""
"商品レビュー","【 楽天1位受賞★レビュー特典付き 】＼クーポンで最大20％OFF！／爪切り 高級 ケース付き つめきり 巻き爪 飛び散らない プラス 微粒やすり 飛び散り防止 滑り止め爪切り 手足用 高品質爪切り RP1 PKT3-2F","https://review.rakuten.co.jp/item/1/354660_10001158/epqr-iapu1-gjsgsg_1_1473094344/","5","2023/03/15 12:51:01","大変満足","早速使用してみました。切れも良く大変満足していますし、高級感も有り満足です。","0","354660-20230312-0629403346",""
"商品レビュー","【 楽天1位受賞★レビュー特典付き 】＼クーポンで最大20％OFF！／爪切り 高級 ケース付き つめきり 巻き爪 飛び散らない プラス 微粒やすり 飛び散り防止 滑り止め爪切り 手足用 高品質爪切り RP1 PKT3-2F","https://review.rakuten.co.jp/item/1/354660_10001158/epqr-iap6y-a5me94_2_1452798925/","5","2023/03/14 16:06:41","ちょっとイイ物を","百均の物しか使った事がなかったですが、年齢と共に爪が固くなって切りにくくなり、少しイイ物をと思い購入してみました。刃先の噛み合わせが良いのか切り終わった爪先のザラつき感が無く、買って良かったと思います。","0","354660-20230305-0091501594",""
"商品レビュー","【 楽天1位受賞★レビュー特典付き 】＼クーポンで最大20％OFF！／爪切り 高級 ケース付き つめきり 巻き爪 飛び散らない プラス 微粒やすり 飛び散り防止 滑り止め爪切り 手足用 高品質爪切り RP1 PKT3-2F","https://review.rakuten.co.jp/item/1/354660_10001158/epqr-iap6y-bhhgcl_1_1442158037/","5","2023/03/14 8:34:03","いい","今使用している物が切れなくなってきたので、今回はいい爪切りが欲しくてレビューのいいこちらを購入させていただきました。
感動する切れ味で大満足です。","0","354660-20230305-0200400676",""
"商品レビュー","【 楽天1位受賞★レビュー特典付き 】＼クーポンで最大20％OFF！／爪切り 高級 ケース付き つめきり 巻き爪 飛び散らない プラス 微粒やすり 飛び散り防止 滑り止め爪切り 手足用 高品質爪切り RP1 PKT3-2F","https://review.rakuten.co.jp/item/1/354660_10001158/epqr-iap6w-azp2ld_1_1435932974/","5","2023/03/13 11:44:56","","スムーズに届き、しかも高級感満載大満足です
ありがとうございました","0","354660-20230303-0120249942",""
"商品レビュー","【 楽天1位受賞★レビュー特典付き 】＼クーポンで最大20％OFF！／爪切り 高級 ケース付き つめきり 巻き爪 飛び散らない プラス 微粒やすり 飛び散り防止 滑り止め爪切り 手足用 高品質爪切り RP1 PKT3-2F","https://review.rakuten.co.jp/item/1/354660_10001158/epqr-iapu9-j9p6i1_1_1463234094/","5","2023/03/13 0:15:07","","父と母が使ってみましたが、切りやすいとのことでした！","0","354660-20230310-0850902196",""
"商品レビュー","【 楽天1位受賞★レビュー特典付き 】＼クーポンで最大20％OFF！／爪切り 高級 ケース付き つめきり 巻き爪 飛び散らない プラス 微粒やすり 飛び散り防止 滑り止め爪切り 手足用 高品質爪切り RP1 PKT3-2F","https://review.rakuten.co.jp/item/1/354660_10001158/epqr-iapu9-fqbtlk_1_1462714620/","5","2023/03/12 15:44:19","","切りやすいし爪が飛び散らないし最高です！","0","354660-20230310-0583002303",""
"商品レビュー","【 楽天1位受賞★レビュー特典付き 】＼クーポンで最大20％OFF！／爪切り 高級 ケース付き つめきり 巻き爪 飛び散らない プラス 微粒やすり 飛び散り防止 滑り止め爪切り 手足用 高品質爪切り RP1 PKT3-2F","https://review.rakuten.co.jp/item/1/354660_10001158/epqr-iap6y-1cobyh_1_1446045410/","4","2023/03/12 8:09:22","","サイズ感といい、見た目といい
いい買い物ができました。
ありがとうございます。","0","354660-20230305-0251200991",""
"商品レビュー","【 楽天1位受賞★レビュー特典付き 】＼クーポンで最大20％OFF！／爪切り 高級 ケース付き つめきり 巻き爪 飛び散らない プラス 微粒やすり 飛び散り防止 滑り止め爪切り 手足用 高品質爪切り RP1 PKT3-2F","https://review.rakuten.co.jp/item/1/354660_10001158/epqr-iap64-lc824l_1_1455755798/","4","2023/03/11 14:02:55","","切れ味良くなかなかいいです。
買って良かった。","0","354660-20230306-0976901416",""
"商品レビュー","【 楽天1位受賞★レビュー特典付き 】＼クーポンで最大20％OFF！／爪切り 高級 ケース付き つめきり 巻き爪 飛び散らない プラス 微粒やすり 飛び散り防止 滑り止め爪切り 手足用 高品質爪切り RP1 PKT3-2F","https://review.rakuten.co.jp/item/1/354660_10001158/epqr-iap64-2zclmd_1_1455350031/","5","2023/03/11 7:00:50","","切れアジ&#128587;問題ありませんサイズちょうどよかったです。","0","354660-20230306-0845101482",""
"商品レビュー","【 楽天1位受賞★レビュー特典付き 】＼クーポンで最大20％OFF！／爪切り 高級 ケース付き つめきり 巻き爪 飛び散らない プラス 微粒やすり 飛び散り防止 滑り止め爪切り 手足用 高品質爪切り RP1 PKT3-2F","https://review.rakuten.co.jp/item/1/354660_10001158/epqr-iap6y-h3tmvd_1_1451152281/","4","2023/03/10 23:15:00","","100均のものとは切れ味、使いやすさが全然違います。","0","354660-20230305-0708401166",""
"商品レビュー","【 楽天1位受賞★レビュー特典付き 】＼クーポンで最大20％OFF！／爪切り 高級 ケース付き つめきり 巻き爪 飛び散らない プラス 微粒やすり 飛び散り防止 滑り止め爪切り 手足用 高品質爪切り RP1 PKT3-2F","https://review.rakuten.co.jp/item/1/354660_10001158/epqr-iap6x-7ogfii_1_1439555715/","5","2023/03/09 22:43:31","","立派な缶の箱に入ってすぐに届きました。切れ味よく、切った爪が飛び散らないのがいいです。","0","354660-20230304-0517800396",""
"商品レビュー","【 楽天1位受賞★レビュー特典付き 】＼クーポンで最大20％OFF！／爪切り 高級 ケース付き つめきり 巻き爪 飛び散らない プラス 微粒やすり 飛び散り防止 滑り止め爪切り 手足用 高品質爪切り RP1 PKT3-2F","https://review.rakuten.co.jp/item/1/354660_10001158/epqr-iapu0-afh1qy_2_1458504845/","4","2023/03/09 17:27:57","","シャンパンゴールドを選びました
爪の凹凸が気になっていたので爪磨きに
期待していました
期待以上でマニュキュアを塗っていると思われたら
困るくらいピカピカです
仕事上マニュキュア不可なのでマイナス1にしました","0","354660-20230308-0076101981",""
"商品レビュー","【 楽天1位受賞★レビュー特典付き 】＼クーポンで最大20％OFF！／爪切り 高級 ケース付き つめきり 巻き爪 飛び散らない プラス 微粒やすり 飛び散り防止 滑り止め爪切り 手足用 高品質爪切り RP1 PKT3-2F","https://review.rakuten.co.jp/item/1/354660_10001158/epqr-iapss-2nw8ja_1_1429926301/","5","2023/03/09 12:12:54","","ケースが高級感あってむしろ置場所考えちゃいますね。
切れ味が劣化するかはしばらく様子見ないとだけど、何回か使った感じだと商品紹介のとおり長持ちしそうな感触はあります。
爪の奥のほうまで切れるので、何も考えずに使おうとして深爪になりかけました。足の爪とかちょっと巻いていて安いやつだと爪の間に入っていかなかったのでこれは助かります。","0","354660-20230226-0819448345",""
"商品レビュー","【 楽天1位受賞★レビュー特典付き 】＼クーポンで最大20％OFF！／爪切り 高級 ケース付き つめきり 巻き爪 飛び散らない プラス 微粒やすり 飛び散り防止 滑り止め爪切り 手足用 高品質爪切り RP1 PKT3-2F","https://review.rakuten.co.jp/item/1/354660_10001158/epqr-iapu0-rl4md_2_1458428574/","5","2023/03/09 10:58:44","満足な商品","商品到着まで早かったです。
使い心地も良いです！買ってよかったです！","0","354660-20230308-0041101962",""
"商品レビュー","【 楽天1位受賞★レビュー特典付き 】＼クーポンで最大20％OFF！／爪切り 高級 ケース付き つめきり 巻き爪 飛び散らない プラス 微粒やすり 飛び散り防止 滑り止め爪切り 手足用 高品質爪切り RP1 PKT3-2F","https://review.rakuten.co.jp/item/1/354660_10001158/epqr-iapsq-eehgu6_1_1423645780/","5","2023/03/09 0:06:29","買って良かった！","届いた時からケースがポツっと凹んでる所があってちょっと残念な気持ちになりましたが、爪切りはめちゃくちゃ使いやすいです！","0","354660-20230223-0435547792",""
"商品レビュー","【 楽天1位受賞★レビュー特典付き 】＼クーポンで最大20％OFF！／爪切り 高級 ケース付き つめきり 巻き爪 飛び散らない プラス 微粒やすり 飛び散り防止 滑り止め爪切り 手足用 高品質爪切り RP1 PKT3-2F","https://review.rakuten.co.jp/item/1/354660_10001158/epqr-iap64-j0lpy8_1_1455374622/","5","2023/03/08 21:38:28","切りやすい","シャンパンゴールド購入しました！
切れ味はスパンと切れて滑らかに切れたので良かったです！
最初、爪のゴミが入るところのカバーをしないと使えないことを分からず…あれ？どうやって使うのか…と思いましたが、すぐ理解できました。
これから愛用していこうと思います！！","0","354660-20230306-0847301386",""
"商品レビュー","【 楽天1位受賞★レビュー特典付き 】＼クーポンで最大20％OFF！／爪切り 高級 ケース付き つめきり 巻き爪 飛び散らない プラス 微粒やすり 飛び散り防止 滑り止め爪切り 手足用 高品質爪切り RP1 PKT3-2F","https://review.rakuten.co.jp/item/1/354660_10001158/epqr-iap6y-fmyffo_1_1443656624/","4","2023/03/08 20:07:36","","ピンクゴールドを購入しましたが思ったよりシルバーよりでした。
使い心地はとてもよいです。","0","354660-20230305-0574300712",""
"商品レビュー","【 楽天1位受賞★レビュー特典付き 】＼クーポンで最大20％OFF！／爪切り 高級 ケース付き つめきり 巻き爪 飛び散らない プラス 微粒やすり 飛び散り防止 滑り止め爪切り 手足用 高品質爪切り RP1 PKT3-2F","https://review.rakuten.co.jp/item/1/354660_10001158/epqr-iap64-hisbv3_1_1454731630/","5","2023/03/08 18:35:40","良い爪切りです","到着して早速爪を切ってみました。力もいらず綺麗に切れて大変満足です。
付属のヤスリは、爪研ぎした後の仕上がりが少し粗いと感じました。ただ､本体の切れ味はコスト以上に良いと思います。","0","354660-20230306-0686501377",""
"商品レビュー","【 楽天1位受賞★レビュー特典付き 】＼クーポンで最大20％OFF！／爪切り 高級 ケース付き つめきり 巻き爪 飛び散らない プラス 微粒やすり 飛び散り防止 滑り止め爪切り 手足用 高品質爪切り RP1 PKT3-2F","https://review.rakuten.co.jp/item/1/354660_10001158/epqr-iap6y-bw2pg5_1_1445852122/","5","2023/03/08 13:08:48","","家族の為に購入しました。
デザインもカッコ良くて
切れ味サイコーのようです☆
さかむけも一緒にカットしたいそうですが
そこに関してはカットする時見えずらいそうで
刃の部分がもう少し長かったら良いのになと
言ってました！！","0","354660-20230305-0234100746",""
"商品レビュー","【 楽天1位受賞★レビュー特典付き 】＼クーポンで最大20％OFF！／爪切り 高級 ケース付き つめきり 巻き爪 飛び散らない プラス 微粒やすり 飛び散り防止 滑り止め爪切り 手足用 高品質爪切り RP1 PKT3-2F","https://review.rakuten.co.jp/item/1/354660_10001158/epqr-iap64-7rest5_1_1454128144/","5","2023/03/08 11:11:36","","切れ具合がとても良かったです。
家族にもおすすめしたいです。","0","354660-20230306-0524401470",""
"商品レビュー","【 楽天1位受賞★レビュー特典付き 】＼クーポンで最大20％OFF！／爪切り 高級 ケース付き つめきり 巻き爪 飛び散らない プラス 微粒やすり 飛び散り防止 滑り止め爪切り 手足用 高品質爪切り RP1 PKT3-2F","https://review.rakuten.co.jp/item/1/354660_10001158/epqr-iap6y-ak8hbv_2_1448907682/","5","2023/03/08 9:23:48","","とても切りやすく持ちやすくて切ったあとの爪の処理もとても簡単でよかったです","0","354660-20230305-0086701242",""
"商品レビュー","【 楽天1位受賞★レビュー特典付き 】＼クーポンで最大20％OFF！／爪切り 高級 ケース付き つめきり 巻き爪 飛び散らない プラス 微粒やすり 飛び散り防止 滑り止め爪切り 手足用 高品質爪切り RP1 PKT3-2F","https://review.rakuten.co.jp/item/1/354660_10001158/epqr-iap6y-l95y9a_1_1444952800/","5","2023/03/07 20:21:31","購入してよかった","使いやすかったです。
爪も飛び散らずに収まるのですごい購入してよかった。
ケースも付いているので収納しやすいです","0","354660-20230305-0971700697",""
"商品レビュー","【 楽天1位受賞★レビュー特典付き 】＼クーポンで最大20％OFF！／爪切り 高級 ケース付き つめきり 巻き爪 飛び散らない プラス 微粒やすり 飛び散り防止 滑り止め爪切り 手足用 高品質爪切り RP1 PKT3-2F","https://review.rakuten.co.jp/item/1/354660_10001158/epqr-iaps3-2c19m7_1_1427214255/","4","2023/03/07 19:56:52","","足の爪もよく切れたので満足です。長く使えればいいんですが。取説がないので最初使い方に迷うかもしれないです。爪をおさめるケースのふたを閉めるだけです。","0","354660-20230225-0794648204",""
"商品レビュー","【 楽天1位受賞★レビュー特典付き 】＼クーポンで最大20％OFF！／爪切り 高級 ケース付き つめきり 巻き爪 飛び散らない プラス 微粒やすり 飛び散り防止 滑り止め爪切り 手足用 高品質爪切り RP1 PKT3-2F","https://review.rakuten.co.jp/item/1/354660_10001158/epqr-iapso-233q24_1_1419389395/","4","2023/03/06 17:02:42","","切れ味抜群だけど慣れるまでちょっと大変でした。
発送も早くよかったです。","0","354660-20230220-0829247398",""
"商品レビュー","【 楽天1位受賞★レビュー特典付き 】＼クーポンで最大20％OFF！／爪切り 高級 ケース付き つめきり 巻き爪 飛び散らない プラス 微粒やすり 飛び散り防止 滑り止め爪切り 手足用 高品質爪切り RP1 PKT3-2F","https://review.rakuten.co.jp/item/1/354660_10001158/epqr-iap6u-aojuh1_2_1433814529/","4","2023/03/06 10:19:55","切りやすい","デザインはカッコいいですね。重量はちょっと重たく感じます。今までの爪切りより切りやすいと思います。","0","354660-20230301-0094749664",""
"商品レビュー","【 楽天1位受賞★レビュー特典付き 】＼クーポンで最大20％OFF！／爪切り 高級 ケース付き つめきり 巻き爪 飛び散らない プラス 微粒やすり 飛び散り防止 滑り止め爪切り 手足用 高品質爪切り RP1 PKT3-2F","https://review.rakuten.co.jp/item/1/354660_10001158/epqr-iap6v-ho9tuw_1_1434971053/","5","2023/03/05 7:43:35","","とっても切れ味も良く、切った後の爪の触り心地も良かったです！また見た目もカッコよくて持ち運びにも便利なケース付きで買って正解でした！","0","354660-20230302-0698849635",""
"商品レビュー","【 楽天1位受賞★レビュー特典付き 】＼クーポンで最大20％OFF！／爪切り 高級 ケース付き つめきり 巻き爪 飛び散らない プラス 微粒やすり 飛び散り防止 滑り止め爪切り 手足用 高品質爪切り RP1 PKT3-2F","https://review.rakuten.co.jp/item/1/354660_10001158/epqr-iaps3-icomr1_1_1427032476/","5","2023/03/02 18:41:35","","爪が割れやすいので購入してみました。
本当にキレイに切れます。このお値段で大満足でした。迷っている方おススメです^_^","0","354660-20230225-0734948212",""
"商品レビュー","【 楽天1位受賞★レビュー特典付き 】＼クーポンで最大20％OFF！／爪切り 高級 ケース付き つめきり 巻き爪 飛び散らない プラス 微粒やすり 飛び散り防止 滑り止め爪切り 手足用 高品質爪切り RP1 PKT3-2F","https://review.rakuten.co.jp/item/1/354660_10001158/epqr-iaps3-icomr1_1_1427032475/","5","2023/03/02 18:40:04","切れる！","爪を切るとヒビが入るので購入してみました。
よーく切れて、ヒビが入る事が無くなりました。","0","354660-20230225-0734948212",""
"商品レビュー","【 楽天1位受賞★レビュー特典付き 】＼クーポンで最大20％OFF！／爪切り 高級 ケース付き つめきり 巻き爪 飛び散らない プラス 微粒やすり 飛び散り防止 滑り止め爪切り 手足用 高品質爪切り RP1 PKT3-2F","https://review.rakuten.co.jp/item/1/354660_10001158/epqr-iapsm-19pyhw_1_1412636008/","5","2023/03/02 18:30:49","","爪を切った時の衝撃がなく切りやすかった。","0","354660-20230217-0246246907",""
"商品レビュー","【 楽天1位受賞★レビュー特典付き 】＼クーポンで最大20％OFF！／爪切り 高級 ケース付き つめきり 巻き爪 飛び散らない プラス 微粒やすり 飛び散り防止 滑り止め爪切り 手足用 高品質爪切り RP1 PKT3-2F","https://review.rakuten.co.jp/item/1/354660_10001158/epqr-iapsq-ghgy6q_1_1424237947/","5","2023/03/02 9:13:39","","黒を購入したしましたが、高級感があります。
手にしっくりとなじみ、切りやすいです。","0","354660-20230223-0623647895",""
"商品レビュー","【 楽天1位受賞★レビュー特典付き 】＼クーポンで最大20％OFF！／爪切り 高級 ケース付き つめきり 巻き爪 飛び散らない プラス 微粒やすり 飛び散り防止 滑り止め爪切り 手足用 高品質爪切り RP1 PKT3-2F","https://review.rakuten.co.jp/item/1/354660_10001158/epqr-iapsk-fb4ned_1_1409771782/","5","2023/03/02 7:11:30","切った爪が飛ばない！","爪を切った時に爪が飛ばない！
爪が飛ばない様にカバー出来る発想が素晴らしいです。","0","354660-20230215-0550845618",""
"商品レビュー","【 楽天1位受賞★レビュー特典付き 】＼クーポンで最大20％OFF！／爪切り 高級 ケース付き つめきり 巻き爪 飛び散らない プラス 微粒やすり 飛び散り防止 滑り止め爪切り 手足用 高品質爪切り RP1 PKT3-2F","https://review.rakuten.co.jp/item/1/354660_10001158/epqr-iapsq-hbaspx_1_1424416489/","5","2023/02/28 21:53:15","","爪切りなんて安くていいやと100均の物を使用していましたが、切った爪が飛び散らないこちらの商品を見つけ購入!今までの物とは比べ物にならないほど切れ味最高!!!デザインも最高!!!!買って間違いなしです(*^^*)発送もスムーズでした。","0","354660-20230223-0670247924",""
"商品レビュー","【 楽天1位受賞★レビュー特典付き 】＼クーポンで最大20％OFF！／爪切り 高級 ケース付き つめきり 巻き爪 飛び散らない プラス 微粒やすり 飛び散り防止 滑り止め爪切り 手足用 高品質爪切り RP1 PKT3-2F","https://review.rakuten.co.jp/item/1/354660_10001158/epqr-iapsn-lgwzdq_1_1415565409/","5","2023/02/27 22:28:05","","切った爪はほとんど散らかりません。
切れ味もいいです。","0","354660-20230219-0985746911",""
"商品レビュー","【 楽天1位受賞★レビュー特典付き 】＼クーポンで最大20％OFF！／爪切り 高級 ケース付き つめきり 巻き爪 飛び散らない プラス 微粒やすり 飛び散り防止 滑り止め爪切り 手足用 高品質爪切り RP1 PKT3-2F","https://review.rakuten.co.jp/item/1/354660_10001158/epqr-iaps1-kosx5x_1_1381080940/","5","2023/02/27 8:25:50","","説明文にある様に使い勝手の良い物でした・","0","354660-20230204-0941840168",""
"商品レビュー","【 楽天1位受賞★レビュー特典付き 】＼クーポンで最大20％OFF！／爪切り 高級 ケース付き つめきり 巻き爪 飛び散らない プラス 微粒やすり 飛び散り防止 滑り止め爪切り 手足用 高品質爪切り RP1 PKT3-2F","https://review.rakuten.co.jp/item/1/354660_10001158/epqr-iaps7-fpth5f_1_1393201151/","5","2023/02/25 14:21:29","","不良品が届きましたが、連絡したらすぐに返事をくれてその日に再度発送していただきました！
ちょっと重い気がしますが、使い勝手いいと思います。ケースも付いてるのでなくしにくいです。","0","354660-20230208-0580742145",""
"商品レビュー","【 楽天1位受賞★レビュー特典付き 】＼クーポンで最大20％OFF！／爪切り 高級 ケース付き つめきり 巻き爪 飛び散らない プラス 微粒やすり 飛び散り防止 滑り止め爪切り 手足用 高品質爪切り RP1 PKT3-2F","https://review.rakuten.co.jp/item/1/354660_10001158/epqr-iapsk-e8vrb1_1_1409607922/","5","2023/02/25 6:18:59","","Ｌサイズのシャンパンゴールドを購入しました。持ちやすく使いやすいです。今まで使っていた爪切りが切れにくく不満だったので、こんなにストレスなく切れるなら早く買い替えれば良かったと思いました。色も綺麗で満足しています。","0","354660-20230215-0461645680",""
"商品レビュー","【 楽天1位受賞★レビュー特典付き 】＼クーポンで最大20％OFF！／爪切り 高級 ケース付き つめきり 巻き爪 飛び散らない プラス 微粒やすり 飛び散り防止 滑り止め爪切り 手足用 高品質爪切り RP1 PKT3-2F","https://review.rakuten.co.jp/item/1/354660_10001158/epqr-iapsg-cqu8l7_1_1399968436/","4","2023/02/24 17:01:19","","最初、使い方に戸惑ってしまいました。でも、やはり切れ味は抜群で、爪が飛び散らなくて良いです。","0","354660-20230210-0342344168",""
"商品レビュー","【 楽天1位受賞★レビュー特典付き 】＼クーポンで最大20％OFF！／爪切り 高級 ケース付き つめきり 巻き爪 飛び散らない プラス 微粒やすり 飛び散り防止 滑り止め爪切り 手足用 高品質爪切り RP1 PKT3-2F","https://review.rakuten.co.jp/item/1/354660_10001158/epqr-iapsf-dzcoak_1_1394455575/","5","2023/02/24 11:27:20","","左手が不自由なので、家族に右手の爪を切ってもらってます。先日切ってもらったのですが、今までの爪切りに比べて、切りやすいと言ってもらえました。自分が左手の爪を切るのですが、今まで以上に切れました。","0","354660-20230209-0421842867",""
"商品レビュー","【 楽天1位受賞★レビュー特典付き 】＼クーポンで最大20％OFF！／爪切り 高級 ケース付き つめきり 巻き爪 飛び散らない プラス 微粒やすり 飛び散り防止 滑り止め爪切り 手足用 高品質爪切り RP1 PKT3-2F","https://review.rakuten.co.jp/item/1/354660_10001158/epqr-iapsk-7qb4u9_1_1409808743/","5","2023/02/21 22:14:46","使いやすい","持っている爪切りの切れ味が悪くなりこちらを買いました。スパッと気持ちいいくらい切れ味が抜群です。ヤスリまでついているのが良かった。","0","354660-20230215-0522545654",""
"商品レビュー","【 楽天1位受賞★レビュー特典付き 】＼クーポンで最大20％OFF！／爪切り 高級 ケース付き つめきり 巻き爪 飛び散らない プラス 微粒やすり 飛び散り防止 滑り止め爪切り 手足用 高品質爪切り RP1 PKT3-2F","https://review.rakuten.co.jp/item/1/354660_10001158/epqr-iapsm-jpek4w_1_1411354202/","4","2023/02/20 1:03:18","金属の箱に入ってます","箱付きです
最初は使い方がわかりませんでした
蓋になってる部分を折り返すと使えます
爪ヤスリ付きです","0","354660-20230217-0882145687",""
"商品レビュー","【 楽天1位受賞★レビュー特典付き 】＼クーポンで最大20％OFF！／爪切り 高級 ケース付き つめきり 巻き爪 飛び散らない プラス 微粒やすり 飛び散り防止 滑り止め爪切り 手足用 高品質爪切り RP1 PKT3-2F","https://review.rakuten.co.jp/item/1/354660_10001158/epqr-iapsk-cj3s0y_1_1409046707/","5","2023/02/18 21:09:29","旅行にも便利！","凄く切れ味が良いです。ケースもコンパクトで旅行に携帯するのもOKだと思います。","0","354660-20230215-0327045633",""
"商品レビュー","【 楽天1位受賞★レビュー特典付き 】＼クーポンで最大20％OFF！／爪切り 高級 ケース付き つめきり 巻き爪 飛び散らない プラス 微粒やすり 飛び散り防止 滑り止め爪切り 手足用 高品質爪切り RP1 PKT3-2F","https://review.rakuten.co.jp/item/1/354660_10001158/epqr-iaj36-i3nyix_1_1191282765/","5","2023/02/18 17:44:06","レビューを読んで購入しました","子供用に購入しました。息子は自分で爪を切り、娘は私が切っていますが、爪の飛び散りも無く、切り後もなめらかでヤスリを使わなくてもいいくらいです。購入後、数ヶ月経ちますが切れ味は変わりません。","0","354660-20221120-0768514208",""
"商品レビュー","【 楽天1位受賞★レビュー特典付き 】＼クーポンで最大20％OFF！／爪切り 高級 ケース付き つめきり 巻き爪 飛び散らない プラス 微粒やすり 飛び散り防止 滑り止め爪切り 手足用 高品質爪切り RP1 PKT3-2F","https://review.rakuten.co.jp/item/1/354660_10001158/epqr-iapse-ceygs0_1_1391265005/","5","2023/02/18 15:38:54","","入院中の母の希望で購入しました。大変、喜んでいました。ありがとうございます","0","354660-20230207-0315641736",""
"商品レビュー","【 楽天1位受賞★レビュー特典付き 】＼クーポンで最大20％OFF！／爪切り 高級 ケース付き つめきり 巻き爪 飛び散らない プラス 微粒やすり 飛び散り防止 滑り止め爪切り 手足用 高品質爪切り RP1 PKT3-2F","https://review.rakuten.co.jp/item/1/354660_10001158/epqr-iapsj-brc9b4_1_1406667868/","5","2023/02/18 2:33:03","","なんというか、とても爪が切りやすいです。","0","354660-20230214-0221945326",""
"商品レビュー","【 楽天1位受賞★レビュー特典付き 】＼クーポンで最大20％OFF！／爪切り 高級 ケース付き つめきり 巻き爪 飛び散らない プラス 微粒やすり 飛び散り防止 滑り止め爪切り 手足用 高品質爪切り RP1 PKT3-2F","https://review.rakuten.co.jp/item/1/354660_10001158/epqr-iapsc-1e1rrn_1_1384349745/","5","2023/02/16 19:08:00","買い替えて正解でした。","今まで使用していた爪切りの切れが悪くなったので購入しました。
切れ味は良好で切った爪が飛び散りません。","0","354660-20230205-0253840627",""
"商品レビュー","【 楽天1位受賞★レビュー特典付き 】＼クーポンで最大20％OFF！／爪切り 高級 ケース付き つめきり 巻き爪 飛び散らない プラス 微粒やすり 飛び散り防止 滑り止め爪切り 手足用 高品質爪切り RP1 PKT3-2F","https://review.rakuten.co.jp/item/1/354660_10001158/epqr-iapsc-eubpz6_1_1384852184/","5","2023/02/16 6:49:21","","シャンパンゴールドを購入しました。見た目も良く綺麗な色です。切れ味ももちろん良いです。ストレスなく切れます。大変満足です。","0","354660-20230205-0472140568",""
"商品レビュー","【 楽天1位受賞★レビュー特典付き 】＼クーポンで最大20％OFF！／爪切り 高級 ケース付き つめきり 巻き爪 飛び散らない プラス 微粒やすり 飛び散り防止 滑り止め爪切り 手足用 高品質爪切り RP1 PKT3-2F","https://review.rakuten.co.jp/item/1/354660_10001158/epqr-iapsg-9rmd0m_1_1399361741/","5","2023/02/14 19:24:16","","今回このタイプは初めて使用したのですが、今まで使用していたのより使いやすいです。
何より見た目が良い。","0","354660-20230210-0162044081",""
"商品レビュー","【 楽天1位受賞★レビュー特典付き 】＼クーポンで最大20％OFF！／爪切り 高級 ケース付き つめきり 巻き爪 飛び散らない プラス 微粒やすり 飛び散り防止 滑り止め爪切り 手足用 高品質爪切り RP1 PKT3-2F","https://review.rakuten.co.jp/item/1/354660_10001158/epqr-iapsg-dyh1mc_1_1396347170/","4","2023/02/14 6:51:05","滑り止めも良いね","６０年も使い慣らせば付属ヤスリも真っ平らなって、今回購入して良かった。","0","354660-20230210-0418743401",""
"商品レビュー","【 楽天1位受賞★レビュー特典付き 】＼クーポンで最大20％OFF！／爪切り 高級 ケース付き つめきり 巻き爪 飛び散らない プラス 微粒やすり 飛び散り防止 滑り止め爪切り 手足用 高品質爪切り RP1 PKT3-2F","https://review.rakuten.co.jp/item/1/354660_10001158/epqr-iapsc-emdy6u_1_1382486940/","4","2023/02/12 23:25:38","","注文してから届くまで早く、爪切りとヤスリを収納出来るBOX付きで、爪切りもよく切れて良い買い物出来たと思います。","0","354660-20230205-0452140445",""
"商品レビュー","【 楽天1位受賞★レビュー特典付き 】＼クーポンで最大20％OFF！／爪切り 高級 ケース付き つめきり 巻き爪 飛び散らない プラス 微粒やすり 飛び散り防止 滑り止め爪切り 手足用 高品質爪切り RP1 PKT3-2F","https://review.rakuten.co.jp/item/1/354660_10001158/epqr-iapsf-d10oxd_1_1394329804/","4","2023/02/12 22:07:58","","軽くて使いやすかったです。ケースがついているため保管もしやすいです。","0","354660-20230209-0369542598",""
"商品レビュー","【 楽天1位受賞★レビュー特典付き 】＼クーポンで最大20％OFF！／爪切り 高級 ケース付き つめきり 巻き爪 飛び散らない プラス 微粒やすり 飛び散り防止 滑り止め爪切り 手足用 高品質爪切り RP1 PKT3-2F","https://review.rakuten.co.jp/item/1/354660_10001158/epqr-iapse-eylb8x_1_1391739878/","5","2023/02/11 22:47:14","","とても良く切れました。爪屑入れも便利です。
ほかの方のレビューにもありましたが、切ったあとが滑らかに感じました。","0","354660-20230207-0479441768",""
"商品レビュー","【 楽天1位受賞★レビュー特典付き 】＼クーポンで最大20％OFF！／爪切り 高級 ケース付き つめきり 巻き爪 飛び散らない プラス 微粒やすり 飛び散り防止 滑り止め爪切り 手足用 高品質爪切り RP1 PKT3-2F","https://review.rakuten.co.jp/item/1/354660_10001158/epqr-iapsg-gzgyb_2_1395980948/","5","2023/02/11 12:42:34","","切れ味は申し分ないです。作り方が工夫してありデザインも満足です","0","354660-20230210-0018443271",""
"商品レビュー","【 楽天1位受賞★レビュー特典付き 】＼クーポンで最大20％OFF！／爪切り 高級 ケース付き つめきり 巻き爪 飛び散らない プラス 微粒やすり 飛び散り防止 滑り止め爪切り 手足用 高品質爪切り RP1 PKT3-2F","https://review.rakuten.co.jp/item/1/354660_10001158/epqr-iapr0-ioziiw_1_1368674796/","4","2023/02/10 12:34:18","","切れ味は良いと思います！
ただ重厚感がありすぎるなぁと思う面もあり、これから使い慣れて行きたいと思います。","0","354660-20230128-0760835407",""
"商品レビュー","【 楽天1位受賞★レビュー特典付き 】＼クーポンで最大20％OFF！／爪切り 高級 ケース付き つめきり 巻き爪 飛び散らない プラス 微粒やすり 飛び散り防止 滑り止め爪切り 手足用 高品質爪切り RP1 PKT3-2F","https://review.rakuten.co.jp/item/1/354660_10001158/epqr-iapse-i0ssmt_1_1390467251/","5","2023/02/10 5:17:12","","購入後すぐ届いたのですぐ使ってみました。
今まで質の良い爪切りを使ったことなかったのですが、こんなに切れ味が違うとは思いませんでした。
感動したので星５です。","0","354660-20230207-0726841503",""
"商品レビュー","【 楽天1位受賞★レビュー特典付き 】＼クーポンで最大20％OFF！／爪切り 高級 ケース付き つめきり 巻き爪 飛び散らない プラス 微粒やすり 飛び散り防止 滑り止め爪切り 手足用 高品質爪切り RP1 PKT3-2F","https://review.rakuten.co.jp/item/1/354660_10001158/epqr-iapsc-bwjkvs_1_1381873658/","4","2023/02/09 22:27:25","","シャンペンゴールドを買いましたが、みなさんが言うとおりほぼシルバーカラーです。見た目はカッコいいのでこの色でもまあいいかなあと思います。
今まで使っていた爪切りに比べると切れ味がよいので満足です。","0","354660-20230205-0234140354",""
"商品レビュー","【 楽天1位受賞★レビュー特典付き 】＼クーポンで最大20％OFF！／爪切り 高級 ケース付き つめきり 巻き爪 飛び散らない プラス 微粒やすり 飛び散り防止 滑り止め爪切り 手足用 高品質爪切り RP1 PKT3-2F","https://review.rakuten.co.jp/item/1/354660_10001158/epqr-iaps1-bdzr0e_1_1381691370/","5","2023/02/09 20:22:29","見た目もカッコいいです！","長らく使っていた爪切りが切れなくなったので、購入しました。見た目もカッコ良く、大事に使わせて頂きます。","0","354660-20230204-0193140295",""
"商品レビュー","【 楽天1位受賞★レビュー特典付き 】＼クーポンで最大20％OFF！／爪切り 高級 ケース付き つめきり 巻き爪 飛び散らない プラス 微粒やすり 飛び散り防止 滑り止め爪切り 手足用 高品質爪切り RP1 PKT3-2F","https://review.rakuten.co.jp/item/1/354660_10001158/epqr-iapsd-cqjo1v_1_1388908442/","5","2023/02/08 18:51:48","","シャンパンゴールドLサイズを購入しました。
長年使っていた所有の爪切りより、格段に切れ味がよくて使いやすいです。
また、色違い、サイズ違いも購入したいです。","0","354660-20230206-0341641326",""
"商品レビュー","【 楽天1位受賞★レビュー特典付き 】＼クーポンで最大20％OFF！／爪切り 高級 ケース付き つめきり 巻き爪 飛び散らない プラス 微粒やすり 飛び散り防止 滑り止め爪切り 手足用 高品質爪切り RP1 PKT3-2F","https://review.rakuten.co.jp/item/1/354660_10001158/epqr-iapsc-c9b71d_1_1384480458/","4","2023/02/07 19:22:01","","切れ味が良すぎるくらい、とても良いです。","0","354660-20230205-0305840598",""
"商品レビュー","【 楽天1位受賞★レビュー特典付き 】＼クーポンで最大20％OFF！／爪切り 高級 ケース付き つめきり 巻き爪 飛び散らない プラス 微粒やすり 飛び散り防止 滑り止め爪切り 手足用 高品質爪切り RP1 PKT3-2F","https://review.rakuten.co.jp/item/1/354660_10001158/epqr-iapqh-dfpsrc_1_1312473139/","5","2023/02/07 3:20:36","爪も散らからない！","使いやすく切りやすいです。ケースにも入っていていつも『あれ？爪切りどこにあったっけ？』と探すのですが、こちらは存在感抜群で収納もしやすく、ケース入りなのもお気に入りです。","0","354660-20230103-0378927941",""
"商品レビュー","【 楽天1位受賞★レビュー特典付き 】＼クーポンで最大20％OFF！／爪切り 高級 ケース付き つめきり 巻き爪 飛び散らない プラス 微粒やすり 飛び散り防止 滑り止め爪切り 手足用 高品質爪切り RP1 PKT3-2F","https://review.rakuten.co.jp/item/1/354660_10001158/epqr-iaps9-d4xx3d_1_1378091042/","5","2023/02/04 14:38:36","切れ味バツグン","とても切れ味が良く使い勝手が良いので大満足です","0","354660-20230202-0421439370",""
"商品レビュー","【 楽天1位受賞★レビュー特典付き 】＼クーポンで最大20％OFF！／爪切り 高級 ケース付き つめきり 巻き爪 飛び散らない プラス 微粒やすり 飛び散り防止 滑り止め爪切り 手足用 高品質爪切り RP1 PKT3-2F","https://review.rakuten.co.jp/item/1/354660_10001158/epqr-iapq2-qtubj_2_1317370150/","4","2023/02/03 12:17:59","","コンパクトで使いやすい。
やすもいい感じ。
少し取り出しづらい。
切れ味も良し","0","354660-20230105-0039928586",""
"商品レビュー","【 楽天1位受賞★レビュー特典付き 】＼クーポンで最大20％OFF！／爪切り 高級 ケース付き つめきり 巻き爪 飛び散らない プラス 微粒やすり 飛び散り防止 滑り止め爪切り 手足用 高品質爪切り RP1 PKT3-2F","https://review.rakuten.co.jp/item/1/354660_10001158/epqr-iapr9-at4t7q_1_1371737673/","5","2023/02/03 9:51:01","","ケース入りで高級感のある爪切りに見えますね。ブラックとグレーを購入しました。
初めて使う時はねじれないからどうやって切るのだろう？と少し考えました(笑)
やすりも助かります。","0","354660-20230130-0107437415",""
"商品レビュー","【 楽天1位受賞★レビュー特典付き 】＼クーポンで最大20％OFF！／爪切り 高級 ケース付き つめきり 巻き爪 飛び散らない プラス 微粒やすり 飛び散り防止 滑り止め爪切り 手足用 高品質爪切り RP1 PKT3-2F","https://review.rakuten.co.jp/item/1/354660_10001158/epqr-iapr9-df2ixz_1_1371319532/","4","2023/02/02 0:34:46","","黒を購入しました
かっこいいので満足です
爪やすりが写真とは違い、磨きにくいかな","0","354660-20230130-0378536867",""
"商品レビュー","【 楽天1位受賞★レビュー特典付き 】＼クーポンで最大20％OFF！／爪切り 高級 ケース付き つめきり 巻き爪 飛び散らない プラス 微粒やすり 飛び散り防止 滑り止め爪切り 手足用 高品質爪切り RP1 PKT3-2F","https://review.rakuten.co.jp/item/1/354660_10001158/epqr-iapr9-a3wsst_1_1371803362/","4","2023/02/01 15:22:14","","なかなか良いです。ありがとうございました。","0","354660-20230130-0103937571",""
"商品レビュー","【 楽天1位受賞★レビュー特典付き 】＼クーポンで最大20％OFF！／爪切り 高級 ケース付き つめきり 巻き爪 飛び散らない プラス 微粒やすり 飛び散り防止 滑り止め爪切り 手足用 高品質爪切り RP1 PKT3-2F","https://review.rakuten.co.jp/item/1/354660_10001158/epqr-iapqs-fed0go_1_1348454925/","5","2023/02/01 10:46:18","","切れあじも良いし爪が飛び散らないのが良いです。ケースはしっかりしているんだけど出し入れが面倒なので袋タイプがいいように思います。ヤスリも爪切りと一緒ならもっといいです。","0","354660-20230118-0556233212",""
"商品レビュー","【 楽天1位受賞★レビュー特典付き 】＼クーポンで最大20％OFF！／爪切り 高級 ケース付き つめきり 巻き爪 飛び散らない プラス 微粒やすり 飛び散り防止 滑り止め爪切り 手足用 高品質爪切り RP1 PKT3-2F","https://review.rakuten.co.jp/item/1/354660_10001158/epqr-iapra-gxfc11_1_1369786574/","5","2023/01/31 17:46:39","切れ味の良い爪切りがほしくて","初めて使うとき？？どうやって使うの、っと家族で大笑いww
切れ味は抜群だと思います ストレスなくサクサク切れ ゴミも散らからず
良いものを購入出来ました","0","354660-20230129-0658836004",""
"商品レビュー","【 楽天1位受賞★レビュー特典付き 】＼クーポンで最大20％OFF！／爪切り 高級 ケース付き つめきり 巻き爪 飛び散らない プラス 微粒やすり 飛び散り防止 滑り止め爪切り 手足用 高品質爪切り RP1 PKT3-2F","https://review.rakuten.co.jp/item/1/354660_10001158/epqr-iapqx-2brhvu_1_1357535605/","5","2023/01/31 10:17:53","","届くまでに時間がかかりましたが大雪の影響だと思います。切れ味は抜群でした！","0","354660-20230124-0792234245",""
"商品レビュー","【 楽天1位受賞★レビュー特典付き 】＼クーポンで最大20％OFF！／爪切り 高級 ケース付き つめきり 巻き爪 飛び散らない プラス 微粒やすり 飛び散り防止 滑り止め爪切り 手足用 高品質爪切り RP1 PKT3-2F","https://review.rakuten.co.jp/item/1/354660_10001158/epqr-iapqy-b7g3c3_1_1358803218/","5","2023/01/31 7:23:00","良く切れるの一言です。","安い爪切りで疲れてしまう事がありますが、これはイイですね。ストレスなしです。","0","354660-20230125-0195334621",""
"商品レビュー","【 楽天1位受賞★レビュー特典付き 】＼クーポンで最大20％OFF！／爪切り 高級 ケース付き つめきり 巻き爪 飛び散らない プラス 微粒やすり 飛び散り防止 滑り止め爪切り 手足用 高品質爪切り RP1 PKT3-2F","https://review.rakuten.co.jp/item/1/354660_10001158/epqr-iapq4-fipbi5_1_1365731137/","5","2023/01/30 9:06:58","","軽い力でよく切れて爪が飛び散らない！
買ってよかったです♪
子供も自分で切れるから嬉しそう","0","354660-20230126-0565335090",""
"商品レビュー","【 楽天1位受賞★レビュー特典付き 】＼クーポンで最大20％OFF！／爪切り 高級 ケース付き つめきり 巻き爪 飛び散らない プラス 微粒やすり 飛び散り防止 滑り止め爪切り 手足用 高品質爪切り RP1 PKT3-2F","https://review.rakuten.co.jp/item/1/354660_10001158/epqr-iapqq-e29w93_1_1342267408/","5","2023/01/28 18:14:49","切りやすい","大変切りやすく、爪が飛び散らない工夫が素晴らしいです！","0","354660-20230115-0445231825",""
"商品レビュー","【 楽天1位受賞★レビュー特典付き 】＼クーポンで最大20％OFF！／爪切り 高級 ケース付き つめきり 巻き爪 飛び散らない プラス 微粒やすり 飛び散り防止 滑り止め爪切り 手足用 高品質爪切り RP1 PKT3-2F","https://review.rakuten.co.jp/item/1/354660_10001158/epqr-iapqy-ef5hr4_1_1362235628/","4","2023/01/28 12:53:09","","思ったより小さかったかな。
最初使い方が分からず…このページ開きました。
爪は切り方がおかしいのか、全てこぼれ落ちていました。
シャンパンゴールドは可愛い。缶に入っているのも気に入りました。","0","354660-20230125-0439234738",""
"商品レビュー","【 楽天1位受賞★レビュー特典付き 】＼クーポンで最大20％OFF！／爪切り 高級 ケース付き つめきり 巻き爪 飛び散らない プラス 微粒やすり 飛び散り防止 滑り止め爪切り 手足用 高品質爪切り RP1 PKT3-2F","https://review.rakuten.co.jp/item/1/354660_10001158/epqr-iapq6-eli6ih_1_1351577340/","5","2023/01/28 3:11:14","プレゼントに♪","家族にプレゼントしたらとても喜んでくれました！シャンパンゴールドにしました^_^","0","354660-20230120-0450733691",""
"商品レビュー","【 楽天1位受賞★レビュー特典付き 】＼クーポンで最大20％OFF！／爪切り 高級 ケース付き つめきり 巻き爪 飛び散らない プラス 微粒やすり 飛び散り防止 滑り止め爪切り 手足用 高品質爪切り RP1 PKT3-2F","https://review.rakuten.co.jp/item/1/354660_10001158/epqr-iapqy-hu9b3o_1_1363410206/","4","2023/01/27 17:01:08","","携帯するには多少重量を感じるが、切りここちはよい。また、切った爪も収納され、掃除は楽。","0","354660-20230125-0713934920",""
"商品レビュー","【 楽天1位受賞★レビュー特典付き 】＼クーポンで最大20％OFF！／爪切り 高級 ケース付き つめきり 巻き爪 飛び散らない プラス 微粒やすり 飛び散り防止 滑り止め爪切り 手足用 高品質爪切り RP1 PKT3-2F","https://review.rakuten.co.jp/item/1/354660_10001158/epqr-iaj3w-jevrrm_1_1195652103/","4","2023/01/27 7:18:15","おすすめです","プレゼント用でグレーを購入。色は写真通りで形もスタイリッシュでかっこいい。切れ味も良い感じだし、飛び散らないので喜ばれました！","0","354660-20221123-0859715441",""
"商品レビュー","【 楽天1位受賞★レビュー特典付き 】＼クーポンで最大20％OFF！／爪切り 高級 ケース付き つめきり 巻き爪 飛び散らない プラス 微粒やすり 飛び散り防止 滑り止め爪切り 手足用 高品質爪切り RP1 PKT3-2F","https://review.rakuten.co.jp/item/1/354660_10001158/epqr-iapqu-cyyt6u_1_1353716245/","4","2023/01/26 22:40:40","","シャンパンゴールドLを購入。
表面に傷のような物が2箇所あったのは残念でしたが、爪が飛び散らず切れ味も良かったです。
高級感がありサイズも丁度良く、全体的に満足しています。
購入して良かったです。","0","354660-20230121-0359333885",""
"商品レビュー","【 楽天1位受賞★レビュー特典付き 】＼クーポンで最大20％OFF！／爪切り 高級 ケース付き つめきり 巻き爪 飛び散らない プラス 微粒やすり 飛び散り防止 滑り止め爪切り 手足用 高品質爪切り RP1 PKT3-2F","https://review.rakuten.co.jp/item/1/354660_10001158/epqr-iapq8-hrqkd3_1_1335664532/","5","2023/01/26 17:54:13","","思ったより小型でしたが、切れ味は抜群でした。仕事て使うので、満足しています。","0","354660-20230114-0706531489",""
"商品レビュー","【 楽天1位受賞★レビュー特典付き 】＼クーポンで最大20％OFF！／爪切り 高級 ケース付き つめきり 巻き爪 飛び散らない プラス 微粒やすり 飛び散り防止 滑り止め爪切り 手足用 高品質爪切り RP1 PKT3-2F","https://review.rakuten.co.jp/item/1/354660_10001158/epqr-iapqm-74m0fp_1_1321424909/","4","2023/01/26 12:28:04","","ケース付き爪切りで、とても良いです。爪切りは中の蓋をしめると、きりかすが収まりまとめて
捨てることができとても良い品物を購入できました。ただ少し切れ味が良くないかな？と思いますが、まだあまりつかっていないので分からない面もあります。","0","354660-20230109-0541629849",""
"商品レビュー","【 楽天1位受賞★レビュー特典付き 】＼クーポンで最大20％OFF！／爪切り 高級 ケース付き つめきり 巻き爪 飛び散らない プラス 微粒やすり 飛び散り防止 滑り止め爪切り 手足用 高品質爪切り RP1 PKT3-2F","https://review.rakuten.co.jp/item/1/354660_10001158/epqr-iapqw-kyps5h_1_1355413612/","4","2023/01/25 1:39:40","","発送早い、到着早い、ネコポスでした。
つめが切りやすいです！！
グレーを購入しました。塗装がはげて白くなってるのが気になります。","0","354660-20230123-0963434099",""
"商品レビュー","【 楽天1位受賞★レビュー特典付き 】＼クーポンで最大20％OFF！／爪切り 高級 ケース付き つめきり 巻き爪 飛び散らない プラス 微粒やすり 飛び散り防止 滑り止め爪切り 手足用 高品質爪切り RP1 PKT3-2F","https://review.rakuten.co.jp/item/1/354660_10001158/epqr-iapq5-kbtv19_1_1327864647/","5","2023/01/24 23:55:06","","切りやすすぎて、びっくりしてしまいた。
長持ちしそうです。","0","354660-20230110-0913330226",""
"商品レビュー","【 楽天1位受賞★レビュー特典付き 】＼クーポンで最大20％OFF！／爪切り 高級 ケース付き つめきり 巻き爪 飛び散らない プラス 微粒やすり 飛び散り防止 滑り止め爪切り 手足用 高品質爪切り RP1 PKT3-2F","https://review.rakuten.co.jp/item/1/354660_10001158/epqr-iapqv-enyjg7_1_1354064155/","4","2023/01/24 19:14:25","なかなか！","見た目もかっこよく、使いやすいです！
爪が飛び散らないのも良い点だと思います。","0","354660-20230122-0456734096",""
"商品レビュー","【 楽天1位受賞★レビュー特典付き 】＼クーポンで最大20％OFF！／爪切り 高級 ケース付き つめきり 巻き爪 飛び散らない プラス 微粒やすり 飛び散り防止 滑り止め爪切り 手足用 高品質爪切り RP1 PKT3-2F","https://review.rakuten.co.jp/item/1/354660_10001158/epqr-iapq6-myw2r_2_1350703408/","4","2023/01/24 19:10:25","","切りやすい。スムーズに刃が入る。
重いから軽いのがいい人は他のがいいかも。","0","354660-20230120-0030133788",""
"商品レビュー","【 楽天1位受賞★レビュー特典付き 】＼クーポンで最大20％OFF！／爪切り 高級 ケース付き つめきり 巻き爪 飛び散らない プラス 微粒やすり 飛び散り防止 滑り止め爪切り 手足用 高品質爪切り RP1 PKT3-2F","https://review.rakuten.co.jp/item/1/354660_10001158/epqr-iapqu-wufvk_2_1352938802/","4","2023/01/24 15:17:05","","箱に少し凹みがありましたが、爪切り本体には傷ひとつなく画像通り綺麗なシャンパンゴールドカラーで満足です。切れ味も良いので長く重宝できそうです。","0","354660-20230121-0053433879",""
"商品レビュー","【 楽天1位受賞★レビュー特典付き 】＼クーポンで最大20％OFF！／爪切り 高級 ケース付き つめきり 巻き爪 飛び散らない プラス 微粒やすり 飛び散り防止 滑り止め爪切り 手足用 高品質爪切り RP1 PKT3-2F","https://review.rakuten.co.jp/item/1/354660_10001158/epqr-iapqq-plg1y_2_1336864103/","5","2023/01/23 14:43:47","","この価格で立派な爪切りでした。
切れ味もよかったです。
子供用には少し大きいかもしれません。","0","354660-20230115-0036031569",""
"商品レビュー","【 楽天1位受賞★レビュー特典付き 】＼クーポンで最大20％OFF！／爪切り 高級 ケース付き つめきり 巻き爪 飛び散らない プラス 微粒やすり 飛び散り防止 滑り止め爪切り 手足用 高品質爪切り RP1 PKT3-2F","https://review.rakuten.co.jp/item/1/354660_10001158/epqr-iapqs-2uj7bb_1_1347267150/","4","2023/01/22 16:18:34","","初めてここまでの値段がする爪切りを購入しました。安い物とどれだけ違うんだろう…と思ってましてが、想像してたよりは普通でした。爪は飛び散りは少ないかもしれませんが、切ってる時にはポロポロ落ちてきます。ヤスリはとても良いと思いました。","0","354660-20230118-0835432815",""
"商品レビュー","【 楽天1位受賞★レビュー特典付き 】＼クーポンで最大20％OFF！／爪切り 高級 ケース付き つめきり 巻き爪 飛び散らない プラス 微粒やすり 飛び散り防止 滑り止め爪切り 手足用 高品質爪切り RP1 PKT3-2F","https://review.rakuten.co.jp/item/1/354660_10001158/epqr-iapqr-aoulb4_2_1344504760/","4","2023/01/21 18:53:12","","切り心地もよく、爪も痛みにくい感じです。","0","354660-20230116-0095432398",""
"商品レビュー","【 楽天1位受賞★レビュー特典付き 】＼クーポンで最大20％OFF！／爪切り 高級 ケース付き つめきり 巻き爪 飛び散らない プラス 微粒やすり 飛び散り防止 滑り止め爪切り 手足用 高品質爪切り RP1 PKT3-2F","https://review.rakuten.co.jp/item/1/354660_10001158/epqr-iapqs-gsmdg1_1_1348658015/","5","2023/01/20 23:22:33","レビュー通りの良い商品です","切れ味良く、使いやすいです。飛び散りもあまり無く、とても気に入りました。","0","354660-20230118-0649133068",""
"商品レビュー","【 楽天1位受賞★レビュー特典付き 】＼クーポンで最大20％OFF！／爪切り 高級 ケース付き つめきり 巻き爪 飛び散らない プラス 微粒やすり 飛び散り防止 滑り止め爪切り 手足用 高品質爪切り RP1 PKT3-2F","https://review.rakuten.co.jp/item/1/354660_10001158/epqr-iapqq-hu9iv_2_1340627326/","5","2023/01/20 19:32:39","","使い勝手良く、よく切れます。ただ、よく切れすぎて深爪気味になるので初めて使うとき注意が必要。","0","354660-20230115-0019831854",""
"商品レビュー","【 楽天1位受賞★レビュー特典付き 】＼クーポンで最大20％OFF！／爪切り 高級 ケース付き つめきり 巻き爪 飛び散らない プラス 微粒やすり 飛び散り防止 滑り止め爪切り 手足用 高品質爪切り RP1 PKT3-2F","https://review.rakuten.co.jp/item/1/354660_10001158/epqr-iapqq-91ws6w_1_1341089736/","5","2023/01/20 18:06:02","","見た目もスタイリッシュでかっこいい。
スッと切れて爪も飛び散らないので良いです。","0","354660-20230115-0129131887",""
"商品レビュー","【 楽天1位受賞★レビュー特典付き 】＼クーポンで最大20％OFF！／爪切り 高級 ケース付き つめきり 巻き爪 飛び散らない プラス 微粒やすり 飛び散り防止 滑り止め爪切り 手足用 高品質爪切り RP1 PKT3-2F","https://review.rakuten.co.jp/item/1/354660_10001158/epqr-iapq5-fy60vg_1_1327016451/","4","2023/01/19 14:07:57","","ごく普通の「パチン」と切る爪切りに比べて驚くほど静かに軽く爪が切れます。切れ味は一般的なものと変わりがないように思います。ただステンレスで耐久性が良さそうにのでこれらに期待がもてます。切った爪も爪切りを逆さにしない限りちゃんと収納できます。シャンパンゴールドを購入したのですが写真より色が薄かったです。１年ほど使用して切れ味が変わらなかったらレビューを更新して星を増やすつもりです。","0","354660-20230110-0600930370",""
"商品レビュー","【 楽天1位受賞★レビュー特典付き 】＼クーポンで最大20％OFF！／爪切り 高級 ケース付き つめきり 巻き爪 飛び散らない プラス 微粒やすり 飛び散り防止 滑り止め爪切り 手足用 高品質爪切り RP1 PKT3-2F","https://review.rakuten.co.jp/item/1/354660_10001158/epqr-iapqq-2yk49u_1_1340028853/","5","2023/01/19 11:18:33","","凄い切りやすいです
見た目もかっこいいので
気に入りました。","0","354660-20230115-0842231621",""
"商品レビュー","【 楽天1位受賞★レビュー特典付き 】＼クーポンで最大20％OFF！／爪切り 高級 ケース付き つめきり 巻き爪 飛び散らない プラス 微粒やすり 飛び散り防止 滑り止め爪切り 手足用 高品質爪切り RP1 PKT3-2F","https://review.rakuten.co.jp/item/1/354660_10001158/epqr-iapqq-dei2n2_1_1338263390/","4","2023/01/18 15:19:45","","注文したら、すぐ届きました。
早速使ってみました。
良く切れます。","0","354660-20230115-0375131785",""
"商品レビュー","【 楽天1位受賞★レビュー特典付き 】＼クーポンで最大20％OFF！／爪切り 高級 ケース付き つめきり 巻き爪 飛び散らない プラス 微粒やすり 飛び散り防止 滑り止め爪切り 手足用 高品質爪切り RP1 PKT3-2F","https://review.rakuten.co.jp/item/1/354660_10001158/epqr-iapqn-7apxgw_1_1329814939/","4","2023/01/14 17:28:32","","使い易い爪切りです。切った詰めが飛び散らない工夫も良くできていると感じました。ヤスリ同梱なのはお得感がありました。","0","354660-20230111-0486430663",""
"商品レビュー","【 楽天1位受賞★レビュー特典付き 】＼クーポンで最大20％OFF！／爪切り 高級 ケース付き つめきり 巻き爪 飛び散らない プラス 微粒やすり 飛び散り防止 滑り止め爪切り 手足用 高品質爪切り RP1 PKT3-2F","https://review.rakuten.co.jp/item/1/354660_10001158/epqr-iapqn-kid900_1_1330963756/","4","2023/01/14 16:58:52","","切った時にそんなに力を入れなくてもスムーズに切れてくれるのでとてもいい感じです。","0","354660-20230111-0927430560",""
"商品レビュー","【 楽天1位受賞★レビュー特典付き 】＼クーポンで最大20％OFF！／爪切り 高級 ケース付き つめきり 巻き爪 飛び散らない プラス 微粒やすり 飛び散り防止 滑り止め爪切り 手足用 高品質爪切り RP1 PKT3-2F","https://review.rakuten.co.jp/item/1/354660_10001158/epqr-iaj6v-hgv9lm_1_1305906200/","4","2023/01/14 12:01:11","アイデア商品","切った爪が収まるケースにはアイデアが詰まってます。使用中は溢れないよう蓋をする。その蓋を利用してテコの原理で切る。使わない時は蓋をする必要が無いので、蓋を開けてレバーが収まる。これを考えた人、頭いい。ただ蓋を開けるのに少し力が必要で、その反動で切った爪がこぼれてしまう。そこだけ残念。ヤスリが一体になったものも多いが、別になっているのは評価の分かれるところ。","0","354660-20221230-0683326961",""
"商品レビュー","【 楽天1位受賞★レビュー特典付き 】＼クーポンで最大20％OFF！／爪切り 高級 ケース付き つめきり 巻き爪 飛び散らない プラス 微粒やすり 飛び散り防止 滑り止め爪切り 手足用 高品質爪切り RP1 PKT3-2F","https://review.rakuten.co.jp/item/1/354660_10001158/epqr-iapq5-k61lpo_1_1324798562/","4","2023/01/13 19:53:54","","切れ味も良くこの価格にしては良いと思います、もう少し幅があれば良いと思います。","0","354660-20230110-0954230024",""
"商品レビュー","【 楽天1位受賞★レビュー特典付き 】＼クーポンで最大20％OFF！／爪切り 高級 ケース付き つめきり 巻き爪 飛び散らない プラス 微粒やすり 飛び散り防止 滑り止め爪切り 手足用 高品質爪切り RP1 PKT3-2F","https://review.rakuten.co.jp/item/1/354660_10001158/epqr-iapq5-f4kph0_1_1323656339/","5","2023/01/13 17:53:07","高級感ありで良い","高級感のある、使いやすくオシャレな爪切りです。
シャンパンゴールドは、パッと見シルバーに見えるが、さり気ないゴールド感で良い。
今まではただ爪を切るという感覚だったのが、これを使うと自分を丁寧に整えるという感覚に変わる気がします笑
力も要らず簡単に爪を切れます。
ヤスリは画像までピカピカになるほどではないですが、ケースにセットになっているのは持ち運びにも保管にもとても良いです。","0","354660-20230110-0602029980",""
"商品レビュー","【 楽天1位受賞★レビュー特典付き 】＼クーポンで最大20％OFF！／爪切り 高級 ケース付き つめきり 巻き爪 飛び散らない プラス 微粒やすり 飛び散り防止 滑り止め爪切り 手足用 高品質爪切り RP1 PKT3-2F","https://review.rakuten.co.jp/item/1/354660_10001158/epqr-iaj6t-j8bdlp_1_1301273795/","5","2023/01/13 15:59:14","","入れ物付きで高級感凄いです笑
使ってた爪切りがもう刃こぼれが凄く購入
切りやすいし切った爪も落ちなくて良きです！","0","354660-20221227-0883626357",""
"商品レビュー","【 楽天1位受賞★レビュー特典付き 】＼クーポンで最大20％OFF！／爪切り 高級 ケース付き つめきり 巻き爪 飛び散らない プラス 微粒やすり 飛び散り防止 滑り止め爪切り 手足用 高品質爪切り RP1 PKT3-2F","https://review.rakuten.co.jp/item/1/354660_10001158/epqr-iapq5-jl0qdg_1_1327895466/","5","2023/01/13 8:22:38","","しっかりとしたケースに入っていて高級感もあり切れ味抜群でした。","0","354660-20230110-0873430354",""
"商品レビュー","【 楽天1位受賞★レビュー特典付き 】＼クーポンで最大20％OFF！／爪切り 高級 ケース付き つめきり 巻き爪 飛び散らない プラス 微粒やすり 飛び散り防止 滑り止め爪切り 手足用 高品質爪切り RP1 PKT3-2F","https://review.rakuten.co.jp/item/1/354660_10001158/epqr-iapq5-al358k_2_1328604642/","5","2023/01/12 23:49:55","","注文後、翌日に届きました。
シャンパンゴールドの色も上品でお気に入りです。
重すぎず使いやすいです。","0","354660-20230110-0088530567",""
"商品レビュー","【 楽天1位受賞★レビュー特典付き 】＼クーポンで最大20％OFF！／爪切り 高級 ケース付き つめきり 巻き爪 飛び散らない プラス 微粒やすり 飛び散り防止 滑り止め爪切り 手足用 高品質爪切り RP1 PKT3-2F","https://review.rakuten.co.jp/item/1/354660_10001158/epqr-iapqg-a76jfl_2_1311719136/","4","2023/01/12 23:35:52","","高級感があり、切れ味もよく気に入ってます。","0","354660-20230102-0075227956",""
"商品レビュー","【 楽天1位受賞★レビュー特典付き 】＼クーポンで最大20％OFF！／爪切り 高級 ケース付き つめきり 巻き爪 飛び散らない プラス 微粒やすり 飛び散り防止 滑り止め爪切り 手足用 高品質爪切り RP1 PKT3-2F","https://review.rakuten.co.jp/item/1/354660_10001158/epqr-iapq5-crfv4_3_1328340031/","5","2023/01/12 18:57:33","","注文してスグ届きました。
ケース入りで、本体も高級感があり良かったです。切れ味も良く、切った爪を捨てるのも楽だと思いました。","0","354660-20230110-0009530602",""
"商品レビュー","【 楽天1位受賞★レビュー特典付き 】＼クーポンで最大20％OFF！／爪切り 高級 ケース付き つめきり 巻き爪 飛び散らない プラス 微粒やすり 飛び散り防止 滑り止め爪切り 手足用 高品質爪切り RP1 PKT3-2F","https://review.rakuten.co.jp/item/1/354660_10001158/epqr-iapq5-jan6x1_1_1324444625/","5","2023/01/11 23:55:09","","よく切れて、使いやすくてたいへん満足です。","0","354660-20230110-0849129988",""
"商品レビュー","【 楽天1位受賞★レビュー特典付き 】＼クーポンで最大20％OFF！／爪切り 高級 ケース付き つめきり 巻き爪 飛び散らない プラス 微粒やすり 飛び散り防止 滑り止め爪切り 手足用 高品質爪切り RP1 PKT3-2F","https://review.rakuten.co.jp/item/1/354660_10001158/epqr-iapql-dwa2pq_1_1320254924/","5","2023/01/11 22:26:21","爪切り","注文して、2、3日で届きました！
切れ味抜群！ヤッター","0","354660-20230108-0414929435",""
"商品レビュー","【 楽天1位受賞★レビュー特典付き 】＼クーポンで最大20％OFF！／爪切り 高級 ケース付き つめきり 巻き爪 飛び散らない プラス 微粒やすり 飛び散り防止 滑り止め爪切り 手足用 高品質爪切り RP1 PKT3-2F","https://review.rakuten.co.jp/item/1/354660_10001158/epqr-iapqk-abmqua_2_1318946220/","4","2023/01/11 17:26:32","切れ味いいです","Lを買いましたが、さほど大きくありません。普通の大きさです。切れ味はgoodです。切った爪が飛ばないので、これもgood。","0","354660-20230107-0066329029",""
"商品レビュー","【 楽天1位受賞★レビュー特典付き 】＼クーポンで最大20％OFF！／爪切り 高級 ケース付き つめきり 巻き爪 飛び散らない プラス 微粒やすり 飛び散り防止 滑り止め爪切り 手足用 高品質爪切り RP1 PKT3-2F","https://review.rakuten.co.jp/item/1/354660_10001158/epqr-iapqg-jd9qig_1_1311166141/","5","2023/01/07 19:22:08","機能的&スタイリッシュ","握り易く切れ味が良い、爪が飛び散らないのも嬉しい。且つとてもスタイリッシュ。嬉しい買い物ができました。","0","354660-20230102-0856727722",""
"商品レビュー","【 楽天1位受賞★レビュー特典付き 】＼クーポンで最大20％OFF！／爪切り 高級 ケース付き つめきり 巻き爪 飛び散らない プラス 微粒やすり 飛び散り防止 滑り止め爪切り 手足用 高品質爪切り RP1 PKT3-2F","https://review.rakuten.co.jp/item/1/354660_10001158/epqr-iapqf-2yc1zl_1_1308542090/","5","2023/01/07 16:56:11","","ブラックが高級に見えてとても良かったです。
缶もしっかりしています。
プレゼントとして購入しましたが、自分用にも欲しくなりました。","0","354660-20230101-0841727356",""
"商品レビュー","【 楽天1位受賞★レビュー特典付き 】＼クーポンで最大20％OFF！／爪切り 高級 ケース付き つめきり 巻き爪 飛び散らない プラス 微粒やすり 飛び散り防止 滑り止め爪切り 手足用 高品質爪切り RP1 PKT3-2F","https://review.rakuten.co.jp/item/1/354660_10001158/epqr-iaj66-e82b41_1_1302379876/","5","2023/01/07 12:57:15","色が選べてカッコいい","年末旧型の爪切りが壊れてしまいました。ドラッグストアで見たのはひっくり返すタイプで値段も１０００円以上するので購入しませんでした。
ネットで検索してみると今はカッコいいのがありますね。切った爪が飛び散らない構造になっているしひっくり返す必要もなし。色も5種類から選べます。色違いでLとSを買いました。
Sサイズは子供用と書いてありましたが女性用でもいいと思います。ブロンズとシャンパンゴールドを選んで正解でした。使い心地も軸が安定していて滑りにくくとても気に入っています。","0","354660-20221228-0460826428",""
"商品レビュー","【 楽天1位受賞★レビュー特典付き 】＼クーポンで最大20％OFF！／爪切り 高級 ケース付き つめきり 巻き爪 飛び散らない プラス 微粒やすり 飛び散り防止 滑り止め爪切り 手足用 高品質爪切り RP1 PKT3-2F","https://review.rakuten.co.jp/item/1/354660_10001158/epqr-iapqg-icedxc_1_1310869680/","4","2023/01/06 12:51:19","新調","爪切りが壊れたので家の中の爪切り全部新調するため2本購入！
シルバー(M)とシャンパンゴールド（S)にしました。
一瞬あれ？同じのだっけ？となりました（笑
今までの爪切りは押すところをひっくり返して
かなり押し込み切りで切り口はガサガサになっていたのでそれに比べたら
切れ味抜群！軽い押し込みでサクサク切れるのであわや深爪に（笑
飛び散り防止ツメウケ？要る？なんて思っていましたが
捨てる時ガバッと開くのが良いですね、捨てやすいです。
大きい方はズッシリで、小さい方が軽いし子供達も使いやすいかも？
ヤスリは少し尖ってしまったところを削るのに良いですね！
細かいので仕上がり滑らかになります。","0","354660-20230102-0734327717",""
"商品レビュー","【 楽天1位受賞★レビュー特典付き 】＼クーポンで最大20％OFF！／爪切り 高級 ケース付き つめきり 巻き爪 飛び散らない プラス 微粒やすり 飛び散り防止 滑り止め爪切り 手足用 高品質爪切り RP1 PKT3-2F","https://review.rakuten.co.jp/item/1/354660_10001158/epqr-iaj6h-lcynkt_1_1260861305/","5","2023/01/03 16:44:38","","力を入れずに簡単に切れて良いです。やすりも使いやすいです。","0","354660-20221211-0977421735",""
"商品レビュー","【 楽天1位受賞★レビュー特典付き 】＼クーポンで最大20％OFF！／爪切り 高級 ケース付き つめきり 巻き爪 飛び散らない プラス 微粒やすり 飛び散り防止 滑り止め爪切り 手足用 高品質爪切り RP1 PKT3-2F","https://review.rakuten.co.jp/item/1/354660_10001158/epqr-iaj6g-i5pgza_1_1252875396/","5","2023/01/02 17:33:59","","切れ味も良く、爪の処理も簡単で
考えられてるなぁって感動しました。
爪ヤスリもセットになっていて、凄くいいです。それが、一式にまとまっていて
両方をさっと用意できるので
私的にはあちこち探さなくていいので、
嬉しいです！！","0","354660-20221210-0756821197",""
"商品レビュー","【 楽天1位受賞★レビュー特典付き 】＼クーポンで最大20％OFF！／爪切り 高級 ケース付き つめきり 巻き爪 飛び散らない プラス 微粒やすり 飛び散り防止 滑り止め爪切り 手足用 高品質爪切り RP1 PKT3-2F","https://review.rakuten.co.jp/item/1/354660_10001158/epqr-iaj6g-cp7zgk_1_1258505959/","5","2023/01/02 14:47:12","","これはめちゃくちゃ良いですね。
爪切りってこんなに力を入れず切れるもんなんだとびっくり。付属のやすりも粉が出なくて仕上がりも綺麗でびっくり。","0","354660-20221210-0338021799",""
"商品レビュー","【 楽天1位受賞★レビュー特典付き 】＼クーポンで最大20％OFF！／爪切り 高級 ケース付き つめきり 巻き爪 飛び散らない プラス 微粒やすり 飛び散り防止 滑り止め爪切り 手足用 高品質爪切り RP1 PKT3-2F","https://review.rakuten.co.jp/item/1/354660_10001158/epqr-iaj6o-l1a0lo_1_1284653050/","4","2022/12/28 21:35:17","","切りにくい爪も切れて満足です。
また、爪切りの色の種類もいろいろあったのが
よかったです。","0","354660-20221220-0974224532",""
"商品レビュー","【 楽天1位受賞★レビュー特典付き 】＼クーポンで最大20％OFF！／爪切り 高級 ケース付き つめきり 巻き爪 飛び散らない プラス 微粒やすり 飛び散り防止 滑り止め爪切り 手足用 高品質爪切り RP1 PKT3-2F","https://review.rakuten.co.jp/item/1/354660_10001158/epqr-iaj6s-151x7b_1_1299463353/","5","2022/12/28 18:46:04","","高級感ありよく爪も切れます。対応も早く、とても良いお買い物ができました！","0","354660-20221226-0272326179",""
"商品レビュー","【 楽天1位受賞★レビュー特典付き 】＼クーポンで最大20％OFF！／爪切り 高級 ケース付き つめきり 巻き爪 飛び散らない プラス 微粒やすり 飛び散り防止 滑り止め爪切り 手足用 高品質爪切り RP1 PKT3-2F","https://review.rakuten.co.jp/item/1/354660_10001158/epqr-iaj65-1h329j_1_1275558609/","5","2022/12/27 8:44:13","","お得で良かったです。
また購入したいと思います。","0","354660-20221218-0261523814",""
"商品レビュー","【 楽天1位受賞★レビュー特典付き 】＼クーポンで最大20％OFF！／爪切り 高級 ケース付き つめきり 巻き爪 飛び散らない プラス 微粒やすり 飛び散り防止 滑り止め爪切り 手足用 高品質爪切り RP1 PKT3-2F","https://review.rakuten.co.jp/item/1/354660_10001158/epqr-iaj6o-9foxrb_1_1281541415/","5","2022/12/26 18:31:06","","とても切りやすいです。
ありがとうございました。","0","354660-20221220-0137024355",""
"商品レビュー","【 楽天1位受賞★レビュー特典付き 】＼クーポンで最大20％OFF！／爪切り 高級 ケース付き つめきり 巻き爪 飛び散らない プラス 微粒やすり 飛び散り防止 滑り止め爪切り 手足用 高品質爪切り RP1 PKT3-2F","https://review.rakuten.co.jp/item/1/354660_10001158/epqr-iaj35-dxc3ka_1_1167420323/","5","2022/12/25 23:19:45","オススメ","プレゼントとして贈りました
デザイン、切れ味、片付けの手前、ヤスリの使いやすさ、全てにおいてとても気に入ってくれて大満足です","0","354660-20221110-0416810989",""
"商品レビュー","【 楽天1位受賞★レビュー特典付き 】＼クーポンで最大20％OFF！／爪切り 高級 ケース付き つめきり 巻き爪 飛び散らない プラス 微粒やすり 飛び散り防止 滑り止め爪切り 手足用 高品質爪切り RP1 PKT3-2F","https://review.rakuten.co.jp/item/1/354660_10001158/epqr-iaj6o-hz45fy_1_1283694113/","4","2022/12/25 9:30:32","","大変満足しています
とても切りやすく爪の割れも無く家族も喜んでいます","0","354660-20221220-0725524485",""
"商品レビュー","【 楽天1位受賞★レビュー特典付き 】＼クーポンで最大20％OFF！／爪切り 高級 ケース付き つめきり 巻き爪 飛び散らない プラス 微粒やすり 飛び散り防止 滑り止め爪切り 手足用 高品質爪切り RP1 PKT3-2F","https://review.rakuten.co.jp/item/1/354660_10001158/epqr-iaj6p-gy0t8y_1_1287230829/","4","2022/12/24 16:25:50","","爪切りは完璧で満足しています。よく切れるし、切ったクズが落ちてこないのがいいです。
ただシャンパンゴールドは、シルバーと色がほとんど変わらないです。あと3つ購入しましたが、2つケースがへこんでいました。","0","354660-20221221-0660124905",""
"商品レビュー","【 楽天1位受賞★レビュー特典付き 】＼クーポンで最大20％OFF！／爪切り 高級 ケース付き つめきり 巻き爪 飛び散らない プラス 微粒やすり 飛び散り防止 滑り止め爪切り 手足用 高品質爪切り RP1 PKT3-2F","https://review.rakuten.co.jp/item/1/354660_10001158/epqr-iaj6o-b2ju1n_1_1281915834/","5","2022/12/23 21:07:43","","この爪切りで切った爪は切り口がなめらかで布製品等にひっかかったりしません。
飛び散りも少なく、見た目も気に入っています。","0","354660-20221220-0203924467",""
"商品レビュー","【 楽天1位受賞★レビュー特典付き 】＼クーポンで最大20％OFF！／爪切り 高級 ケース付き つめきり 巻き爪 飛び散らない プラス 微粒やすり 飛び散り防止 滑り止め爪切り 手足用 高品質爪切り RP1 PKT3-2F","https://review.rakuten.co.jp/item/1/354660_10001158/epqr-iaj6a-bwfrm8_1_1220185848/","4","2022/12/21 22:59:13","テコを回さないタイプ切れ味抜群で丈夫そう","テコの部分を回さないで使うタイプ。
切った爪が散らからないように貯める部分の蓋を閉めて、その上にテコを作用させて爪を切る!! このタイプの爪切りには初めて出会いました。回すタイプだとテコのところが壊れやすいので、この爪切りには長持ちすることを期待しています。切れ味抜群です。ただ私にとっては足の爪は少し切りにくいです。
あとシャンパンゴールドって、こんな色でしたか？","0","354660-20221201-0233918266",""
"商品レビュー","【 楽天1位受賞★レビュー特典付き 】＼クーポンで最大20％OFF！／爪切り 高級 ケース付き つめきり 巻き爪 飛び散らない プラス 微粒やすり 飛び散り防止 滑り止め爪切り 手足用 高品質爪切り RP1 PKT3-2F","https://review.rakuten.co.jp/item/1/354660_10001158/epqr-iaj8p-sigvb_2_1088749708/","5","2022/12/20 22:42:16","","切れ味抜群。見た目もシンプル、爪も散らからない仕様でいい感じです。よくどこに置いたかわからなくなったりしますが、入れ物もちょうど良くて保管もしやすいです。","0","354660-20221005-0044243931",""
"商品レビュー","【 楽天1位受賞★レビュー特典付き 】＼クーポンで最大20％OFF！／爪切り 高級 ケース付き つめきり 巻き爪 飛び散らない プラス 微粒やすり 飛び散り防止 滑り止め爪切り 手足用 高品質爪切り RP1 PKT3-2F","https://review.rakuten.co.jp/item/1/354660_10001158/epqr-iaj6l-b6itvq_1_1272661438/","5","2022/12/20 14:52:45","","切れ味最高です。やすりが別についているのが不満。","0","354660-20221216-0229023743",""
"商品レビュー","【 楽天1位受賞★レビュー特典付き 】＼クーポンで最大20％OFF！／爪切り 高級 ケース付き つめきり 巻き爪 飛び散らない プラス 微粒やすり 飛び散り防止 滑り止め爪切り 手足用 高品質爪切り RP1 PKT3-2F","https://review.rakuten.co.jp/item/1/354660_10001158/epqr-iaj6c-79s2kr_1_1229045312/","5","2022/12/19 0:02:48","","これまで100均で買ったものを使っていましたが、切った後はギザギザになっていました。こちらは切った後のヤスリは必要ですが、服などに引っかかるようなことはなさそうです。","0","354660-20221205-0488319108",""
"商品レビュー","【 楽天1位受賞★レビュー特典付き 】＼クーポンで最大20％OFF！／爪切り 高級 ケース付き つめきり 巻き爪 飛び散らない プラス 微粒やすり 飛び散り防止 滑り止め爪切り 手足用 高品質爪切り RP1 PKT3-2F","https://review.rakuten.co.jp/item/1/354660_10001158/epqr-iaj6g-g0jcbr_1_1255820167/","5","2022/12/18 8:35:45","切りやすい！","古い爪切りが壊れたので買い替えしました。
今の爪切りはこんなにも切りやすいのかと…、もっとはやく買い替えすればよかった！
爪も飛び散らないし、デザインもシンプルでとても使いやすくて良いです！","0","354660-20221210-0605321556",""
"商品レビュー","【 楽天1位受賞★レビュー特典付き 】＼クーポンで最大20％OFF！／爪切り 高級 ケース付き つめきり 巻き爪 飛び散らない プラス 微粒やすり 飛び散り防止 滑り止め爪切り 手足用 高品質爪切り RP1 PKT3-2F","https://review.rakuten.co.jp/item/1/354660_10001158/epqr-iaj6f-fup6ge_1_1248629948/","4","2022/12/15 23:48:06","収納箱がしっかりしてる","スタイリッシュな見た目から購入しました。全然見てなかったですが、しっかりしたケースが付いてました。ヤスリも別で付いていました。","0","354660-20221209-0593920879",""
"商品レビュー","【 楽天1位受賞★レビュー特典付き 】＼クーポンで最大20％OFF！／爪切り 高級 ケース付き つめきり 巻き爪 飛び散らない プラス 微粒やすり 飛び散り防止 滑り止め爪切り 手足用 高品質爪切り RP1 PKT3-2F","https://review.rakuten.co.jp/item/1/354660_10001158/epqr-iaj6c-14hs5u_1_1228342800/","4","2022/12/15 21:03:55","","見た目はとても綺麗で、ゴミも捨てやすいです！
歯は分厚目で爪は飛びにくくはなっています！","0","354660-20221205-0299519237",""
"商品レビュー","【 楽天1位受賞★レビュー特典付き 】＼クーポンで最大20％OFF！／爪切り 高級 ケース付き つめきり 巻き爪 飛び散らない プラス 微粒やすり 飛び散り防止 滑り止め爪切り 手足用 高品質爪切り RP1 PKT3-2F","https://review.rakuten.co.jp/item/1/354660_10001158/epqr-iaj36-9ivooj_1_1188946847/","4","2022/12/15 7:07:40","","よくもなく悪くもなくでまだ良さが実感できていませんが、特段悪いところもないです","0","354660-20221120-0142514078",""
"商品レビュー","【 楽天1位受賞★レビュー特典付き 】＼クーポンで最大20％OFF！／爪切り 高級 ケース付き つめきり 巻き爪 飛び散らない プラス 微粒やすり 飛び散り防止 滑り止め爪切り 手足用 高品質爪切り RP1 PKT3-2F","https://review.rakuten.co.jp/item/1/354660_10001158/epqr-iaj6g-c45y4s_1_1255022185/","5","2022/12/13 19:42:05","","注文から3日で届きました。
本当に軽い力で切れました。切った爪も零れることなく集められて、とても良い商品だと思います。","0","354660-20221210-0360321650",""
"商品レビュー","【 楽天1位受賞★レビュー特典付き 】＼クーポンで最大20％OFF！／爪切り 高級 ケース付き つめきり 巻き爪 飛び散らない プラス 微粒やすり 飛び散り防止 滑り止め爪切り 手足用 高品質爪切り RP1 PKT3-2F","https://review.rakuten.co.jp/item/1/354660_10001158/epqr-iaj6c-fpbfnr_1_1237044187/","4","2022/12/11 13:20:18","","蓋に突起傷がありました（他レビューと同じ個所）、梱包は問題ないと感じています。自分は蓋を外し会社の引出に保管するので問題ありません、これがケース入りなので非常に重宝します。まだ、一度しか使っていないので耐久性は分かりませんが購入して良かったです。","0","354660-20221205-0579619860",""
"商品レビュー","【 楽天1位受賞★レビュー特典付き 】＼クーポンで最大20％OFF！／爪切り 高級 ケース付き つめきり 巻き爪 飛び散らない プラス 微粒やすり 飛び散り防止 滑り止め爪切り 手足用 高品質爪切り RP1 PKT3-2F","https://review.rakuten.co.jp/item/1/354660_10001158/epqr-iaj6c-gm7qu0_1_1229756625/","1","2022/12/11 11:46:29","","シャンパンゴールド購入。切れ味良く、色も綺麗ですが、切っている時に切った爪が出てきてしまい、とても使いにくいです。","0","354660-20221205-0633619332",""
"商品レビュー","【 楽天1位受賞★レビュー特典付き 】＼クーポンで最大20％OFF！／爪切り 高級 ケース付き つめきり 巻き爪 飛び散らない プラス 微粒やすり 飛び散り防止 滑り止め爪切り 手足用 高品質爪切り RP1 PKT3-2F","https://review.rakuten.co.jp/item/1/354660_10001158/epqr-iaj6c-tbq20_2_1235068723/","5","2022/12/10 20:49:56","","普段は薬局のお手柄な爪切りを使っていましたが、新調しようと思い購入しました。切れ味がよく見た目の高級感もあるため、購入してよかったです。","0","354660-20221205-0045519876",""
"商品レビュー","【 楽天1位受賞★レビュー特典付き 】＼クーポンで最大20％OFF！／爪切り 高級 ケース付き つめきり 巻き爪 飛び散らない プラス 微粒やすり 飛び散り防止 滑り止め爪切り 手足用 高品質爪切り RP1 PKT3-2F","https://review.rakuten.co.jp/item/1/354660_10001158/epqr-iaj69-emxdpn_1_1220445932/","4","2022/12/08 22:42:22","","長年使っていた爪切りの切れ味が悪くなりこちらに買い替えました。とてもよく切れ溜まった爪もごっそり捨てられ色も選べて良かったです。
少し重く感じたので星4つです。","0","354660-20221202-0453318247",""
"商品レビュー","【 楽天1位受賞★レビュー特典付き 】＼クーポンで最大20％OFF！／爪切り 高級 ケース付き つめきり 巻き爪 飛び散らない プラス 微粒やすり 飛び散り防止 滑り止め爪切り 手足用 高品質爪切り RP1 PKT3-2F","https://review.rakuten.co.jp/item/1/354660_10001158/epqr-iaj6c-2nfogj_1_1230417195/","4","2022/12/08 19:00:32","","硬い爪も切れ味問題なく満足です。ちょうど良いケースにヤスリと一緒に入ってるので、旅行などとても助かります。いつも、化粧ポーチの中で探しちゃうので。","0","354660-20221205-0818419190",""
"商品レビュー","【 楽天1位受賞★レビュー特典付き 】＼クーポンで最大20％OFF！／爪切り 高級 ケース付き つめきり 巻き爪 飛び散らない プラス 微粒やすり 飛び散り防止 滑り止め爪切り 手足用 高品質爪切り RP1 PKT3-2F","https://review.rakuten.co.jp/item/1/354660_10001158/epqr-iaj6a-i4k2es_1_1218673298/","5","2022/12/08 8:07:23","初めて買ってみたちょっと高級な爪切り","高級感あって良い。金属の保管箱はすっきりでカッコいい。早速使用してみたけどよく切れる。爪の処理も楽でグッド&#128077;","0","354660-20221201-0783418022",""
"商品レビュー","【 楽天1位受賞★レビュー特典付き 】＼クーポンで最大20％OFF！／爪切り 高級 ケース付き つめきり 巻き爪 飛び散らない プラス 微粒やすり 飛び散り防止 滑り止め爪切り 手足用 高品質爪切り RP1 PKT3-2F","https://review.rakuten.co.jp/item/1/354660_10001158/epqr-iajo0-cyls22_1_1047063827/","5","2022/12/08 4:11:53","切り味がよくとても気に入ってます。","普段量販してる爪切りを使用してましたが、こちらに変更したら切りあじ抜群！パチパチ良く切れて使いやすいです。切った後の爪がすぐ溜まり溢れるのは面倒ですが、凄くいいです","0","354660-20220912-0358538881",""
"商品レビュー","【 楽天1位受賞★レビュー特典付き 】＼クーポンで最大20％OFF！／爪切り 高級 ケース付き つめきり 巻き爪 飛び散らない プラス 微粒やすり 飛び散り防止 滑り止め爪切り 手足用 高品質爪切り RP1 PKT3-2F","https://review.rakuten.co.jp/item/1/354660_10001158/epqr-iaj6c-hagzib_1_1237383242/","5","2022/12/07 21:32:59","","重厚感もあり、高級感もあり満足しております。切った爪が飛び散らず、後処理も簡単で良い感じです。","0","354660-20221205-0667319907",""
"商品レビュー","【 楽天1位受賞★レビュー特典付き 】＼クーポンで最大20％OFF！／爪切り 高級 ケース付き つめきり 巻き爪 飛び散らない プラス 微粒やすり 飛び散り防止 滑り止め爪切り 手足用 高品質爪切り RP1 PKT3-2F","https://review.rakuten.co.jp/item/1/354660_10001158/epqr-iaj3y-dv0q42_1_1205701881/","3","2022/12/07 20:21:58","爪切り","思ったほどの切れ味ではなかった。幅ももう少し欲しい。カーブはもう少し緩くても良い。切った爪のキャッチは良かったです。","0","354660-20221125-0413216581",""
"商品レビュー","【 楽天1位受賞★レビュー特典付き 】＼クーポンで最大20％OFF！／爪切り 高級 ケース付き つめきり 巻き爪 飛び散らない プラス 微粒やすり 飛び散り防止 滑り止め爪切り 手足用 高品質爪切り RP1 PKT3-2F","https://review.rakuten.co.jp/item/1/354660_10001158/epqr-iaj6c-lfbbau_1_1231011263/","4","2022/12/07 19:08:27","","プチプチのついた封筒に包まれて届きましたが、ケースに小さな膨らみがあり少し残念でした。
爪切り自体は切れ味がよく、コンパクトなので子供の小さな爪も切りやすいです。
説明書がないので、少し使い方に戸惑いましたが全体的には満足です！","0","354660-20221205-0982719281",""
"商品レビュー","【 楽天1位受賞★レビュー特典付き 】＼クーポンで最大20％OFF！／爪切り 高級 ケース付き つめきり 巻き爪 飛び散らない プラス 微粒やすり 飛び散り防止 滑り止め爪切り 手足用 高品質爪切り RP1 PKT3-2F","https://review.rakuten.co.jp/item/1/354660_10001158/epqr-iaj6c-2ww4rk_1_1234318129/","4","2022/12/07 14:00:46","シンプルが良き","ケースも付いているので爪切りやヤスリを無くす心配が無くなりそうです。使ってみた感じは良くも悪くも想像通り。値段を考えると満足です。後は耐久性が気になりますが、使い続けてみようと思います。","0","354660-20221205-0839619663",""
"商品レビュー","【 楽天1位受賞★レビュー特典付き 】＼クーポンで最大20％OFF！／爪切り 高級 ケース付き つめきり 巻き爪 飛び散らない プラス 微粒やすり 飛び散り防止 滑り止め爪切り 手足用 高品質爪切り RP1 PKT3-2F","https://review.rakuten.co.jp/item/1/354660_10001158/epqr-iaj6c-ff4lbl_1_1229407965/","5","2022/12/07 4:56:12","","ブラック買いました。スタイリッシュなフォルムと切れ味の良い刃先で気に入りました","0","354660-20221205-0560919292",""
"商品レビュー","【 楽天1位受賞★レビュー特典付き 】＼クーポンで最大20％OFF！／爪切り 高級 ケース付き つめきり 巻き爪 飛び散らない プラス 微粒やすり 飛び散り防止 滑り止め爪切り 手足用 高品質爪切り RP1 PKT3-2F","https://review.rakuten.co.jp/item/1/354660_10001158/epqr-iaj3x-2al86r_1_1200048938/","5","2022/12/05 22:51:14","買って良かった","外出時に持ち歩く化粧ポーチ用に買いました。
切れ味抜群です！","0","354660-20221124-0788515944",""
"商品レビュー","【 楽天1位受賞★レビュー特典付き 】＼クーポンで最大20％OFF！／爪切り 高級 ケース付き つめきり 巻き爪 飛び散らない プラス 微粒やすり 飛び散り防止 滑り止め爪切り 手足用 高品質爪切り RP1 PKT3-2F","https://review.rakuten.co.jp/item/1/354660_10001158/epqr-iaj8u-et2q5v_1_1112974520/","5","2022/12/04 22:37:25","セールで購入しました","前の爪切りが壊れてしまい、購入しました。
使ってみた感想は、力もあまり入れずに切れますし、爪がクズ入れに流れるので飛び散らず使いやすいです。
ケースも高級感があり、いいお買い物になったと思いました。","0","354660-20221013-0469249878",""
"商品レビュー","【 楽天1位受賞★レビュー特典付き 】＼クーポンで最大20％OFF！／爪切り 高級 ケース付き つめきり 巻き爪 飛び散らない プラス 微粒やすり 飛び散り防止 滑り止め爪切り 手足用 高品質爪切り RP1 PKT3-2F","https://review.rakuten.co.jp/item/1/354660_10001158/epqr-iaj6a-gy4xw8_1_1218296337/","5","2022/12/04 13:37:25","深爪に注意！笑","子供が爪切りを紛失してしまったので、新調しました。色が選べたのが良かったです。
切れ味は…抜群です。
今までもっと安いものを何年も使っていたせいもありますが…笑
ヤスリが別、というのがちょっとめんどくさいけどまあ許容範囲です。","0","354660-20221201-0661718002",""
"商品レビュー","【 楽天1位受賞★レビュー特典付き 】＼クーポンで最大20％OFF！／爪切り 高級 ケース付き つめきり 巻き爪 飛び散らない プラス 微粒やすり 飛び散り防止 滑り止め爪切り 手足用 高品質爪切り RP1 PKT3-2F","https://review.rakuten.co.jp/item/1/354660_10001158/epqr-iaj32-g5np4l_1_1156847812/","5","2022/12/04 5:06:32","","切れ味よいです。黒を購入しましたが、高級感があって気に入りました。
ケースに入っているので、なくさずに済みそうです。","0","354660-20221105-0635809768",""
"商品レビュー","【 楽天1位受賞★レビュー特典付き 】＼クーポンで最大20％OFF！／爪切り 高級 ケース付き つめきり 巻き爪 飛び散らない プラス 微粒やすり 飛び散り防止 滑り止め爪切り 手足用 高品質爪切り RP1 PKT3-2F","https://review.rakuten.co.jp/item/1/354660_10001158/epqr-iajsa-ipcjab_1_1215380209/","3","2022/12/02 22:22:01","","シャンパンゴールドを注文したのにシルバーが届いた！と思ったら、なんかそういう色味みたいですね。レビュー見てわかりました。
使い心地は普通に良かったです。発送も早かったです◎","0","354660-20221129-0761117511",""
"商品レビュー","【 楽天1位受賞★レビュー特典付き 】＼クーポンで最大20％OFF！／爪切り 高級 ケース付き つめきり 巻き爪 飛び散らない プラス 微粒やすり 飛び散り防止 滑り止め爪切り 手足用 高品質爪切り RP1 PKT3-2F","https://review.rakuten.co.jp/item/1/354660_10001158/epqr-iaj3y-ilzh4x_1_1206855569/","5","2022/12/02 22:19:05","","携帯できることと、指も足も切れる爪切りが欲しかったのでこちらを購入しました。ケース入りで携帯には問題ないのですが、少しかさばる気がします。袋タイプでもよかったのかな？と思います。100均で手ごろなのを買って入れ直そうと考えています。","0","354660-20221125-0754116440",""
"商品レビュー","【 楽天1位受賞★レビュー特典付き 】＼クーポンで最大20％OFF！／爪切り 高級 ケース付き つめきり 巻き爪 飛び散らない プラス 微粒やすり 飛び散り防止 滑り止め爪切り 手足用 高品質爪切り RP1 PKT3-2F","https://review.rakuten.co.jp/item/1/354660_10001158/epqr-iaj3y-fs57ks_1_1202858830/","5","2022/12/02 20:17:06","","切れ味がいいからなのか今まで切ると2枚爪のようになってしまっていたのが大丈夫でした。切った爪が飛び散らないのもいいです。","0","354660-20221125-0588716342",""
"商品レビュー","【 楽天1位受賞★レビュー特典付き 】＼クーポンで最大20％OFF！／爪切り 高級 ケース付き つめきり 巻き爪 飛び散らない プラス 微粒やすり 飛び散り防止 滑り止め爪切り 手足用 高品質爪切り RP1 PKT3-2F","https://review.rakuten.co.jp/item/1/354660_10001158/epqr-iaj34-jtsp26_1_1210783286/","5","2022/12/02 1:26:32","最高の爪切り","切れ味最高です！爪切りが楽しくなりました。","0","354660-20221126-0893116864",""
"商品レビュー","【 楽天1位受賞★レビュー特典付き 】＼クーポンで最大20％OFF！／爪切り 高級 ケース付き つめきり 巻き爪 飛び散らない プラス 微粒やすり 飛び散り防止 滑り止め爪切り 手足用 高品質爪切り RP1 PKT3-2F","https://review.rakuten.co.jp/item/1/354660_10001158/epqr-iaj3z-a20idi_2_1211270994/","4","2022/12/01 16:13:31","","力を入れなくても簡単に切れて、ヤスリを使えば綺麗に整えることができました。","0","354660-20221127-0082316964",""
"商品レビュー","【 楽天1位受賞★レビュー特典付き 】＼クーポンで最大20％OFF！／爪切り 高級 ケース付き つめきり 巻き爪 飛び散らない プラス 微粒やすり 飛び散り防止 滑り止め爪切り 手足用 高品質爪切り RP1 PKT3-2F","https://review.rakuten.co.jp/item/1/354660_10001158/epqr-iaj3x-d7wtob_1_1198891039/","4","2022/12/01 11:10:52","長く使えそう","今回私と夫と子ども用に3つ購入。クーポンも使えました。ブラックLは夫用で切れ味に感動してました。爪やすりも気に入ったようです。ブラックは光沢があってカッコいいです。
ブロンズLは自分用ですが新しい10円玉の色で窪みの部分は黒めのブラウンでお洒落です。刃の真ん中に一部切れにくい部分があり、引っ張ったら剥がれながらプチっと切れる感じでなんだかスッキリしないです。
シャンパンゴールドSは子どもたち兼用です。切れ味が鋭いので柔らかい指の皮まで何度か切ってしまったので注意して切らないとです。カッコいい缶入りの爪切りに喜んでいます。
自分の爪切りだけ少し残念でしたがその他は素晴らしいです。","0","354660-20221124-0377716035",""
"商品レビュー","【 楽天1位受賞★レビュー特典付き 】＼クーポンで最大20％OFF！／爪切り 高級 ケース付き つめきり 巻き爪 飛び散らない プラス 微粒やすり 飛び散り防止 滑り止め爪切り 手足用 高品質爪切り RP1 PKT3-2F","https://review.rakuten.co.jp/item/1/354660_10001158/epqr-iaj3w-2pq70f_1_1197836124/","4","2022/12/01 11:08:16","期待させる見た目に反して普通","飛び散らない、切った後の爪の処理が楽なのは実感出来ました！これは確かに便利。
ケースや爪やすりが付いてこのお値段なので、値段相応と言えばそうなんですが、切り心地はそこまで良くないです。もちろん普通に使用は出来ますが…
後は可動部が多いので耐久性が心配ですが、見た目、付属品、ギミックの良さで星4です！","0","354660-20221123-0822415689",""
"商品レビュー","【 楽天1位受賞★レビュー特典付き 】＼クーポンで最大20％OFF！／爪切り 高級 ケース付き つめきり 巻き爪 飛び散らない プラス 微粒やすり 飛び散り防止 滑り止め爪切り 手足用 高品質爪切り RP1 PKT3-2F","https://review.rakuten.co.jp/item/1/354660_10001158/epqr-iaj3y-hsnrmr_1_1203163133/","3","2022/12/01 0:59:26","","デザインがいいので購入してみました。
残年ながら切れ味抜群とはいえないと思います。
もっと「ザクッ」と切れて欲しかったな&#12316;
耐久性に期待します。","0","354660-20221125-0709716156",""
"商品レビュー","【 楽天1位受賞★レビュー特典付き 】＼クーポンで最大20％OFF！／爪切り 高級 ケース付き つめきり 巻き爪 飛び散らない プラス 微粒やすり 飛び散り防止 滑り止め爪切り 手足用 高品質爪切り RP1 PKT3-2F","https://review.rakuten.co.jp/item/1/354660_10001158/epqr-iaj3z-713913_1_1212460279/","4","2022/11/29 21:34:55","良く考えられた構造の爪切り","Lサイズのブロンズ色を購入、切り刃の幅もあり爪が切りやすいです。てこの原理で無理なく切ってくれます。
やすりは青色シートが付いているので剥がしてください。ほどよく削れます。私は本体にやすりがついている方がいいかな。
何れにせよ、良く考えられた良い商品だと思います。","0","354660-20221127-0491617033",""
"商品レビュー","【 楽天1位受賞★レビュー特典付き 】＼クーポンで最大20％OFF！／爪切り 高級 ケース付き つめきり 巻き爪 飛び散らない プラス 微粒やすり 飛び散り防止 滑り止め爪切り 手足用 高品質爪切り RP1 PKT3-2F","https://review.rakuten.co.jp/item/1/354660_10001158/epqr-iaj3z-hirgvc_1_1213049488/","4","2022/11/29 19:22:16","","主人が100均の爪切りで足の爪を切ろうとしたら、爪切りが壊れたのでキチンとした爪切りを買おうと思いシャンパンゴールドを注文しました。
色：思ったよりシルバーでしたので、☆-1。
切れ味：軽くて切れ味はいいです。まだ、コツがつかめていないだけかもしれないが時々、爪が白くなる時がある。
音：パッチンパチンと音はなく、静か。
爪屑：蓋を開けて捨てるが、そのまま切り口を下にして振っても捨てれました。
やすり：なめらかにきれいになります。
注文して、2日かで届き満足です。","0","354660-20221127-0686417117",""
"商品レビュー","【 楽天1位受賞★レビュー特典付き 】＼クーポンで最大20％OFF！／爪切り 高級 ケース付き つめきり 巻き爪 飛び散らない プラス 微粒やすり 飛び散り防止 滑り止め爪切り 手足用 高品質爪切り RP1 PKT3-2F","https://review.rakuten.co.jp/item/1/354660_10001158/epqr-iaj3y-e0ckn8_1_1205828661/","5","2022/11/29 18:02:31","かなり使い勝手がいいです","注文番号：354660-20221125-0423516658
爪切りのデザインがオシャレで気に入りました。
切りやすいし、ヤスリも別でついてるのでかなり使いやすいです","0","354660-20221125-0423516658",""
"商品レビュー","【 楽天1位受賞★レビュー特典付き 】＼クーポンで最大20％OFF！／爪切り 高級 ケース付き つめきり 巻き爪 飛び散らない プラス 微粒やすり 飛び散り防止 滑り止め爪切り 手足用 高品質爪切り RP1 PKT3-2F","https://review.rakuten.co.jp/item/1/354660_10001158/epqr-iaj3w-fyt356_1_1197263367/","5","2022/11/28 12:37:22","","切れ味が良く、握りやすさもいい感じです！","0","354660-20221123-0600915700",""
"商品レビュー","【 楽天1位受賞★レビュー特典付き 】＼クーポンで最大20％OFF！／爪切り 高級 ケース付き つめきり 巻き爪 飛び散らない プラス 微粒やすり 飛び散り防止 滑り止め爪切り 手足用 高品質爪切り RP1 PKT3-2F","https://review.rakuten.co.jp/item/1/354660_10001158/epqr-iaj3v-eluno9_1_1194707927/","5","2022/11/25 21:41:30","","軽い力で爪が良く切れます。
爪切りとヤスリが別々になってるけどケース付きなので紛失の心配ないと思います。
シャンパンゴールド綺麗な色だと思います。","0","354660-20221122-0451515458",""
"商品レビュー","【 楽天1位受賞★レビュー特典付き 】＼クーポンで最大20％OFF！／爪切り 高級 ケース付き つめきり 巻き爪 飛び散らない プラス 微粒やすり 飛び散り防止 滑り止め爪切り 手足用 高品質爪切り RP1 PKT3-2F","https://review.rakuten.co.jp/item/1/354660_10001158/epqr-iaj32-96bd7r_1_1154556486/","4","2022/11/25 19:25:13","","爪も飛ばなくて切りやすいです。
少し重いかなとも思いますが満足です。
ありがとうございます","0","354660-20221105-0168109656",""
"商品レビュー","【 楽天1位受賞★レビュー特典付き 】＼クーポンで最大20％OFF！／爪切り 高級 ケース付き つめきり 巻き爪 飛び散らない プラス 微粒やすり 飛び散り防止 滑り止め爪切り 手足用 高品質爪切り RP1 PKT3-2F","https://review.rakuten.co.jp/item/1/354660_10001158/epqr-iaj3q-2orvx6_1_1182218525/","4","2022/11/23 12:10:41","届かない。","使いやすいサイズでいいですね！
なかなか届かなかったので星4にさせてください。","0","354660-20221115-0820812412",""
"商品レビュー","【 楽天1位受賞★レビュー特典付き 】＼クーポンで最大20％OFF！／爪切り 高級 ケース付き つめきり 巻き爪 飛び散らない プラス 微粒やすり 飛び散り防止 滑り止め爪切り 手足用 高品質爪切り RP1 PKT3-2F","https://review.rakuten.co.jp/item/1/354660_10001158/epqr-iaj3t-gvu7d0_1_1187803076/","4","2022/11/22 20:37:29","凸が気になる","ケースに凸部分がありましたが、中身はよく切れる爪切りとやすりが綺麗に入っていました。","0","354660-20221119-0656413848",""
"商品レビュー","【 楽天1位受賞★レビュー特典付き 】＼クーポンで最大20％OFF！／爪切り 高級 ケース付き つめきり 巻き爪 飛び散らない プラス 微粒やすり 飛び散り防止 滑り止め爪切り 手足用 高品質爪切り RP1 PKT3-2F","https://review.rakuten.co.jp/item/1/354660_10001158/epqr-iaj3s-dyi8ty_1_1186819833/","5","2022/11/22 16:02:52","使いやすい爪切り","よく切れて使いやすい爪切りです。
ヤスリも、ケースに入っています。
シャンパンゴールドを選びました。
オススメです。","0","354660-20221118-0418813773",""
"商品レビュー","【 楽天1位受賞★レビュー特典付き 】＼クーポンで最大20％OFF！／爪切り 高級 ケース付き つめきり 巻き爪 飛び散らない プラス 微粒やすり 飛び散り防止 滑り止め爪切り 手足用 高品質爪切り RP1 PKT3-2F","https://review.rakuten.co.jp/item/1/354660_10001158/epqr-iaj3p-ifka1q_1_1179172665/","5","2022/11/20 19:57:57","","デザインも良いし、切れ味が今まで使用していたものと違く軽く切れます。また爪が飛び散らず最高です！","0","354660-20221113-0741411959",""
"商品レビュー","【 楽天1位受賞★レビュー特典付き 】＼クーポンで最大20％OFF！／爪切り 高級 ケース付き つめきり 巻き爪 飛び散らない プラス 微粒やすり 飛び散り防止 滑り止め爪切り 手足用 高品質爪切り RP1 PKT3-2F","https://review.rakuten.co.jp/item/1/354660_10001158/epqr-iaj3q-2lgf9f_1_1182741668/","4","2022/11/19 20:12:04","","今まで使用していた爪切りと同じ大きさのS,色はシャンパンゴールドを注文しました。高級感あふれる作りで持っているだけで満足です。肝心の切れ味もよく今後ずっと使っていきたい商品でした。","0","354660-20221115-0813412449",""
"商品レビュー","【 楽天1位受賞★レビュー特典付き 】＼クーポンで最大20％OFF！／爪切り 高級 ケース付き つめきり 巻き爪 飛び散らない プラス 微粒やすり 飛び散り防止 滑り止め爪切り 手足用 高品質爪切り RP1 PKT3-2F","https://review.rakuten.co.jp/item/1/354660_10001158/epqr-iaj3k-ac2v8t_2_1162987436/","5","2022/11/18 18:52:13","","よく切れて使いやすいです。爪がきれいに切れてとてもいい商品です。","0","354660-20221107-0069510483",""
"商品レビュー","【 楽天1位受賞★レビュー特典付き 】＼クーポンで最大20％OFF！／爪切り 高級 ケース付き つめきり 巻き爪 飛び散らない プラス 微粒やすり 飛び散り防止 滑り止め爪切り 手足用 高品質爪切り RP1 PKT3-2F","https://review.rakuten.co.jp/item/1/354660_10001158/epqr-iaj3i-7d3tl3_1_1149103788/","4","2022/11/17 13:31:10","","高級感のある見た目で良かったです。やすりは今まで余り使用して来なかったのですが、これを機に使ってみようと思います。","0","354660-20221104-0495009097",""
"商品レビュー","【 楽天1位受賞★レビュー特典付き 】＼クーポンで最大20％OFF！／爪切り 高級 ケース付き つめきり 巻き爪 飛び散らない プラス 微粒やすり 飛び散り防止 滑り止め爪切り 手足用 高品質爪切り RP1 PKT3-2F","https://review.rakuten.co.jp/item/1/354660_10001158/epqr-iaj32-7bkwvk_1_1152254587/","5","2022/11/17 12:53:47","ありがたい！","今まで100均で購入したのを使っていましたが、手の筋肉が衰えたのか切りづらくなり購入。スッゴク切りやすいです。力が安定して切れてる感じ。これで足の爪も楽に割れずに切れます！","0","354660-20221105-0489509367",""
"商品レビュー","【 楽天1位受賞★レビュー特典付き 】＼クーポンで最大20％OFF！／爪切り 高級 ケース付き つめきり 巻き爪 飛び散らない プラス 微粒やすり 飛び散り防止 滑り止め爪切り 手足用 高品質爪切り RP1 PKT3-2F","https://review.rakuten.co.jp/item/1/354660_10001158/epqr-iaj35-fefuql_1_1170429941/","5","2022/11/16 12:12:25","","ブラック購入。見た目も高級感あり、使用感もかなり使いやすく大満足です。
少し爪が落ちることが、ちょっと気になりますが…。","0","354660-20221110-0556411228",""
"商品レビュー","【 楽天1位受賞★レビュー特典付き 】＼クーポンで最大20％OFF！／爪切り 高級 ケース付き つめきり 巻き爪 飛び散らない プラス 微粒やすり 飛び散り防止 滑り止め爪切り 手足用 高品質爪切り RP1 PKT3-2F","https://review.rakuten.co.jp/item/1/354660_10001158/epqr-iaj32-hinvmy_1_1152821364/","5","2022/11/16 8:00:13","満足","切れ味抜群です。切断面も比較的ざらつき感ないし満足。
付属のヤスリも目が細かいのでいいですね。ニットでも引っかかりにくいと思います。","0","354660-20221105-0686209317",""
"商品レビュー","【 楽天1位受賞★レビュー特典付き 】＼クーポンで最大20％OFF！／爪切り 高級 ケース付き つめきり 巻き爪 飛び散らない プラス 微粒やすり 飛び散り防止 滑り止め爪切り 手足用 高品質爪切り RP1 PKT3-2F","https://review.rakuten.co.jp/item/1/354660_10001158/epqr-iaj32-b7th92_1_1152568175/","5","2022/11/15 20:11:25","","ケースに入ってて高級感もあり、実際に使用してみると切れ味もとても良く気に入りました！","0","354660-20221105-0196109509",""
"商品レビュー","【 楽天1位受賞★レビュー特典付き 】＼クーポンで最大20％OFF！／爪切り 高級 ケース付き つめきり 巻き爪 飛び散らない プラス 微粒やすり 飛び散り防止 滑り止め爪切り 手足用 高品質爪切り RP1 PKT3-2F","https://review.rakuten.co.jp/item/1/354660_10001158/epqr-iajq7-donqf2_1_1137029683/","4","2022/11/15 18:06:53","","上の板を回転させるのではなくて蓋を閉めることでテコの支点になり爪の回収箱にもなるというマルチファンクションなアイデアには感心しました。ただそのことに気が付かなくて5分くらい使い方がわかりませんでした。爪切りとしての切れ味は及第点です。","0","354660-20221028-0397305985",""
"商品レビュー","【 楽天1位受賞★レビュー特典付き 】＼クーポンで最大20％OFF！／爪切り 高級 ケース付き つめきり 巻き爪 飛び散らない プラス 微粒やすり 飛び散り防止 滑り止め爪切り 手足用 高品質爪切り RP1 PKT3-2F","https://review.rakuten.co.jp/item/1/354660_10001158/epqr-iaj3k-anvr39_2_1163198456/","5","2022/11/15 9:01:33","","100均の爪切りはすぐに壊れてしまうので、評価の良かったこちらの爪切りを購入。
硬い爪もしっかり切れるので、満足しています。
配送も早かったです。","0","354660-20221107-0093810566",""
"商品レビュー","【 楽天1位受賞★レビュー特典付き 】＼クーポンで最大20％OFF！／爪切り 高級 ケース付き つめきり 巻き爪 飛び散らない プラス 微粒やすり 飛び散り防止 滑り止め爪切り 手足用 高品質爪切り RP1 PKT3-2F","https://review.rakuten.co.jp/item/1/354660_10001158/epqr-iaj35-l9uvsx_1_1167853182/","5","2022/11/14 14:15:09","","よく切れる。きれいだし、爪とぎも収納でき、気に入っている、","0","354660-20221110-0972210920",""
"商品レビュー","【 楽天1位受賞★レビュー特典付き 】＼クーポンで最大20％OFF！／爪切り 高級 ケース付き つめきり 巻き爪 飛び散らない プラス 微粒やすり 飛び散り防止 滑り止め爪切り 手足用 高品質爪切り RP1 PKT3-2F","https://review.rakuten.co.jp/item/1/354660_10001158/epqr-iaj35-leithy_1_1174863576/","5","2022/11/13 20:44:09","","今までは、100円の爪切りだったので、錆びてきて、ちぎって切ってる感じでしたが、この爪切りで切ると、スパって切れます。
色はグレーで、イメージ通りの色です。
切った後の爪も、前みたいに詰まることもなく捨てれて、スッキリします。","0","354660-20221110-0979811421",""
"商品レビュー","【 楽天1位受賞★レビュー特典付き 】＼クーポンで最大20％OFF！／爪切り 高級 ケース付き つめきり 巻き爪 飛び散らない プラス 微粒やすり 飛び散り防止 滑り止め爪切り 手足用 高品質爪切り RP1 PKT3-2F","https://review.rakuten.co.jp/item/1/354660_10001158/epqr-iaj3f-iof038_1_1144781413/","4","2022/11/13 11:27:46","","シルバーを購入しました。高級感があり、気に入ってます。
爪ヤスリもいい感じです。","0","354660-20221101-0759607258",""
"商品レビュー","【 楽天1位受賞★レビュー特典付き 】＼クーポンで最大20％OFF！／爪切り 高級 ケース付き つめきり 巻き爪 飛び散らない プラス 微粒やすり 飛び散り防止 滑り止め爪切り 手足用 高品質爪切り RP1 PKT3-2F","https://review.rakuten.co.jp/item/1/354660_10001158/epqr-iaj35-h3t3st_1_1173740364/","4","2022/11/13 0:02:01","","ケースに入っていてカッコいい！
持ち運びもケースに入っているから心配ないし見た目も悪くない！使い心地も良し。","0","354660-20221110-0708411411",""
"商品レビュー","【 楽天1位受賞★レビュー特典付き 】＼クーポンで最大20％OFF！／爪切り 高級 ケース付き つめきり 巻き爪 飛び散らない プラス 微粒やすり 飛び散り防止 滑り止め爪切り 手足用 高品質爪切り RP1 PKT3-2F","https://review.rakuten.co.jp/item/1/354660_10001158/epqr-iajqg-7pmfiu_1_1141509585/","5","2022/11/12 18:51:19","","ネット情報通りの商品が届き、大変満足・気に入ってしております！
ありがとうございました(^-^)","0","354660-20221030-0519806621",""
"商品レビュー","【 楽天1位受賞★レビュー特典付き 】＼クーポンで最大20％OFF！／爪切り 高級 ケース付き つめきり 巻き爪 飛び散らない プラス 微粒やすり 飛び散り防止 滑り止め爪切り 手足用 高品質爪切り RP1 PKT3-2F","https://review.rakuten.co.jp/item/1/354660_10001158/epqr-iaj32-ek6zm1_1_1157095724/","5","2022/11/12 12:18:40","","長年使っていた爪切りが使いづらくなってきたので、こちらの爪切りを購入しました。サイズで迷いましたが、シャンパンゴールドのSサイズにしました。思ったよりシルバーに近い色でしたが、小ぶりでちょうど良い大きさでした。パチンパチンと軽い力で切れます。今まで爪切りにマステを巻いて、切った爪が散らからないようにしていましたが、爪屑入れがついているので助かります。ケースに入れて使うことは無いので、中のスポンジ等を外して小物入れに使っています。","0","354660-20221105-0449809816",""
"商品レビュー","【 楽天1位受賞★レビュー特典付き 】＼クーポンで最大20％OFF！／爪切り 高級 ケース付き つめきり 巻き爪 飛び散らない プラス 微粒やすり 飛び散り防止 滑り止め爪切り 手足用 高品質爪切り RP1 PKT3-2F","https://review.rakuten.co.jp/item/1/354660_10001158/epqr-iaj3m-2jvtxq_1_1166994652/","4","2022/11/12 11:54:51","","切れ味がよく、大変使いやすいです。
見た目も格好良く気に入りました。","0","354660-20221109-0811010759",""
"商品レビュー","【 楽天1位受賞★レビュー特典付き 】＼クーポンで最大20％OFF！／爪切り 高級 ケース付き つめきり 巻き爪 飛び散らない プラス 微粒やすり 飛び散り防止 滑り止め爪切り 手足用 高品質爪切り RP1 PKT3-2F","https://review.rakuten.co.jp/item/1/354660_10001158/epqr-iaj35-dbcxmd_1_1170645970/","5","2022/11/12 11:30:44","しっかりと切れて、大変に気に入りました","しっかりと切れて、大変に気に入りました。","0","354660-20221110-0368111274",""
"商品レビュー","【 楽天1位受賞★レビュー特典付き 】＼クーポンで最大20％OFF！／爪切り 高級 ケース付き つめきり 巻き爪 飛び散らない プラス 微粒やすり 飛び散り防止 滑り止め爪切り 手足用 高品質爪切り RP1 PKT3-2F","https://review.rakuten.co.jp/item/1/354660_10001158/epqr-iaj3m-hsxkhq_1_1166792720/","4","2022/11/11 18:01:48","","早い対応ありがとうございます。
ケース入りでヤスリもあって満足です。","0","354660-20221109-0710310803",""
"商品レビュー","【 楽天1位受賞★レビュー特典付き 】＼クーポンで最大20％OFF！／爪切り 高級 ケース付き つめきり 巻き爪 飛び散らない プラス 微粒やすり 飛び散り防止 滑り止め爪切り 手足用 高品質爪切り RP1 PKT3-2F","https://review.rakuten.co.jp/item/1/354660_10001158/epqr-iaj32-fnc1h_2_1154020658/","5","2022/11/11 16:52:30","蓋！くるりんが無し？蓋！","シャンパンゴールドの綺麗な爪切りです。最初缶のふたが開かず、定規を使って押し開けました。次は爪切りの使い方、くるりんと回せず…？すぐ、爪収納ケースのふたを閉めたら無事使えました。良い感じで使ってます。","0","354660-20221105-0016009643",""
"商品レビュー","【 楽天1位受賞★レビュー特典付き 】＼クーポンで最大20％OFF！／爪切り 高級 ケース付き つめきり 巻き爪 飛び散らない プラス 微粒やすり 飛び散り防止 滑り止め爪切り 手足用 高品質爪切り RP1 PKT3-2F","https://review.rakuten.co.jp/item/1/354660_10001158/epqr-iaj3m-2zb5kv_1_1166165621/","5","2022/11/11 13:01:05","","ブロンズを購入。マットな感じで指紋が目立たなくて良いです。今まで100均のを使っていましたが切れ味が全然違うし、とび散らないので使いやすいです。
頻繁に買い替えるものでも無いので、もっと早く買えば良かったと思いました。","0","354660-20221109-0845010714",""
"商品レビュー","【 楽天1位受賞★レビュー特典付き 】＼クーポンで最大20％OFF！／爪切り 高級 ケース付き つめきり 巻き爪 飛び散らない プラス 微粒やすり 飛び散り防止 滑り止め爪切り 手足用 高品質爪切り RP1 PKT3-2F","https://review.rakuten.co.jp/item/1/354660_10001158/epqr-iaj84-21pyp5_1_1119804947/","5","2022/11/11 5:47:36","大満足","始めてこんな高級な爪切りを購入。切り口も滑らかで大満足です。","0","354660-20221018-0793802070",""
"商品レビュー","【 楽天1位受賞★レビュー特典付き 】＼クーポンで最大20％OFF！／爪切り 高級 ケース付き つめきり 巻き爪 飛び散らない プラス 微粒やすり 飛び散り防止 滑り止め爪切り 手足用 高品質爪切り RP1 PKT3-2F","https://review.rakuten.co.jp/item/1/354660_10001158/epqr-iaj3i-jgav6d_1_1150582317/","5","2022/11/10 15:43:54","いいね","とても気にいりました。爪を切った後の処理に感激！","0","354660-20221104-0863409174",""
"商品レビュー","【 楽天1位受賞★レビュー特典付き 】＼クーポンで最大20％OFF！／爪切り 高級 ケース付き つめきり 巻き爪 飛び散らない プラス 微粒やすり 飛び散り防止 滑り止め爪切り 手足用 高品質爪切り RP1 PKT3-2F","https://review.rakuten.co.jp/item/1/354660_10001158/epqr-iaj3i-2aiec4_1_1150120093/","5","2022/11/10 13:31:50","使いやすい","爪切りが急に無くしてしまい、楽天マラソンだったので急いで購入しました。とても使いやすいです。","0","354660-20221104-0788309062",""
"商品レビュー","【 楽天1位受賞★レビュー特典付き 】＼クーポンで最大20％OFF！／爪切り 高級 ケース付き つめきり 巻き爪 飛び散らない プラス 微粒やすり 飛び散り防止 滑り止め爪切り 手足用 高品質爪切り RP1 PKT3-2F","https://review.rakuten.co.jp/item/1/354660_10001158/epqr-iaj3i-9liydm_1_1148531634/","5","2022/11/10 1:12:30","使いやすくて最高です&#128513;","見た目もかっこよくて使い心地ちも今まで使ってきた爪切りの中で1番いいです。
この爪切りはお勧めです。","0","354660-20221104-0148409081",""
"商品レビュー","【 楽天1位受賞★レビュー特典付き 】＼クーポンで最大20％OFF！／爪切り 高級 ケース付き つめきり 巻き爪 飛び散らない プラス 微粒やすり 飛び散り防止 滑り止め爪切り 手足用 高品質爪切り RP1 PKT3-2F","https://review.rakuten.co.jp/item/1/354660_10001158/epqr-iaj32-1mnbvo_1_1154854428/","5","2022/11/09 20:46:48","素晴らしい爪切りです","たかが爪切り、されど爪切り。おしゃれな感じの中、切れ味抜群、使い勝手も大満足です。ヤスリもとてもいいです。","0","354660-20221105-0271309628",""
"商品レビュー","【 楽天1位受賞★レビュー特典付き 】＼クーポンで最大20％OFF！／爪切り 高級 ケース付き つめきり 巻き爪 飛び散らない プラス 微粒やすり 飛び散り防止 滑り止め爪切り 手足用 高品質爪切り RP1 PKT3-2F","https://review.rakuten.co.jp/item/1/354660_10001158/epqr-iaj3j-iumgt4_1_1160958673/","5","2022/11/09 19:18:28","","大変満足しました。
良好な商品をありがとうございました。","0","354660-20221106-0775110094",""
"商品レビュー","【 楽天1位受賞★レビュー特典付き 】＼クーポンで最大20％OFF！／爪切り 高級 ケース付き つめきり 巻き爪 飛び散らない プラス 微粒やすり 飛び散り防止 滑り止め爪切り 手足用 高品質爪切り RP1 PKT3-2F","https://review.rakuten.co.jp/item/1/354660_10001158/epqr-iaj8z-k3dvko_1_1121781848/","5","2022/11/08 8:56:17","","やっと爪が伸びて使用したが驚くほど力を必要としないし足の親指の爪も簡単に切れました。購入して良かった！","0","354660-20221019-0949302416",""
"商品レビュー","【 楽天1位受賞★レビュー特典付き 】＼クーポンで最大20％OFF！／爪切り 高級 ケース付き つめきり 巻き爪 飛び散らない プラス 微粒やすり 飛び散り防止 滑り止め爪切り 手足用 高品質爪切り RP1 PKT3-2F","https://review.rakuten.co.jp/item/1/354660_10001158/epqr-iajqh-h2ybc3_1_1142669841/","4","2022/11/05 22:02:39","","切った爪が飛び散らないのがとても良いです。","0","354660-20221031-0688506685",""
"商品レビュー","【 楽天1位受賞★レビュー特典付き 】＼クーポンで最大20％OFF！／爪切り 高級 ケース付き つめきり 巻き爪 飛び散らない プラス 微粒やすり 飛び散り防止 滑り止め爪切り 手足用 高品質爪切り RP1 PKT3-2F","https://review.rakuten.co.jp/item/1/354660_10001158/epqr-iaj8v-cog71y_1_1113630682/","5","2022/11/04 22:06:07","","デザインがシンプルだけどおしゃれで気に入りました。切れ味もバッチリです","0","354660-20221014-0336400305",""
"商品レビュー","【 楽天1位受賞★レビュー特典付き 】＼クーポンで最大20％OFF！／爪切り 高級 ケース付き つめきり 巻き爪 飛び散らない プラス 微粒やすり 飛び散り防止 滑り止め爪切り 手足用 高品質爪切り RP1 PKT3-2F","https://review.rakuten.co.jp/item/1/354660_10001158/epqr-iajqg-ajdzkr_2_1140801778/","5","2022/11/03 14:45:50","","切った爪がちゃんと収まってるし、切れ味もとてもいいです。ヤスリで爪磨きをするとピカピカになって、綺麗になりました！家族みんな満足してます。","0","354660-20221030-0084306660",""
"商品レビュー","【 楽天1位受賞★レビュー特典付き 】＼クーポンで最大20％OFF！／爪切り 高級 ケース付き つめきり 巻き爪 飛び散らない プラス 微粒やすり 飛び散り防止 滑り止め爪切り 手足用 高品質爪切り RP1 PKT3-2F","https://review.rakuten.co.jp/item/1/354660_10001158/epqr-iajq7-futxdj_1_1137147138/","5","2022/11/01 22:49:24","","気に入りました♪
刃の部分がみえる物が欲しかったので、とても
使いやすい
ケースも自分の物感があって、嬉しいです
この値段でこの品質買って良かった♪","0","354660-20221028-0594205862",""
"商品レビュー","【 楽天1位受賞★レビュー特典付き 】＼クーポンで最大20％OFF！／爪切り 高級 ケース付き つめきり 巻き爪 飛び散らない プラス 微粒やすり 飛び散り防止 滑り止め爪切り 手足用 高品質爪切り RP1 PKT3-2F","https://review.rakuten.co.jp/item/1/354660_10001158/epqr-iaj8v-7pqnxu_1_1113704332/","5","2022/10/24 21:13:26","","ずっと100均の物を使っていましたが、知人に良い爪切りを借りて衝撃で、私も良いものをと思い購入！
切れ味もよくとても気に入ってます！","0","354660-20221014-0520100237",""
"商品レビュー","【 楽天1位受賞★レビュー特典付き 】＼クーポンで最大20％OFF！／爪切り 高級 ケース付き つめきり 巻き爪 飛び散らない プラス 微粒やすり 飛び散り防止 滑り止め爪切り 手足用 高品質爪切り RP1 PKT3-2F","https://review.rakuten.co.jp/item/1/354660_10001158/epqr-iaj8v-g4pa10_1_1113273394/","5","2022/10/24 16:45:22","","まずはデザインがかっこいいですので驚き喜ばれます。","0","354660-20221014-0662749920",""
"商品レビュー","【 楽天1位受賞★レビュー特典付き 】＼クーポンで最大20％OFF！／爪切り 高級 ケース付き つめきり 巻き爪 飛び散らない プラス 微粒やすり 飛び散り防止 滑り止め爪切り 手足用 高品質爪切り RP1 PKT3-2F","https://review.rakuten.co.jp/item/1/354660_10001158/epqr-iajq0-jffv3c_1_1123005831/","5","2022/10/23 20:11:35","高級な爪切り","大きさや重さがちょうどよく、爪を切りやすいです。多面体のようなシャープなデザインもおしゃれです。爪が飛び散らず、かと言って切りにくくもなく、飛散防止カバーも良く出来ています。テコの支点もなかなかのアイデアだと思います。シャンパンゴールドはほぼシルバーですね。","0","354660-20221020-0862102697",""
"商品レビュー","【 楽天1位受賞★レビュー特典付き 】＼クーポンで最大20％OFF！／爪切り 高級 ケース付き つめきり 巻き爪 飛び散らない プラス 微粒やすり 飛び散り防止 滑り止め爪切り 手足用 高品質爪切り RP1 PKT3-2F","https://review.rakuten.co.jp/item/1/354660_10001158/epqr-iaj8p-bgs6c5_1_1092262593/","4","2022/10/22 0:52:19","","大きい方を買いました。思っていたより大きく、爪がや手が小さい人は小さい方を買った方が良いかもしれません。
足の爪は切りやすかったです。
爪が飛び散らないようになっているのと、力入れずに切れるところは気に入っています。","0","354660-20221005-0199444230",""
"商品レビュー","【 楽天1位受賞★レビュー特典付き 】＼クーポンで最大20％OFF！／爪切り 高級 ケース付き つめきり 巻き爪 飛び散らない プラス 微粒やすり 飛び散り防止 滑り止め爪切り 手足用 高品質爪切り RP1 PKT3-2F","https://review.rakuten.co.jp/item/1/354660_10001158/epqr-iaj8t-bt0029_1_1110244801/","4","2022/10/19 15:50:29","買って良かったです。","Lを購入。女性には少し大きいですが、夫の手にはちょうど良かったです。切れ味がとても良く、スパスパ切れます。バネ感もなく安定しています。切り口も滑らかです。付属のヤスリも使いやすいです。ただ本体が少し重たいです。","0","354660-20221011-0226748630",""
"商品レビュー","【 楽天1位受賞★レビュー特典付き 】＼クーポンで最大20％OFF！／爪切り 高級 ケース付き つめきり 巻き爪 飛び散らない プラス 微粒やすり 飛び散り防止 滑り止め爪切り 手足用 高品質爪切り RP1 PKT3-2F","https://review.rakuten.co.jp/item/1/354660_10001158/epqr-iaj8p-k024nb_1_1091308693/","4","2022/10/17 16:23:40","カッコいい爪切り！","カッコ良くて、切れ味にも満足しています。
切った爪は使い方次第で、こぼれてしまう事はあります。
将来的には、バネ板が外れてしまうかな？と、危ぶんでいますが、長く使いたいと気にいっています。","0","354660-20221005-0907643919",""
"商品レビュー","【 楽天1位受賞★レビュー特典付き 】＼クーポンで最大20％OFF！／爪切り 高級 ケース付き つめきり 巻き爪 飛び散らない プラス 微粒やすり 飛び散り防止 滑り止め爪切り 手足用 高品質爪切り RP1 PKT3-2F","https://review.rakuten.co.jp/item/1/354660_10001158/epqr-iaj83-fkbi8s_1_1101209358/","4","2022/10/16 12:29:30","スタイリッシュ！","見た目もスタイリッシュで大きさも良い。
ケース入りで保管もしやすいです。","0","354660-20221009-0569546162",""
"商品レビュー","【 楽天1位受賞★レビュー特典付き 】＼クーポンで最大20％OFF！／爪切り 高級 ケース付き つめきり 巻き爪 飛び散らない プラス 微粒やすり 飛び散り防止 滑り止め爪切り 手足用 高品質爪切り RP1 PKT3-2F","https://review.rakuten.co.jp/item/1/354660_10001158/epqr-iaj8p-erz6q8_1_1090133808/","5","2022/10/16 11:46:22","","使いやすかったのでリピートしました&#10083;&#65039;見た目もオシャレですね。","0","354660-20221005-0465244114",""
"商品レビュー","【 楽天1位受賞★レビュー特典付き 】＼クーポンで最大20％OFF！／爪切り 高級 ケース付き つめきり 巻き爪 飛び散らない プラス 微粒やすり 飛び散り防止 滑り止め爪切り 手足用 高品質爪切り RP1 PKT3-2F","https://review.rakuten.co.jp/item/1/354660_10001158/epqr-iajoi-9jm0x7_1_1070759130/","5","2022/10/14 7:40:58","気に入りました","確かに切った爪が飛び散りません！切れ味もよいです。おしゃれなケースに入っているので職場のデスクの引き出しにこっそりしのばせてます。","0","354660-20220924-0145241288",""
"商品レビュー","【 楽天1位受賞★レビュー特典付き 】＼クーポンで最大20％OFF！／爪切り 高級 ケース付き つめきり 巻き爪 飛び散らない プラス 微粒やすり 飛び散り防止 滑り止め爪切り 手足用 高品質爪切り RP1 PKT3-2F","https://review.rakuten.co.jp/item/1/354660_10001158/epqr-iajo5-ffh22x_1_1080542182/","4","2022/10/13 13:15:43","","母のプレゼントに送りました。テコの原理になっていることに気がついて、納得しておりました。","0","354660-20220930-0559842692",""
"商品レビュー","【 楽天1位受賞★レビュー特典付き 】＼クーポンで最大20％OFF！／爪切り 高級 ケース付き つめきり 巻き爪 飛び散らない プラス 微粒やすり 飛び散り防止 滑り止め爪切り 手足用 高品質爪切り RP1 PKT3-2F","https://review.rakuten.co.jp/item/1/354660_10001158/epqr-iaj8s-hgn61n_1_1104362196/","5","2022/10/13 11:00:35","","力を入れずにスッと切れます。爪が飛び散ることなく、とても快適です。","0","354660-20221010-0682847011",""
"商品レビュー","【 楽天1位受賞★レビュー特典付き 】＼クーポンで最大20％OFF！／爪切り 高級 ケース付き つめきり 巻き爪 飛び散らない プラス 微粒やすり 飛び散り防止 滑り止め爪切り 手足用 高品質爪切り RP1 PKT3-2F","https://review.rakuten.co.jp/item/1/354660_10001158/epqr-iaj8s-7drkgz_1_1102875217/","4","2022/10/12 21:39:41","","使っていたものが壊れたので
評価の高いこちらを購入
全く飛び散りらないってわけではなかったですが
デザインもカッコ良く爪も切りやすかったので
満足です。","0","354660-20221010-0494946683",""
"商品レビュー","【 楽天1位受賞★レビュー特典付き 】＼クーポンで最大20％OFF！／爪切り 高級 ケース付き つめきり 巻き爪 飛び散らない プラス 微粒やすり 飛び散り防止 滑り止め爪切り 手足用 高品質爪切り RP1 PKT3-2F","https://review.rakuten.co.jp/item/1/354660_10001158/epqr-iaj8s-dghwml_1_1105262517/","5","2022/10/12 18:04:54","","両親が、使っていた爪切りが切りにくい、飛び散ると言うので購入しました。重さは気にならないようで、切りやすい、飛び散らない、とぎやすいとのことです。ケースも付いているので、今後探しやすくなるかなと思います。","0","354660-20221010-0380147236",""
"商品レビュー","【 楽天1位受賞★レビュー特典付き 】＼クーポンで最大20％OFF！／爪切り 高級 ケース付き つめきり 巻き爪 飛び散らない プラス 微粒やすり 飛び散り防止 滑り止め爪切り 手足用 高品質爪切り RP1 PKT3-2F","https://review.rakuten.co.jp/item/1/354660_10001158/epqr-iajoj-1ktmz1_1_1074936315/","4","2022/10/12 17:15:12","","日頃使っていた爪切りとは切れ味が全然違いました。細かいところまで切れやすく、爪が滑らかになります。高級感もあってとても気に入ってます。ただセットのヤスリが、皮膚の近いところが削りにくくて星4つにさせて頂きました。","0","354660-20220926-0268341952",""
"商品レビュー","【 楽天1位受賞★レビュー特典付き 】＼クーポンで最大20％OFF！／爪切り 高級 ケース付き つめきり 巻き爪 飛び散らない プラス 微粒やすり 飛び散り防止 滑り止め爪切り 手足用 高品質爪切り RP1 PKT3-2F","https://review.rakuten.co.jp/item/1/354660_10001158/epqr-iajm9-97lcyz_1_950876352/","4","2022/10/12 15:22:00","","切れ味、デザイン、使い勝手、3拍子揃ったいい品です。ケースもありがたいです。","0","354660-20220806-0135123479",""
"商品レビュー","【 楽天1位受賞★レビュー特典付き 】＼クーポンで最大20％OFF！／爪切り 高級 ケース付き つめきり 巻き爪 飛び散らない プラス 微粒やすり 飛び散り防止 滑り止め爪切り 手足用 高品質爪切り RP1 PKT3-2F","https://review.rakuten.co.jp/item/1/354660_10001158/epqr-iaj8r-jnv131_1_1098917599/","5","2022/10/12 13:10:27","コスパ良い","コスパが良いですね。2口の割に小さめなところも気に入ってます。他の方のレビューにもあるように若干差込む時に硬めのものがありましたが許容範囲だと思います","0","354660-20221008-0879844936",""
"商品レビュー","【 楽天1位受賞★レビュー特典付き 】＼クーポンで最大20％OFF！／爪切り 高級 ケース付き つめきり 巻き爪 飛び散らない プラス 微粒やすり 飛び散り防止 滑り止め爪切り 手足用 高品質爪切り RP1 PKT3-2F","https://review.rakuten.co.jp/item/1/354660_10001158/epqr-iaj88-cd8eh4_1_1094947103/","5","2022/10/08 14:31:17","伝説の爪切り","抜群な切れ味。
そして大容量の爪くず収納スペース。
さらにスタイリッシュなデザイン。
今年、爪切り会の「MVP」は間違いないだろう。","0","354660-20221006-0313444510",""
"商品レビュー","【 楽天1位受賞★レビュー特典付き 】＼クーポンで最大20％OFF！／爪切り 高級 ケース付き つめきり 巻き爪 飛び散らない プラス 微粒やすり 飛び散り防止 滑り止め爪切り 手足用 高品質爪切り RP1 PKT3-2F","https://review.rakuten.co.jp/item/1/354660_10001158/epqr-iaj8m-rffm8_2_1081870151/","5","2022/10/08 2:36:56","","到着後、早速使用しました。
使いやすく購入して良かったです。切った爪が飛ばないのでストレスになりません。","0","354660-20221001-0040742986",""
"商品レビュー","【 楽天1位受賞★レビュー特典付き 】＼クーポンで最大20％OFF！／爪切り 高級 ケース付き つめきり 巻き爪 飛び散らない プラス 微粒やすり 飛び散り防止 滑り止め爪切り 手足用 高品質爪切り RP1 PKT3-2F","https://review.rakuten.co.jp/item/1/354660_10001158/epqr-iaj8p-gpx2oa_1_1093593609/","5","2022/10/07 10:23:20","大満足の商品","注文から到着までが早く、商品紹介どおりの良い商品でした！","0","354660-20221005-0641444257",""
"商品レビュー","【 楽天1位受賞★レビュー特典付き 】＼クーポンで最大20％OFF！／爪切り 高級 ケース付き つめきり 巻き爪 飛び散らない プラス 微粒やすり 飛び散り防止 滑り止め爪切り 手足用 高品質爪切り RP1 PKT3-2F","https://review.rakuten.co.jp/item/1/354660_10001158/epqr-iajoh-7zmrqf_1_1068952024/","3","2022/10/06 19:23:26","","注文番号 354660-20220923-0543341061
見た目のかっこよさで購入しました。
買った感じも良いのですが、重い…
盲点でした…","0","354660-20220923-0543341061",""
"商品レビュー","【 楽天1位受賞★レビュー特典付き 】＼クーポンで最大20％OFF！／爪切り 高級 ケース付き つめきり 巻き爪 飛び散らない プラス 微粒やすり 飛び散り防止 滑り止め爪切り 手足用 高品質爪切り RP1 PKT3-2F","https://review.rakuten.co.jp/item/1/354660_10001158/epqr-iaj8o-hgkkgx_1_1087656563/","5","2022/10/06 12:02:35","お勧めです","迅速丁寧な発送手続き、ありがとうございます。
大きさもちょうど良いですね。
切れ味も良く、良い商品だと思います。
耐久性に期待しております。","0","354660-20221004-0682643768",""
"商品レビュー","【 楽天1位受賞★レビュー特典付き 】＼クーポンで最大20％OFF！／爪切り 高級 ケース付き つめきり 巻き爪 飛び散らない プラス 微粒やすり 飛び散り防止 滑り止め爪切り 手足用 高品質爪切り RP1 PKT3-2F","https://review.rakuten.co.jp/item/1/354660_10001158/epqr-iajnu-gi1370_1_1013983993/","5","2022/10/06 8:32:53","","ケースがあるから失くさなくてすむ。切れ味も良くて買ってよかった。もう失くさないです。笑","0","354660-20220905-0625036464",""
"商品レビュー","【 楽天1位受賞★レビュー特典付き 】＼クーポンで最大20％OFF！／爪切り 高級 ケース付き つめきり 巻き爪 飛び散らない プラス 微粒やすり 飛び散り防止 滑り止め爪切り 手足用 高品質爪切り RP1 PKT3-2F","https://review.rakuten.co.jp/item/1/354660_10001158/epqr-iaj8m-dvf6wp_1_1082650679/","5","2022/10/05 8:18:40","","重厚感があり、高級品って感じがハンパないです。
切れ味も良いです
この値段でこの質感は最高だと思います","0","354660-20221001-0413642865",""
"商品レビュー","【 楽天1位受賞★レビュー特典付き 】＼クーポンで最大20％OFF！／爪切り 高級 ケース付き つめきり 巻き爪 飛び散らない プラス 微粒やすり 飛び散り防止 滑り止め爪切り 手足用 高品質爪切り RP1 PKT3-2F","https://review.rakuten.co.jp/item/1/354660_10001158/epqr-iajo5-u6pem_2_1079289357/","5","2022/10/03 20:34:21","","画像と色味が違い残念でした。
シャンパンゴールドはシルバーに近いです。
使い勝手は良さそうなので 続けて使ってみようと思います。","0","354660-20220930-0050042717",""
"商品レビュー","【 楽天1位受賞★レビュー特典付き 】＼クーポンで最大20％OFF！／爪切り 高級 ケース付き つめきり 巻き爪 飛び散らない プラス 微粒やすり 飛び散り防止 滑り止め爪切り 手足用 高品質爪切り RP1 PKT3-2F","https://review.rakuten.co.jp/item/1/354660_10001158/epqr-iajo2-2jc3rb_1_1074003243/","5","2022/10/03 19:21:40","","切れ味良く爪を切ってて気持ちいいです。爪やすりも使えますわ。","0","354660-20220925-0809841459",""
"商品レビュー","【 楽天1位受賞★レビュー特典付き 】＼クーポンで最大20％OFF！／爪切り 高級 ケース付き つめきり 巻き爪 飛び散らない プラス 微粒やすり 飛び散り防止 滑り止め爪切り 手足用 高品質爪切り RP1 PKT3-2F","https://review.rakuten.co.jp/item/1/354660_10001158/epqr-iajoj-ab06n3_2_1074518694/","3","2022/10/02 22:23:56","","Sサイズを購入。
良くも悪くも普通だと思います。
新品としての切れ味もわるくなかったので、希望通りの商品が購入できて満足です。","0","354660-20220926-0065542021",""
"商品レビュー","【 楽天1位受賞★レビュー特典付き 】＼クーポンで最大20％OFF！／爪切り 高級 ケース付き つめきり 巻き爪 飛び散らない プラス 微粒やすり 飛び散り防止 滑り止め爪切り 手足用 高品質爪切り RP1 PKT3-2F","https://review.rakuten.co.jp/item/1/354660_10001158/epqr-iajof-fyk2p9_1_1064927209/","4","2022/10/02 22:18:26","","金属製で、樹脂のような割れの心配がない。","0","354660-20220921-0600340358",""
"商品レビュー","【 楽天1位受賞★レビュー特典付き 】＼クーポンで最大20％OFF！／爪切り 高級 ケース付き つめきり 巻き爪 飛び散らない プラス 微粒やすり 飛び散り防止 滑り止め爪切り 手足用 高品質爪切り RP1 PKT3-2F","https://review.rakuten.co.jp/item/1/354660_10001158/epqr-iajoi-d4h5kr_1_1071248157/","5","2022/10/01 23:52:32","使いやすい！","小さい爪切りを使っていた両親に送りました。
少ない力で切ることができ喜んでおりました。","0","354660-20220924-0420441108",""
"商品レビュー","【 楽天1位受賞★レビュー特典付き 】＼クーポンで最大20％OFF！／爪切り 高級 ケース付き つめきり 巻き爪 飛び散らない プラス 微粒やすり 飛び散り防止 滑り止め爪切り 手足用 高品質爪切り RP1 PKT3-2F","https://review.rakuten.co.jp/item/1/354660_10001158/epqr-iajok-k4kxxx_1_1076525607/","4","2022/09/30 19:35:33","色合いはいい","サイズもいいし、価格も買いやすく、色合いもオシャレ","0","354660-20220927-0964842080",""
"商品レビュー","【 楽天1位受賞★レビュー特典付き 】＼クーポンで最大20％OFF！／爪切り 高級 ケース付き つめきり 巻き爪 飛び散らない プラス 微粒やすり 飛び散り防止 滑り止め爪切り 手足用 高品質爪切り RP1 PKT3-2F","https://review.rakuten.co.jp/item/1/354660_10001158/epqr-iajoh-jhz15p_1_1069877099/","5","2022/09/29 18:09:11","爪切りはすばらしい。","独立した子供たちにそれぞれ一つずつ、プレゼントに購入。
まだ渡していませんが、品物が届き、確認したところ、なんとも言えない艶と色。
どの色もよかったです。
切れは未確認です。
一つ気になったのは、入れてあるアルミケース？の蓋が
購入した全て凸凹がありました。
それが残念でした。","0","354660-20220923-0866641053",""
"商品レビュー","【 楽天1位受賞★レビュー特典付き 】＼クーポンで最大20％OFF！／爪切り 高級 ケース付き つめきり 巻き爪 飛び散らない プラス 微粒やすり 飛び散り防止 滑り止め爪切り 手足用 高品質爪切り RP1 PKT3-2F","https://review.rakuten.co.jp/item/1/354660_10001158/epqr-iajjj-gqdvrj_1_891978441/","5","2022/09/29 16:14:18","","使い勝手も良いですし、見た目も高級感がありますね。","0","354660-20220710-0643612622",""
"商品レビュー","【 楽天1位受賞★レビュー特典付き 】＼クーポンで最大20％OFF！／爪切り 高級 ケース付き つめきり 巻き爪 飛び散らない プラス 微粒やすり 飛び散り防止 滑り止め爪切り 手足用 高品質爪切り RP1 PKT3-2F","https://review.rakuten.co.jp/item/1/354660_10001158/epqr-iajmq-eqmzfm_1_989821637/","3","2022/09/29 12:09:50","","レビュー遅くなりました。前回小さい方を購入してしまい、使いづらくて奥さんに渡しました。今回大きい方を買い直しました。切れ味は悪くはないですが、思っていた程ではなかったです。もう少し切れ幅が大きめで切れ味が良いともっと良くなると思いますが如何でしょうか。でも製品の入れ物や小物にとても気を使われているのが分かります。","0","354660-20220827-0462733253",""
"商品レビュー","【 楽天1位受賞★レビュー特典付き 】＼クーポンで最大20％OFF！／爪切り 高級 ケース付き つめきり 巻き爪 飛び散らない プラス 微粒やすり 飛び散り防止 滑り止め爪切り 手足用 高品質爪切り RP1 PKT3-2F","https://review.rakuten.co.jp/item/1/354660_10001158/epqr-iajmp-fllili_1_987142928/","3","2022/09/27 8:30:57","","見た目はスタイリッシュで良いですが、切れ味などはとにかく普通です。","0","354660-20220825-0571832076",""
"商品レビュー","【 楽天1位受賞★レビュー特典付き 】＼クーポンで最大20％OFF！／爪切り 高級 ケース付き つめきり 巻き爪 飛び散らない プラス 微粒やすり 飛び散り防止 滑り止め爪切り 手足用 高品質爪切り RP1 PKT3-2F","https://review.rakuten.co.jp/item/1/354660_10001158/epqr-iajo7-aotm04_2_1060245350/","5","2022/09/25 11:49:27","","注文番号354660-20220920-0095340274
長年使ってきた爪切りが切れ味悪くなり購入。スゴい切れ味。厚い爪も力を入れずに楽に切れた?(^.^)／","0","354660-20220920-0095340274",""
"商品レビュー","【 楽天1位受賞★レビュー特典付き 】＼クーポンで最大20％OFF！／爪切り 高級 ケース付き つめきり 巻き爪 飛び散らない プラス 微粒やすり 飛び散り防止 滑り止め爪切り 手足用 高品質爪切り RP1 PKT3-2F","https://review.rakuten.co.jp/item/1/354660_10001158/epqr-iajof-j2jnug_1_1065753638/","5","2022/09/24 0:26:21","スタイリッシュ","かなりスタイリッシュです。爪研ぎを1体にしてないところはこだわりなんだろうけど持ち運びに不便かな。","0","354660-20220921-0869040334",""
"商品レビュー","【 楽天1位受賞★レビュー特典付き 】＼クーポンで最大20％OFF！／爪切り 高級 ケース付き つめきり 巻き爪 飛び散らない プラス 微粒やすり 飛び散り防止 滑り止め爪切り 手足用 高品質爪切り RP1 PKT3-2F","https://review.rakuten.co.jp/item/1/354660_10001158/epqr-iajn4-c4mcx9_1_1038152579/","5","2022/09/22 13:32:40","","子どもも使いやすいと言ってたので良かったです！","0","354660-20220910-0360238610",""
"商品レビュー","【 楽天1位受賞★レビュー特典付き 】＼クーポンで最大20％OFF！／爪切り 高級 ケース付き つめきり 巻き爪 飛び散らない プラス 微粒やすり 飛び散り防止 滑り止め爪切り 手足用 高品質爪切り RP1 PKT3-2F","https://review.rakuten.co.jp/item/1/354660_10001158/epqr-iajob-k77695_1_1052070639/","5","2022/09/20 22:08:12","","長年使っていた爪切りの切れが悪くなり、新しい爪切りを探していました。早速届いて使ってみましたが、切れ味が良くて気持ちいいです。重さもちょうどよく、持ちやすいです。
長く使えるように大事にしたいと思います。","0","354660-20220915-0920839194",""
"商品レビュー","【 楽天1位受賞★レビュー特典付き 】＼クーポンで最大20％OFF！／爪切り 高級 ケース付き つめきり 巻き爪 飛び散らない プラス 微粒やすり 飛び散り防止 滑り止め爪切り 手足用 高品質爪切り RP1 PKT3-2F","https://review.rakuten.co.jp/item/1/354660_10001158/epqr-iajo0-k1rcmy_1_1044570945/","4","2022/09/17 6:47:26","","爪切りの刃がもろくなり、こちらのページを見つけたのですが口コミ通りストレスなく切れて
満足です
爪磨きも良かったです","0","354660-20220912-0914837973",""
"商品レビュー","【 楽天1位受賞★レビュー特典付き 】＼クーポンで最大20％OFF！／爪切り 高級 ケース付き つめきり 巻き爪 飛び散らない プラス 微粒やすり 飛び散り防止 滑り止め爪切り 手足用 高品質爪切り RP1 PKT3-2F","https://review.rakuten.co.jp/item/1/354660_10001158/epqr-iajn4-adjwnh_2_1030893636/","4","2022/09/16 20:54:02","","2個買ったらさらに安くなりお得でした。とてもよいです","0","354660-20220910-0071237927",""
"商品レビュー","【 楽天1位受賞★レビュー特典付き 】＼クーポンで最大20％OFF！／爪切り 高級 ケース付き つめきり 巻き爪 飛び散らない プラス 微粒やすり 飛び散り防止 滑り止め爪切り 手足用 高品質爪切り RP1 PKT3-2F","https://review.rakuten.co.jp/item/1/354660_10001158/epqr-iajn4-filwkf_1_1034591228/","4","2022/09/14 21:33:13","よかった","Lサイズを購入しました。最初、Sのほうがよかったかな、と思いましたが、重量感もあり、細かくカットもできて、切れ味も抜群でした。","0","354660-20220910-0565138197",""
"商品レビュー","【 楽天1位受賞★レビュー特典付き 】＼クーポンで最大20％OFF！／爪切り 高級 ケース付き つめきり 巻き爪 飛び散らない プラス 微粒やすり 飛び散り防止 滑り止め爪切り 手足用 高品質爪切り RP1 PKT3-2F","https://review.rakuten.co.jp/item/1/354660_10001158/epqr-iajny-ib0bjk_1_1024897891/","3","2022/09/14 16:52:28","","値段が高めですが、今まで使ってた物よりも爪が切りやすいです。丁度良い大きさで、使いやくて良かったです。","0","354660-20220909-0730637367",""
"商品レビュー","【 楽天1位受賞★レビュー特典付き 】＼クーポンで最大20％OFF！／爪切り 高級 ケース付き つめきり 巻き爪 飛び散らない プラス 微粒やすり 飛び散り防止 滑り止め爪切り 手足用 高品質爪切り RP1 PKT3-2F","https://review.rakuten.co.jp/item/1/354660_10001158/epqr-iajnu-2lgt87_1_1014596780/","5","2022/09/14 12:06:45","","少し値段が高いかなと思ったのですが、爪が飛び散らないし、切りやすいです。ケースも付いて収納しやすいし、値段以上の価値があると思います。","0","354660-20220905-0813436496",""
"商品レビュー","【 楽天1位受賞★レビュー特典付き 】＼クーポンで最大20％OFF！／爪切り 高級 ケース付き つめきり 巻き爪 飛び散らない プラス 微粒やすり 飛び散り防止 滑り止め爪切り 手足用 高品質爪切り RP1 PKT3-2F","https://review.rakuten.co.jp/item/1/354660_10001158/epqr-iajjj-ijm72p_1_893744885/","4","2022/09/13 23:35:24","","切った爪が飛び散らないのがありがたいです。
切れ味もいいので満足です。","0","354660-20220710-0749912745",""
"商品レビュー","【 楽天1位受賞★レビュー特典付き 】＼クーポンで最大20％OFF！／爪切り 高級 ケース付き つめきり 巻き爪 飛び散らない プラス 微粒やすり 飛び散り防止 滑り止め爪切り 手足用 高品質爪切り RP1 PKT3-2F","https://review.rakuten.co.jp/item/1/354660_10001158/epqr-iajml-hf77m4_1_979237502/","5","2022/09/13 22:57:10","買ってよかった！","切りやすくていいです！ヤスリも爪がピカピカになるもので、指先が綺麗になってとてもいいです。","0","354660-20220820-0680628742",""
"商品レビュー","【 楽天1位受賞★レビュー特典付き 】＼クーポンで最大20％OFF！／爪切り 高級 ケース付き つめきり 巻き爪 飛び散らない プラス 微粒やすり 飛び散り防止 滑り止め爪切り 手足用 高品質爪切り RP1 PKT3-2F","https://review.rakuten.co.jp/item/1/354660_10001158/epqr-iajn4-kij6mg_1_1036024695/","4","2022/09/13 21:36:09","","爪切りは問題なく、使いやすいです。切りやすい。
ケースだけが3箇所でこぼこぶつかったような跡があり、それが残念でした。","0","354660-20220910-0927838126",""
"商品レビュー","【 楽天1位受賞★レビュー特典付き 】＼クーポンで最大20％OFF！／爪切り 高級 ケース付き つめきり 巻き爪 飛び散らない プラス 微粒やすり 飛び散り防止 滑り止め爪切り 手足用 高品質爪切り RP1 PKT3-2F","https://review.rakuten.co.jp/item/1/354660_10001158/epqr-iajmc-f57mw2_1_957152826/","5","2022/09/13 20:17:25","","爪切りにこだわる事がなかったのですが、買って良かったなーって思いました。","0","354660-20220809-0574825081",""
"商品レビュー","【 楽天1位受賞★レビュー特典付き 】＼クーポンで最大20％OFF！／爪切り 高級 ケース付き つめきり 巻き爪 飛び散らない プラス 微粒やすり 飛び散り防止 滑り止め爪切り 手足用 高品質爪切り RP1 PKT3-2F","https://review.rakuten.co.jp/item/1/354660_10001158/epqr-iajn6-c9of26_1_1002209505/","5","2022/09/13 0:51:12","","切れ味の悪い安い爪切りを使っていましたが、壊れたので購入してみました。切れ味が良すぎで逆に今までの勢いで切ると深爪しやすいので逆に注意が必要です。","0","354660-20220904-0306635392",""
"商品レビュー","【 楽天1位受賞★レビュー特典付き 】＼クーポンで最大20％OFF！／爪切り 高級 ケース付き つめきり 巻き爪 飛び散らない プラス 微粒やすり 飛び散り防止 滑り止め爪切り 手足用 高品質爪切り RP1 PKT3-2F","https://review.rakuten.co.jp/item/1/354660_10001158/epqr-iajjj-iwo257_1_894841455/","5","2022/09/12 15:53:17","","とても切りやすく、切った爪が飛び散らないのがとてもありがたいです。またケースもついていて収納にとても便利です。","0","354660-20220710-0778612832",""
"商品レビュー","【 楽天1位受賞★レビュー特典付き 】＼クーポンで最大20％OFF！／爪切り 高級 ケース付き つめきり 巻き爪 飛び散らない プラス 微粒やすり 飛び散り防止 滑り止め爪切り 手足用 高品質爪切り RP1 PKT3-2F","https://review.rakuten.co.jp/item/1/354660_10001158/epqr-iajn3-2kl3rx_1_997423890/","4","2022/09/12 12:34:06","","切った爪が飛び散らないし、良く切れます。","0","354660-20220901-0812034320",""
"商品レビュー","【 楽天1位受賞★レビュー特典付き 】＼クーポンで最大20％OFF！／爪切り 高級 ケース付き つめきり 巻き爪 飛び散らない プラス 微粒やすり 飛び散り防止 滑り止め爪切り 手足用 高品質爪切り RP1 PKT3-2F","https://review.rakuten.co.jp/item/1/354660_10001158/epqr-iajnu-fceil6_1_1013768830/","4","2022/09/12 5:06:04","","爪切りをしまうケースがボコボコしており、とても新品とは思えないものでした。
中の爪切りは高級感があり満足しておりますが、外箱だけ不満でしたので星4つとさせていただきます。","0","354660-20220905-0552936412",""
"商品レビュー","【 楽天1位受賞★レビュー特典付き 】＼クーポンで最大20％OFF！／爪切り 高級 ケース付き つめきり 巻き爪 飛び散らない プラス 微粒やすり 飛び散り防止 滑り止め爪切り 手足用 高品質爪切り RP1 PKT3-2F","https://review.rakuten.co.jp/item/1/354660_10001158/epqr-iajnu-osra1_2_1015178145/","5","2022/09/11 2:28:08","買って良かった","凄く使いやすくてびっくりしました。爪切り凄く切れます！","0","354660-20220905-0034836520",""
"商品レビュー","【 楽天1位受賞★レビュー特典付き 】＼クーポンで最大20％OFF！／爪切り 高級 ケース付き つめきり 巻き爪 飛び散らない プラス 微粒やすり 飛び散り防止 滑り止め爪切り 手足用 高品質爪切り RP1 PKT3-2F","https://review.rakuten.co.jp/item/1/354660_10001158/epqr-iajnu-7xlfsk_1_1012125965/","5","2022/09/10 18:29:50","","シルバーとシャンパンゴールドを購入しました。色は比べてみると確かにあまりない感じで シャンパンゴールドはシルバーよりな感じです。だけど高級感もあり買ってよかったです。これから爪を切るのが楽しみなりました。","0","354660-20220905-0538236231",""
"商品レビュー","【 楽天1位受賞★レビュー特典付き 】＼クーポンで最大20％OFF！／爪切り 高級 ケース付き つめきり 巻き爪 飛び散らない プラス 微粒やすり 飛び散り防止 滑り止め爪切り 手足用 高品質爪切り RP1 PKT3-2F","https://review.rakuten.co.jp/item/1/354660_10001158/epqr-iajnu-j0dq7b_1_1014722166/","5","2022/09/09 22:56:39","","普通の爪切りと違い切った際刃の横から爪が飛ぶ散ることがなく、切れ味も抜群で爪を切ったあと切断面が滑らかでやすりが必要ないレベルでした。","0","354660-20220905-0846836499",""
"商品レビュー","【 楽天1位受賞★レビュー特典付き 】＼クーポンで最大20％OFF！／爪切り 高級 ケース付き つめきり 巻き爪 飛び散らない プラス 微粒やすり 飛び散り防止 滑り止め爪切り 手足用 高品質爪切り RP1 PKT3-2F","https://review.rakuten.co.jp/item/1/354660_10001158/epqr-iajnu-e4c307_1_1008928927/","5","2022/09/09 16:40:04","爪切り","初めて購入しました。
爪切りはどれも同じかなと、思っていましたが使いやすく満足です。","0","354660-20220905-0480635864",""
"商品レビュー","【 楽天1位受賞★レビュー特典付き 】＼クーポンで最大20％OFF！／爪切り 高級 ケース付き つめきり 巻き爪 飛び散らない プラス 微粒やすり 飛び散り防止 滑り止め爪切り 手足用 高品質爪切り RP1 PKT3-2F","https://review.rakuten.co.jp/item/1/354660_10001158/epqr-iajnu-der3j_2_1012148499/","5","2022/09/09 9:20:44","","シャンパンゴールドを注文し、届いたので早速使ってみました。色はシルバーにも似ていて区別が付きにくいですが、高級感はありこれはこれでありだと思います。上面はシャンパンゴールドで、下面はブラックのツートンカラーになっています！使用感は100均の物とは違い、スパっ！スパっ！と切れ味抜群です！付属のガラスの爪やすりも使用してみましたが、爪がピカピカになりました！爪切りとしては高級感がありおすすめですね！","0","354660-20220905-0010436306",""
"商品レビュー","【 楽天1位受賞★レビュー特典付き 】＼クーポンで最大20％OFF！／爪切り 高級 ケース付き つめきり 巻き爪 飛び散らない プラス 微粒やすり 飛び散り防止 滑り止め爪切り 手足用 高品質爪切り RP1 PKT3-2F","https://review.rakuten.co.jp/item/1/354660_10001158/epqr-iajnu-cxer1n_1_1013169946/","5","2022/09/08 20:44:51","とても良い！","切れ味がとても良くケースもしっかりしてて良かったです。","0","354660-20220905-0356436451",""
"商品レビュー","【 楽天1位受賞★レビュー特典付き 】＼クーポンで最大20％OFF！／爪切り 高級 ケース付き つめきり 巻き爪 飛び散らない プラス 微粒やすり 飛び散り防止 滑り止め爪切り 手足用 高品質爪切り RP1 PKT3-2F","https://review.rakuten.co.jp/item/1/354660_10001158/epqr-iajnu-g2rjzg_1_1009399155/","4","2022/09/08 19:41:21","高級感","ケースがシルバーなので本体もシルバーがいいかもと思った","0","354660-20220905-0627635926",""
"商品レビュー","【 楽天1位受賞★レビュー特典付き 】＼クーポンで最大20％OFF！／爪切り 高級 ケース付き つめきり 巻き爪 飛び散らない プラス 微粒やすり 飛び散り防止 滑り止め爪切り 手足用 高品質爪切り RP1 PKT3-2F","https://review.rakuten.co.jp/item/1/354660_10001158/epqr-iajn6-11l1kv_1_1002022406/","5","2022/09/07 13:07:10","","無事に到着しました！
送料込みでお手頃価格ありがたいです(*^^*)","0","354660-20220904-0249335418",""
"商品レビュー","【 楽天1位受賞★レビュー特典付き 】＼クーポンで最大20％OFF！／爪切り 高級 ケース付き つめきり 巻き爪 飛び散らない プラス 微粒やすり 飛び散り防止 滑り止め爪切り 手足用 高品質爪切り RP1 PKT3-2F","https://review.rakuten.co.jp/item/1/354660_10001158/epqr-iajnu-gl00bq_1_1006493874/","2","2022/09/07 12:59:22","","爪を切った後はならめかでしたが、切れ味的には特に可もなく不可もなくといったところ。
カラーもシャンパンゴールドを買いましたが、ほぼシルバーですね。
ケースも傷のようなものが付いていたので……。
めちゃくちゃ不満があるというわけではないですが、値段の割りには……というところを考えると期待外れでした。","0","354660-20220905-0631535747",""
"商品レビュー","【 楽天1位受賞★レビュー特典付き 】＼クーポンで最大20％OFF！／爪切り 高級 ケース付き つめきり 巻き爪 飛び散らない プラス 微粒やすり 飛び散り防止 滑り止め爪切り 手足用 高品質爪切り RP1 PKT3-2F","https://review.rakuten.co.jp/item/1/354660_10001158/epqr-iajn3-2ctim5_1_997315773/","4","2022/09/05 8:14:17","","今までの爪切りと違い、切れ味が良かったです。収納のステンレスの容器もお洒落でテーブルに置いておきても違和感がなく買って良かったです。
切った爪が少しこぼれるのが星マイナス1つです","0","354660-20220901-0795734262",""
"商品レビュー","【 楽天1位受賞★レビュー特典付き 】＼クーポンで最大20％OFF！／爪切り 高級 ケース付き つめきり 巻き爪 飛び散らない プラス 微粒やすり 飛び散り防止 滑り止め爪切り 手足用 高品質爪切り RP1 PKT3-2F","https://review.rakuten.co.jp/item/1/354660_10001158/epqr-iajmp-ah494e_2_986614314/","4","2022/09/04 18:27:52","","使いやすいです。切った爪も飛び散らず まとめて捨てれて いい感じです～～  切れ味もいいですよ＾＾","0","354660-20220825-0080532079",""
"商品レビュー","【 楽天1位受賞★レビュー特典付き 】＼クーポンで最大20％OFF！／爪切り 高級 ケース付き つめきり 巻き爪 飛び散らない プラス 微粒やすり 飛び散り防止 滑り止め爪切り 手足用 高品質爪切り RP1 PKT3-2F","https://review.rakuten.co.jp/item/1/354660_10001158/epqr-iajm5-a7kouq_2_982913851/","4","2022/08/26 16:36:11","爪切り","切れ味がよく使いやすい、爪の切ったものも簡単に回収されて捨てられる。ケースにヤスリと爪切りが収納できるので持ち運びにも便利です。","0","354660-20220822-0074629931",""
"商品レビュー","【 楽天1位受賞★レビュー特典付き 】＼クーポンで最大20％OFF！／爪切り 高級 ケース付き つめきり 巻き爪 飛び散らない プラス 微粒やすり 飛び散り防止 滑り止め爪切り 手足用 高品質爪切り RP1 PKT3-2F","https://review.rakuten.co.jp/item/1/354660_10001158/epqr-iajm7-bvkvmo_1_965974072/","5","2022/08/25 11:36:22","切れ味がよい","とても切れ味がよく満足しています。愛用していきたいと思います。","0","354660-20220812-0232526360",""
"商品レビュー","【 楽天1位受賞★レビュー特典付き 】＼クーポンで最大20％OFF！／爪切り 高級 ケース付き つめきり 巻き爪 飛び散らない プラス 微粒やすり 飛び散り防止 滑り止め爪切り 手足用 高品質爪切り RP1 PKT3-2F","https://review.rakuten.co.jp/item/1/354660_10001158/epqr-iajmm-epph16_1_981389878/","5","2022/08/23 16:42:28","","迅速な対応ありがとうございました。とても使いやすいです","0","354660-20220821-0459529372",""
"商品レビュー","【 楽天1位受賞★レビュー特典付き 】＼クーポンで最大20％OFF！／爪切り 高級 ケース付き つめきり 巻き爪 飛び散らない プラス 微粒やすり 飛び散り防止 滑り止め爪切り 手足用 高品質爪切り RP1 PKT3-2F","https://review.rakuten.co.jp/item/1/354660_10001158/epqr-iajju-1jxzk6_1_922686116/","5","2022/08/23 12:44:49","","爪切りは100円ショップのもので十分、と思っていましたが使ってみたらもっと早くこちらを買えばよかったと思うくらい快適でした。デザインも良いですし、爪が飛び散らないのは本当に楽です。
あとは耐久性ですが２年くらいもつようならまた購入すると思います。","0","354660-20220725-0266918248",""
"商品レビュー","【 楽天1位受賞★レビュー特典付き 】＼クーポンで最大20％OFF！／爪切り 高級 ケース付き つめきり 巻き爪 飛び散らない プラス 微粒やすり 飛び散り防止 滑り止め爪切り 手足用 高品質爪切り RP1 PKT3-2F","https://review.rakuten.co.jp/item/1/354660_10001158/epqr-iajmh-f2uyfq_1_970189814/","5","2022/08/21 16:00:49","これ良いね。","此れマジで良いですね、蓋を閉めると使用でき、蓋を開けて爪を捨てて、片付ける。
思いもよらない、仕様に驚きと感心しました。
切れ味も満足しています。","0","354660-20220815-0567426731",""
"商品レビュー","【 楽天1位受賞★レビュー特典付き 】＼クーポンで最大20％OFF！／爪切り 高級 ケース付き つめきり 巻き爪 飛び散らない プラス 微粒やすり 飛び散り防止 滑り止め爪切り 手足用 高品質爪切り RP1 PKT3-2F","https://review.rakuten.co.jp/item/1/354660_10001158/epqr-iajmd-csr1cn_1_962024387/","5","2022/08/21 13:52:50","","安くなっていたので購入してみました。切れ味抜群で少し緊張します(笑)爪がまとめて捨てられるのも便利でいいと思いました。","0","354660-20220810-0347126023",""
"商品レビュー","【 楽天1位受賞★レビュー特典付き 】＼クーポンで最大20％OFF！／爪切り 高級 ケース付き つめきり 巻き爪 飛び散らない プラス 微粒やすり 飛び散り防止 滑り止め爪切り 手足用 高品質爪切り RP1 PKT3-2F","https://review.rakuten.co.jp/item/1/354660_10001158/epqr-iajlz-f9osf5_1_941762518/","4","2022/08/21 11:28:39","","コンビニに売ってる爪切りを使用してましたが、切れ味がいまいち、爪先がギザギザになるため、こちらを購入しました。切れ味も良くヤスリもいいです。ケースに入っているため無くす事もないです。","0","354660-20220803-0548521974",""
"商品レビュー","【 楽天1位受賞★レビュー特典付き 】＼クーポンで最大20％OFF！／爪切り 高級 ケース付き つめきり 巻き爪 飛び散らない プラス 微粒やすり 飛び散り防止 滑り止め爪切り 手足用 高品質爪切り RP1 PKT3-2F","https://review.rakuten.co.jp/item/1/354660_10001158/epqr-iajma-jzdq1a_1_946561434/","5","2022/08/20 23:30:50","使いやすい","切れ味もよく、飛び散りにくいので気に入ってます。","0","354660-20220805-0905622913",""
"商品レビュー","【 楽天1位受賞★レビュー特典付き 】＼クーポンで最大20％OFF！／爪切り 高級 ケース付き つめきり 巻き爪 飛び散らない プラス 微粒やすり 飛び散り防止 滑り止め爪切り 手足用 高品質爪切り RP1 PKT3-2F","https://review.rakuten.co.jp/item/1/354660_10001158/epqr-iajm2-bp8qdk_1_972835574/","3","2022/08/19 16:35:53","","切れ味はまあ普通。レビューで、Mでは小さいと読んだので、Lを注文したがそれでも小さいと感じます。最初使い方が解らなかった。","0","354660-20220817-0217726935",""
"商品レビュー","【 楽天1位受賞★レビュー特典付き 】＼クーポンで最大20％OFF！／爪切り 高級 ケース付き つめきり 巻き爪 飛び散らない プラス 微粒やすり 飛び散り防止 滑り止め爪切り 手足用 高品質爪切り RP1 PKT3-2F","https://review.rakuten.co.jp/item/1/354660_10001158/epqr-iajju-cjuk2z_1_924484159/","4","2022/08/16 20:22:22","","商品到着しました
使用感はまずまずで満足しております","0","354660-20220725-0327218471",""
"商品レビュー","【 楽天1位受賞★レビュー特典付き 】＼クーポンで最大20％OFF！／爪切り 高級 ケース付き つめきり 巻き爪 飛び散らない プラス 微粒やすり 飛び散り防止 滑り止め爪切り 手足用 高品質爪切り RP1 PKT3-2F","https://review.rakuten.co.jp/item/1/354660_10001158/epqr-iajmd-au5788_1_961783956/","4","2022/08/16 18:18:07","","初めて千円以上する爪切りを購入しました。爪がパチンと切れるので切れ味がよいと感じています。爪を切りすぎてしまいそうで最初は慎重に切りました。切り方にもよると思いますが、切った爪が少しこぼれることがありましたが、許容範囲と思います。爪を切るということに対して、安価な爪切りとの違いをあまり感じることができていないのですが、耐久性に違いがあると思っているのでそこに期待しています。
今のところ、付属のやすりを使う必要はなさそうです。","0","354660-20220810-0110026030",""
"商品レビュー","【 楽天1位受賞★レビュー特典付き 】＼クーポンで最大20％OFF！／爪切り 高級 ケース付き つめきり 巻き爪 飛び散らない プラス 微粒やすり 飛び散り防止 滑り止め爪切り 手足用 高品質爪切り RP1 PKT3-2F","https://review.rakuten.co.jp/item/1/354660_10001158/epqr-iajmd-gnb720_1_962877677/","5","2022/08/15 10:50:01","とても満足しています。","使い易いと思います。購入出来て良かったです。","0","354660-20220810-0636725268",""
"商品レビュー","【 楽天1位受賞★レビュー特典付き 】＼クーポンで最大20％OFF！／爪切り 高級 ケース付き つめきり 巻き爪 飛び散らない プラス 微粒やすり 飛び散り防止 滑り止め爪切り 手足用 高品質爪切り RP1 PKT3-2F","https://review.rakuten.co.jp/item/1/354660_10001158/epqr-iajme-hzxjlw_1_965021308/","2","2022/08/14 14:24:08","少し切りにくいです。","大人用を買いましたが、もう少し大きい方が、自分は切りやすいです。
やすりも、もの足りないです。","0","354660-20220811-0725426239",""
"商品レビュー","【 楽天1位受賞★レビュー特典付き 】＼クーポンで最大20％OFF！／爪切り 高級 ケース付き つめきり 巻き爪 飛び散らない プラス 微粒やすり 飛び散り防止 滑り止め爪切り 手足用 高品質爪切り RP1 PKT3-2F","https://review.rakuten.co.jp/item/1/354660_10001158/epqr-iajmd-i7ndp5_1_963206061/","5","2022/08/14 3:43:09","","使いやすく、切れやすい、爪切りでしたよ。","0","354660-20220810-0739926054",""
"商品レビュー","【 楽天1位受賞★レビュー特典付き 】＼クーポンで最大20％OFF！／爪切り 高級 ケース付き つめきり 巻き爪 飛び散らない プラス 微粒やすり 飛び散り防止 滑り止め爪切り 手足用 高品質爪切り RP1 PKT3-2F","https://review.rakuten.co.jp/item/1/354660_10001158/epqr-iajmb-fm5s5u_1_953711199/","5","2022/08/10 21:30:25","よい","切れ味抜群です。ケースはジャストサイズすぎて
蓋がすこし変形してましたが。。","0","354660-20220807-0573623237",""
"商品レビュー","【 楽天1位受賞★レビュー特典付き 】＼クーポンで最大20％OFF！／爪切り 高級 ケース付き つめきり 巻き爪 飛び散らない プラス 微粒やすり 飛び散り防止 滑り止め爪切り 手足用 高品質爪切り RP1 PKT3-2F","https://review.rakuten.co.jp/item/1/354660_10001158/epqr-iajm1-88zzd_2_955167235/","5","2022/08/10 17:58:01","","ブロンズを注文しました！自分的には色は少し黒掛かった感じで良かった！
爪切りとヤスリが別なのを探してたので丁度良い商品が見つかり満足です！","0","354660-20220808-0038024610",""
"商品レビュー","【 楽天1位受賞★レビュー特典付き 】＼クーポンで最大20％OFF！／爪切り 高級 ケース付き つめきり 巻き爪 飛び散らない プラス 微粒やすり 飛び散り防止 滑り止め爪切り 手足用 高品質爪切り RP1 PKT3-2F","https://review.rakuten.co.jp/item/1/354660_10001158/epqr-iajjx-ej8htm_1_931659225/","4","2022/08/08 19:58:45","","爪は切りやすいですが、容器から出す時が結構大変です。爪やすりはふちまで削る部分がないのであったら尚よかったなと思います。","0","354660-20220728-0447819533",""
"商品レビュー","【 楽天1位受賞★レビュー特典付き 】＼クーポンで最大20％OFF！／爪切り 高級 ケース付き つめきり 巻き爪 飛び散らない プラス 微粒やすり 飛び散り防止 滑り止め爪切り 手足用 高品質爪切り RP1 PKT3-2F","https://review.rakuten.co.jp/item/1/354660_10001158/epqr-iajju-jzv1nc_1_926698840/","4","2022/08/08 13:43:37","","今まで使ってた爪切りが足の爪とか切りにくくなったので、買い換えました。
硬い足の爪も簡単に切れました！一緒に付いてきた、爪や刷りも綺麗になります！","0","354660-20220725-0906718577",""
"商品レビュー","【 楽天1位受賞★レビュー特典付き 】＼クーポンで最大20％OFF！／爪切り 高級 ケース付き つめきり 巻き爪 飛び散らない プラス 微粒やすり 飛び散り防止 滑り止め爪切り 手足用 高品質爪切り RP1 PKT3-2F","https://review.rakuten.co.jp/item/1/354660_10001158/epqr-iajju-pkzzf_2_923441574/","5","2022/08/06 23:16:19","","つくりもしっかりしていて、箱入りなのでなくす心配なし。
切れ味も抜群で爪が飛び散りません。","0","354660-20220725-0036018405",""
"商品レビュー","【 楽天1位受賞★レビュー特典付き 】＼クーポンで最大20％OFF！／爪切り 高級 ケース付き つめきり 巻き爪 飛び散らない プラス 微粒やすり 飛び散り防止 滑り止め爪切り 手足用 高品質爪切り RP1 PKT3-2F","https://review.rakuten.co.jp/item/1/354660_10001158/epqr-iajma-bq3pa1_1_949477605/","5","2022/08/06 21:42:49","","爪切り大好きです！
こんなおしゃれのはなかなかないですね！","0","354660-20220805-0221223352",""
"商品レビュー","【 楽天1位受賞★レビュー特典付き 】＼クーポンで最大20％OFF！／爪切り 高級 ケース付き つめきり 巻き爪 飛び散らない プラス 微粒やすり 飛び散り防止 滑り止め爪切り 手足用 高品質爪切り RP1 PKT3-2F","https://review.rakuten.co.jp/item/1/354660_10001158/epqr-iajlz-99m6t9_1_941706430/","5","2022/08/04 14:48:10","","注文から１日で届き、早速試してみました。今までのようなハンドルをひっくり返すタイプではなく、爪だまりのフタをテコ当てにするところに感心。切れ味はサクサクという感じで、切り口も滑らかですね。まだ足の爪が伸びてないので、この後使うのが楽しみです。","0","354660-20220803-0125121998",""
"商品レビュー","【 楽天1位受賞★レビュー特典付き 】＼クーポンで最大20％OFF！／爪切り 高級 ケース付き つめきり 巻き爪 飛び散らない プラス 微粒やすり 飛び散り防止 滑り止め爪切り 手足用 高品質爪切り RP1 PKT3-2F","https://review.rakuten.co.jp/item/1/354660_10001158/epqr-iajjj-1actez_1_894912975/","4","2022/08/02 0:01:52","","シャンパンゴールドを購入しましたが、単体で見るとどう見てもシルバーです。
これがシャンパンゴールドなのか入れ間違いなのか判断出来ないので、袋にでも色の記載があると嬉しいです。
切れ味は良く、足の爪もサクッと切れます。","0","354660-20220710-0243812879",""
"商品レビュー","【 楽天1位受賞★レビュー特典付き 】＼クーポンで最大20％OFF！／爪切り 高級 ケース付き つめきり 巻き爪 飛び散らない プラス 微粒やすり 飛び散り防止 滑り止め爪切り 手足用 高品質爪切り RP1 PKT3-2F","https://review.rakuten.co.jp/item/1/354660_10001158/epqr-iajju-am91im_2_925965543/","5","2022/08/01 23:15:56","","シャンパンゴールドのLを買いました。
色も高級感があり、切れ味も良かったです。
小学生の子ども使いましたが、いい感じだねと言ってました。
ヤスリとケースもついてお得だと思います。","0","354660-20220725-0089118593",""
"商品レビュー","【 楽天1位受賞★レビュー特典付き 】＼クーポンで最大20％OFF！／爪切り 高級 ケース付き つめきり 巻き爪 飛び散らない プラス 微粒やすり 飛び散り防止 滑り止め爪切り 手足用 高品質爪切り RP1 PKT3-2F","https://review.rakuten.co.jp/item/1/354660_10001158/epqr-iajjq-e50jqq_1_909204100/","5","2022/07/30 11:54:02","","切れ味最高です。構造も理に適ってるというか‥よく考えられてるなぁーと思いました。ケースに入ってるのも持ち運びやすいし、ヤスリも使いやすいです☆
友達にもプレゼントしたいです。","0","354660-20220719-0453515315",""
"商品レビュー","【 楽天1位受賞★レビュー特典付き 】＼クーポンで最大20％OFF！／爪切り 高級 ケース付き つめきり 巻き爪 飛び散らない プラス 微粒やすり 飛び散り防止 滑り止め爪切り 手足用 高品質爪切り RP1 PKT3-2F","https://review.rakuten.co.jp/item/1/354660_10001158/epqr-iajjv-gpluro_1_928024534/","5","2022/07/30 8:29:50","","到着後さっそくつかってみましたが、切れ味の鋭さに感激しました、","0","354660-20220726-0640718660",""
"商品レビュー","【 楽天1位受賞★レビュー特典付き 】＼クーポンで最大20％OFF！／爪切り 高級 ケース付き つめきり 巻き爪 飛び散らない プラス 微粒やすり 飛び散り防止 滑り止め爪切り 手足用 高品質爪切り RP1 PKT3-2F","https://review.rakuten.co.jp/item/1/354660_10001158/epqr-iajju-h8cbxg_1_921750170/","4","2022/07/29 7:31:20","","シャンパンゴールドを頼みました。色はシルバー寄り？でした。切れ味抜群です！子どもも自分で切る！と喜んでいました！","0","354660-20220725-0702317818",""
"商品レビュー","【 楽天1位受賞★レビュー特典付き 】＼クーポンで最大20％OFF！／爪切り 高級 ケース付き つめきり 巻き爪 飛び散らない プラス 微粒やすり 飛び散り防止 滑り止め爪切り 手足用 高品質爪切り RP1 PKT3-2F","https://review.rakuten.co.jp/item/1/354660_10001158/epqr-iajjr-dk4u7a_1_910195580/","5","2022/07/27 21:57:46","","高級感があり、爪が飛び散らなくて使い易かったです。","0","354660-20220720-0389615473",""
"商品レビュー","【 楽天1位受賞★レビュー特典付き 】＼クーポンで最大20％OFF！／爪切り 高級 ケース付き つめきり 巻き爪 飛び散らない プラス 微粒やすり 飛び散り防止 滑り止め爪切り 手足用 高品質爪切り RP1 PKT3-2F","https://review.rakuten.co.jp/item/1/354660_10001158/epqr-iajj3-f9jd62_1_915673480/","4","2022/07/27 16:30:16","ケース付きで、しかも良く切れます。","あまり期待していませんでしたが、ケースに入っていて思いの外よく切れます。
おすすめします。
シャンパンゴールドを購入しましたが、誰がみてもシルバーです。","0","354660-20220721-0548216797",""
"商品レビュー","【 楽天1位受賞★レビュー特典付き 】＼クーポンで最大20％OFF！／爪切り 高級 ケース付き つめきり 巻き爪 飛び散らない プラス 微粒やすり 飛び散り防止 滑り止め爪切り 手足用 高品質爪切り RP1 PKT3-2F","https://review.rakuten.co.jp/item/1/354660_10001158/epqr-iajj6-g1e7lg_1_920919495/","5","2022/07/27 15:52:11","","発送も早く、届いてからすぐに使わせていただきました！
切れ味も良くとても満足です！
ケース付きなので、持ち運びも出来て便利だなと思いました。","0","354660-20220724-0611717770",""
"商品レビュー","【 楽天1位受賞★レビュー特典付き 】＼クーポンで最大20％OFF！／爪切り 高級 ケース付き つめきり 巻き爪 飛び散らない プラス 微粒やすり 飛び散り防止 滑り止め爪切り 手足用 高品質爪切り RP1 PKT3-2F","https://review.rakuten.co.jp/item/1/354660_10001158/epqr-iajju-e1eevs_1_924524845/","4","2022/07/27 15:50:09","切った跡がなめらか","1000円を超える爪切りを買ったのが初めてなので、安物との比較にはなりますが、切ったあとの、爪が引っかかる感じが少ないです。今まで使っていたものは、爪の表面が薄く割れて剥がれることが多かったですが、この爪切りは大丈夫でした。爪屑入れの蓋を反転させると爪切りが使えるようになる構造がよくできてると思いました。爪屑入れのスキマから、多少は落ちてしまいますが許容範囲です。
長く愛用したいと思います。
使用には問題ないですが、端の方が塗装が剥げていたのが残念です。
シャンパンゴールドを買いましたが、画像よりも赤みが少ない色味でした。
ヤスリの使い心地は普通です。","0","354660-20220725-0430318466",""
"商品レビュー","【 楽天1位受賞★レビュー特典付き 】＼クーポンで最大20％OFF！／爪切り 高級 ケース付き つめきり 巻き爪 飛び散らない プラス 微粒やすり 飛び散り防止 滑り止め爪切り 手足用 高品質爪切り RP1 PKT3-2F","https://review.rakuten.co.jp/item/1/354660_10001158/epqr-iajjr-25hdvd_1_910529823/","4","2022/07/27 15:06:11","","爪は飛ぶこともあります。力を込めずに綺麗に切れて良いです。子どもの爪もLサイズで切れそうです？黒もおしゃれ。","0","354660-20220720-0816815454",""
"商品レビュー","【 楽天1位受賞★レビュー特典付き 】＼クーポンで最大20％OFF！／爪切り 高級 ケース付き つめきり 巻き爪 飛び散らない プラス 微粒やすり 飛び散り防止 滑り止め爪切り 手足用 高品質爪切り RP1 PKT3-2F","https://review.rakuten.co.jp/item/1/354660_10001158/epqr-iajj6-2h3h3e_1_919555731/","5","2022/07/26 15:28:31","文句なしの使いやすさ","軽いチカラでとてもよく切れます。
今まで切れ味の悪い爪切りを使っていたので、ストレスから解放されました！
切った爪を収納する部分のフタを閉じると、爪が切れる状態にセットされます。
また、入っていたお手紙に、就職困難者の雇用促進をしているというご報告があり、感動しました。
切れ味悪くなったら、また購入したいので、店主さん、これからも頑張ってください！応援しています。","0","354660-20220724-0805717627",""
"商品レビュー","【 楽天1位受賞★レビュー特典付き 】＼クーポンで最大20％OFF！／爪切り 高級 ケース付き つめきり 巻き爪 飛び散らない プラス 微粒やすり 飛び散り防止 滑り止め爪切り 手足用 高品質爪切り RP1 PKT3-2F","https://review.rakuten.co.jp/item/1/354660_10001158/epqr-iajjr-axkai0_1_909797286/","5","2022/07/26 0:19:59","","中学生の娘に購入！ドラッグストアで購入し、5年程使用していた爪切りが切りにくくなったと言われて探したところ、レビューで切れ味がすごい！で、注文、二日後には届きました。見た事の無い仕様と高級感のあるケースにとても喜んでいました。さっそく使用して切れ味にびっくりしていました。","0","354660-20220720-0114915456",""
"商品レビュー","【 楽天1位受賞★レビュー特典付き 】＼クーポンで最大20％OFF！／爪切り 高級 ケース付き つめきり 巻き爪 飛び散らない プラス 微粒やすり 飛び散り防止 滑り止め爪切り 手足用 高品質爪切り RP1 PKT3-2F","https://review.rakuten.co.jp/item/1/354660_10001158/epqr-iajjo-hq5hxp_1_902809244/","5","2022/07/24 16:15:46","","使いやすい、とても素晴らしい対応でした。
是非また利用したいです。","0","354660-20220716-0704614341",""
"商品レビュー","【 楽天1位受賞★レビュー特典付き 】＼クーポンで最大20％OFF！／爪切り 高級 ケース付き つめきり 巻き爪 飛び散らない プラス 微粒やすり 飛び散り防止 滑り止め爪切り 手足用 高品質爪切り RP1 PKT3-2F","https://review.rakuten.co.jp/item/1/354660_10001158/epqr-iajjr-gq6iyb_1_912753975/","4","2022/07/24 10:44:37","","高評価が気になって購入しました。切れ味凄いです。切られ心地が気持ちいいなんて初めての感覚に笑っちゃいました。高いのは飛び散り防止ついてないのが多いイメージでしたが、こちらはちゃんと付いていて爪も飛び散らず良かったです。","0","354660-20220720-0644616039",""
"商品レビュー","【 楽天1位受賞★レビュー特典付き 】＼クーポンで最大20％OFF！／爪切り 高級 ケース付き つめきり 巻き爪 飛び散らない プラス 微粒やすり 飛び散り防止 滑り止め爪切り 手足用 高品質爪切り RP1 PKT3-2F","https://review.rakuten.co.jp/item/1/354660_10001158/epqr-iajjr-fzec8h_1_912538677/","5","2022/07/24 9:21:39","","初見の構造だったので一瞬使い方に迷いましたが切れ味良く、ケースもシンプルでおしゃれです。
これならもう引出しの中で迷子にならないですね（笑）。
お値段以上の満足感です。","0","354660-20220720-0603316019",""
"商品レビュー","【 楽天1位受賞★レビュー特典付き 】＼クーポンで最大20％OFF！／爪切り 高級 ケース付き つめきり 巻き爪 飛び散らない プラス 微粒やすり 飛び散り防止 滑り止め爪切り 手足用 高品質爪切り RP1 PKT3-2F","https://review.rakuten.co.jp/item/1/354660_10001158/epqr-iajjm-1aotuu_1_898015712/","5","2022/07/23 23:20:08","コスパ最高！迷ったらこれ！","切れ味も良く、使い勝手最高です！
非常にお値打ちな商品なので、迷ったらこれですね！","0","354660-20220713-0244513505",""
"商品レビュー","【 楽天1位受賞★レビュー特典付き 】＼クーポンで最大20％OFF！／爪切り 高級 ケース付き つめきり 巻き爪 飛び散らない プラス 微粒やすり 飛び散り防止 滑り止め爪切り 手足用 高品質爪切り RP1 PKT3-2F","https://review.rakuten.co.jp/item/1/354660_10001158/epqr-iajjq-1vfxoc_1_908777598/","5","2022/07/23 22:43:22","","どなたかのレビューでも爪がちび散らないとありましたが、全然期待してませんでしたがほんとに切った爪がほとんど(今回は全部かも）中に納まってました。すごい！切れ味も問題なく良かったです。あとは長持ちして欲しいなぁ。","0","354660-20220719-0292715285",""
"商品レビュー","【 楽天1位受賞★レビュー特典付き 】＼クーポンで最大20％OFF！／爪切り 高級 ケース付き つめきり 巻き爪 飛び散らない プラス 微粒やすり 飛び散り防止 滑り止め爪切り 手足用 高品質爪切り RP1 PKT3-2F","https://review.rakuten.co.jp/item/1/354660_10001158/epqr-iajjr-dcsdb0_1_912720574/","5","2022/07/22 23:57:24","","足の爪切り用に購入しました。
良く切れます。","0","354660-20220720-0372416076",""
"商品レビュー","【 楽天1位受賞★レビュー特典付き 】＼クーポンで最大20％OFF！／爪切り 高級 ケース付き つめきり 巻き爪 飛び散らない プラス 微粒やすり 飛び散り防止 滑り止め爪切り 手足用 高品質爪切り RP1 PKT3-2F","https://review.rakuten.co.jp/item/1/354660_10001158/epqr-iajjj-knxhcj_1_894286510/","5","2022/07/22 20:36:30","使い易い。切れ味も良い。","素晴らしい切れ味。初め使い方を迷いましたが、今までの爪切りとは少し違い、とても使い易いです。気に入りました。子供用に買って良かったです。","0","354660-20220710-0940412786",""
"商品レビュー","【 楽天1位受賞★レビュー特典付き 】＼クーポンで最大20％OFF！／爪切り 高級 ケース付き つめきり 巻き爪 飛び散らない プラス 微粒やすり 飛び散り防止 滑り止め爪切り 手足用 高品質爪切り RP1 PKT3-2F","https://review.rakuten.co.jp/item/1/354660_10001158/epqr-iajjp-7ssar8_1_905397873/","5","2022/07/22 13:05:14","最高。","かっこよくて、使いやすい！
配送も早かったです！","0","354660-20220717-0528614662",""
"商品レビュー","【 楽天1位受賞★レビュー特典付き 】＼クーポンで最大20％OFF！／爪切り 高級 ケース付き つめきり 巻き爪 飛び散らない プラス 微粒やすり 飛び散り防止 滑り止め爪切り 手足用 高品質爪切り RP1 PKT3-2F","https://review.rakuten.co.jp/item/1/354660_10001158/epqr-iajjj-i461ah_1_892576816/","5","2022/07/22 12:39:15","","使いやすいです。ケースに収まるので便利です。","0","354660-20220710-0784012655",""
"商品レビュー","【 楽天1位受賞★レビュー特典付き 】＼クーポンで最大20％OFF！／爪切り 高級 ケース付き つめきり 巻き爪 飛び散らない プラス 微粒やすり 飛び散り防止 滑り止め爪切り 手足用 高品質爪切り RP1 PKT3-2F","https://review.rakuten.co.jp/item/1/354660_10001158/epqr-iajid-2dey33_1_867469726/","2","2022/07/22 9:49:46","","ステンレスの良い点なのでしょうか？とても切る易かった。 
最近は切れすぎて危ないので使ってません。","0","354660-20220630-0796508269",""
"商品レビュー","【 楽天1位受賞★レビュー特典付き 】＼クーポンで最大20％OFF！／爪切り 高級 ケース付き つめきり 巻き爪 飛び散らない プラス 微粒やすり 飛び散り防止 滑り止め爪切り 手足用 高品質爪切り RP1 PKT3-2F","https://review.rakuten.co.jp/item/1/354660_10001158/epqr-iajjr-2vlklr_1_909552224/","5","2022/07/21 22:14:00","","ゴールドとシルバーを頼みました。ぱっとみ色の違いが判らなかった…が、爪を切った感じはスムーズで高級感感じました。","0","354660-20220720-0837215304",""
"商品レビュー","【 楽天1位受賞★レビュー特典付き 】＼クーポンで最大20％OFF！／爪切り 高級 ケース付き つめきり 巻き爪 飛び散らない プラス 微粒やすり 飛び散り防止 滑り止め爪切り 手足用 高品質爪切り RP1 PKT3-2F","https://review.rakuten.co.jp/item/1/354660_10001158/epqr-iajjn-i49kja_1_902387203/","4","2022/07/21 21:16:55","","切れ味がよく、切った後にバリが残りません。切った爪が飛び散らないのも良いです。","0","354660-20220715-0782814313",""
"商品レビュー","【 楽天1位受賞★レビュー特典付き 】＼クーポンで最大20％OFF！／爪切り 高級 ケース付き つめきり 巻き爪 飛び散らない プラス 微粒やすり 飛び散り防止 滑り止め爪切り 手足用 高品質爪切り RP1 PKT3-2F","https://review.rakuten.co.jp/item/1/354660_10001158/epqr-iajj8-93juz2_1_906584539/","5","2022/07/21 19:09:54","高級感ある色合いで爪切り楽しみに","ケース、ヤスリなどもしっかりしたものが付いており、とてもお得感ありました。
色がとてもキレイです。
切れ味も良いです。","0","354660-20220718-0163614793",""
"商品レビュー","【 楽天1位受賞★レビュー特典付き 】＼クーポンで最大20％OFF！／爪切り 高級 ケース付き つめきり 巻き爪 飛び散らない プラス 微粒やすり 飛び散り防止 滑り止め爪切り 手足用 高品質爪切り RP1 PKT3-2F","https://review.rakuten.co.jp/item/1/354660_10001158/epqr-iajjp-k9limd_1_904348344/","4","2022/07/21 13:03:29","","今まで使っていた爪切りは、爪が飛ばないようにプラスチックのケースで爪切りのサイドをカバーしている形で、爪を取り出すときも歯の間から捨てていましたが、この爪切りの場合、蓋が本体の真ん中についているので、そこから取り出す仕組みが新しいと思いました。蓋を閉めないと爪切りが使えない仕組みにもなっています。あまり力を入れずに切れるし、なかなか考えて設計されたのだと思います。","0","354660-20220717-0911114538",""
"商品レビュー","【 楽天1位受賞★レビュー特典付き 】＼クーポンで最大20％OFF！／爪切り 高級 ケース付き つめきり 巻き爪 飛び散らない プラス 微粒やすり 飛び散り防止 滑り止め爪切り 手足用 高品質爪切り RP1 PKT3-2F","https://review.rakuten.co.jp/item/1/354660_10001158/epqr-iajjn-c1ynov_1_902515407/","5","2022/07/20 19:42:40","切れ味抜群","商品が到着を楽しみにしていたので届き次第直ぐに使用してみました。切れ味抜群で、爪も飛び散らない為すごく使い易いです。永く愛用したいと思います。","0","354660-20220715-0310614366",""
"商品レビュー","【 楽天1位受賞★レビュー特典付き 】＼クーポンで最大20％OFF！／爪切り 高級 ケース付き つめきり 巻き爪 飛び散らない プラス 微粒やすり 飛び散り防止 滑り止め爪切り 手足用 高品質爪切り RP1 PKT3-2F","https://review.rakuten.co.jp/item/1/354660_10001158/epqr-iajj5-24h3sf_1_899912078/","5","2022/07/20 17:44:34","","切れ味が抜群で、とても使いやすいです!！
爪が捨てやすい点もgoodです(*^^*)","0","354660-20220714-0843713793",""
"商品レビュー","【 楽天1位受賞★レビュー特典付き 】＼クーポンで最大20％OFF！／爪切り 高級 ケース付き つめきり 巻き爪 飛び散らない プラス 微粒やすり 飛び散り防止 滑り止め爪切り 手足用 高品質爪切り RP1 PKT3-2F","https://review.rakuten.co.jp/item/1/354660_10001158/epqr-iajjo-ax1gur_1_903745322/","5","2022/07/20 16:52:19","","値段の割に高級感があります。
とても切りやすいです。","0","354660-20220716-0114414540",""
"商品レビュー","【 楽天1位受賞★レビュー特典付き 】＼クーポンで最大20％OFF！／爪切り 高級 ケース付き つめきり 巻き爪 飛び散らない プラス 微粒やすり 飛び散り防止 滑り止め爪切り 手足用 高品質爪切り RP1 PKT3-2F","https://review.rakuten.co.jp/item/1/354660_10001158/epqr-iajjo-hw0je2_1_903392198/","5","2022/07/20 12:07:13","ケース付きで良い！","娘婿にプレゼントを探してまして、毎年毎年すごく悩むんですが、前に爪を丁寧に切ってヤスリで整えてる姿を見たことがあったので、爪切りを。
結構長い時間丁寧に丁寧に爪切りをする子なので
かっこいいよく切れそうな爪切りをプレゼントしようと、、。ケースもついてるし大切に使ってくれそうなので、この商品にしました。
ラッピングする前に見てみたら素敵じゃないか、、わたしも欲しい！！て思いました。
来月くらいに私も購入しようかと。
そのときはまたお願いします","0","354660-20220716-0717214441",""
"商品レビュー","【 楽天1位受賞★レビュー特典付き 】＼クーポンで最大20％OFF！／爪切り 高級 ケース付き つめきり 巻き爪 飛び散らない プラス 微粒やすり 飛び散り防止 滑り止め爪切り 手足用 高品質爪切り RP1 PKT3-2F","https://review.rakuten.co.jp/item/1/354660_10001158/epqr-iajjl-i0pv5l_1_897791131/","5","2022/07/18 13:36:10","","切った爪が飛びにくく、とても使いやすいです。","0","354660-20220712-0726613432",""
"商品レビュー","【 楽天1位受賞★レビュー特典付き 】＼クーポンで最大20％OFF！／爪切り 高級 ケース付き つめきり 巻き爪 飛び散らない プラス 微粒やすり 飛び散り防止 滑り止め爪切り 手足用 高品質爪切り RP1 PKT3-2F","https://review.rakuten.co.jp/item/1/354660_10001158/epqr-iajjn-bk4tbs_1_900834763/","4","2022/07/18 10:31:09","","切れ味もよく、爪も飛び散らなくて良い商品でした。ちょっと大きいかな。","0","354660-20220715-0208214198",""
"商品レビュー","【 楽天1位受賞★レビュー特典付き 】＼クーポンで最大20％OFF！／爪切り 高級 ケース付き つめきり 巻き爪 飛び散らない プラス 微粒やすり 飛び散り防止 滑り止め爪切り 手足用 高品質爪切り RP1 PKT3-2F","https://review.rakuten.co.jp/item/1/354660_10001158/epqr-iajj5-gxt48l_1_900187943/","5","2022/07/16 18:10:48","","剛性がたかくて足の分厚い爪も安心して切れます。買って良かったです。","0","354660-20220714-0659714056",""
"商品レビュー","【 楽天1位受賞★レビュー特典付き 】＼クーポンで最大20％OFF！／爪切り 高級 ケース付き つめきり 巻き爪 飛び散らない プラス 微粒やすり 飛び散り防止 滑り止め爪切り 手足用 高品質爪切り RP1 PKT3-2F","https://review.rakuten.co.jp/item/1/354660_10001158/epqr-iajjf-7pgxv7_1_878903156/","4","2022/07/16 14:16:14","","切りやすい！やすりがついてくるのも嬉しい！","0","354660-20220705-0519510464",""
"商品レビュー","【 楽天1位受賞★レビュー特典付き 】＼クーポンで最大20％OFF！／爪切り 高級 ケース付き つめきり 巻き爪 飛び散らない プラス 微粒やすり 飛び散り防止 滑り止め爪切り 手足用 高品質爪切り RP1 PKT3-2F","https://review.rakuten.co.jp/item/1/354660_10001158/epqr-iajjj-lb489s_1_891805934/","5","2022/07/15 21:14:18","","とても切りやすいです。あまり力を入れずに切ることができました。使い心地、デザイン共に満足です。","0","354660-20220710-0974112578",""
"商品レビュー","【 楽天1位受賞★レビュー特典付き 】＼クーポンで最大20％OFF！／爪切り 高級 ケース付き つめきり 巻き爪 飛び散らない プラス 微粒やすり 飛び散り防止 滑り止め爪切り 手足用 高品質爪切り RP1 PKT3-2F","https://review.rakuten.co.jp/item/1/354660_10001158/epqr-iajj7-b4qquo_1_873951771/","5","2022/07/15 17:13:47","爪きり","力を入れすぎず、爪が切れます。
飛び散らないし、良い商品です。","0","354660-20220704-0239609432",""
"商品レビュー","【 楽天1位受賞★レビュー特典付き 】＼クーポンで最大20％OFF！／爪切り 高級 ケース付き つめきり 巻き爪 飛び散らない プラス 微粒やすり 飛び散り防止 滑り止め爪切り 手足用 高品質爪切り RP1 PKT3-2F","https://review.rakuten.co.jp/item/1/354660_10001158/epqr-iajjj-g7xk4v_1_888950347/","5","2022/07/15 16:07:14","","爪切りを新調しました。ゴールドを買った気がしましたが、シルバーに色が近いかな？","0","354660-20220710-0619612374",""
"商品レビュー","【 楽天1位受賞★レビュー特典付き 】＼クーポンで最大20％OFF！／爪切り 高級 ケース付き つめきり 巻き爪 飛び散らない プラス 微粒やすり 飛び散り防止 滑り止め爪切り 手足用 高品質爪切り RP1 PKT3-2F","https://review.rakuten.co.jp/item/1/354660_10001158/epqr-iajj5-d2u8ch_1_899557842/","4","2022/07/15 15:52:10","","シャンパンゴールドを購入。
色合いについては、シルバーなのかシャンパンゴールドなのか分かりにくいですが、、、切れ味はとてもよかったです！","0","354660-20220714-0386013791",""
"商品レビュー","【 楽天1位受賞★レビュー特典付き 】＼クーポンで最大20％OFF！／爪切り 高級 ケース付き つめきり 巻き爪 飛び散らない プラス 微粒やすり 飛び散り防止 滑り止め爪切り 手足用 高品質爪切り RP1 PKT3-2F","https://review.rakuten.co.jp/item/1/354660_10001158/epqr-iajjl-enh5o6_1_896762221/","5","2022/07/15 12:33:14","","シャンパンゴールドとシルバーの違いがちょっとわかんないけど、若干ゴールド？でもさりげないシャンパンゴールドなので良い感じで良かったです。持っていた爪切り5年以上前ので、切れ味が悪くなったので、人生で初めてのちょっと高級な爪切り購入&#9835;良かったです！！","0","354660-20220712-0455713228",""
"商品レビュー","【 楽天1位受賞★レビュー特典付き 】＼クーポンで最大20％OFF！／爪切り 高級 ケース付き つめきり 巻き爪 飛び散らない プラス 微粒やすり 飛び散り防止 滑り止め爪切り 手足用 高品質爪切り RP1 PKT3-2F","https://review.rakuten.co.jp/item/1/354660_10001158/epqr-iajjd-hysw79_1_870561691/","4","2022/07/14 23:52:34","","切れ味抜群でした。
買ってよかったです(^-^)
ヤスリも使いやすくて滑らかになり両方良かった。","0","354660-20220702-0721808786",""
"商品レビュー","【 楽天1位受賞★レビュー特典付き 】＼クーポンで最大20％OFF！／爪切り 高級 ケース付き つめきり 巻き爪 飛び散らない プラス 微粒やすり 飛び散り防止 滑り止め爪切り 手足用 高品質爪切り RP1 PKT3-2F","https://review.rakuten.co.jp/item/1/354660_10001158/epqr-iajjj-iswa8m_1_891581933/","4","2022/07/14 21:18:33","良い","持つとずっしりと重量感を感じるが、とても切りやすかった。","0","354660-20220710-0770712569",""
"商品レビュー","【 楽天1位受賞★レビュー特典付き 】＼クーポンで最大20％OFF！／爪切り 高級 ケース付き つめきり 巻き爪 飛び散らない プラス 微粒やすり 飛び散り防止 滑り止め爪切り 手足用 高品質爪切り RP1 PKT3-2F","https://review.rakuten.co.jp/item/1/354660_10001158/epqr-iajjk-azzpfa_1_896553625/","5","2022/07/14 15:35:15","","本日受け取りました。今まで百均の爪切りしか使ったことがなく、今回こちらの商品を購入しました。今まで使った爪切りより切る力もいらず、切れ味もよく満足です。","0","354660-20220711-0120913237",""
"商品レビュー","【 楽天1位受賞★レビュー特典付き 】＼クーポンで最大20％OFF！／爪切り 高級 ケース付き つめきり 巻き爪 飛び散らない プラス 微粒やすり 飛び散り防止 滑り止め爪切り 手足用 高品質爪切り RP1 PKT3-2F","https://review.rakuten.co.jp/item/1/354660_10001158/epqr-iajjm-1lw817_1_898179651/","5","2022/07/14 13:33:00","","素早いご対応ありがとうございました。
切れ味も良く、良い商品だと思います。","0","354660-20220713-0270213560",""
"商品レビュー","【 楽天1位受賞★レビュー特典付き 】＼クーポンで最大20％OFF！／爪切り 高級 ケース付き つめきり 巻き爪 飛び散らない プラス 微粒やすり 飛び散り防止 滑り止め爪切り 手足用 高品質爪切り RP1 PKT3-2F","https://review.rakuten.co.jp/item/1/354660_10001158/epqr-iajjj-azfvrs_1_889017715/","5","2022/07/14 6:11:29","","対応が早くたすかりました。届いた商品を息子が早速試しましたが「これいいね」と喜んでいました。","0","354660-20220710-0119712410",""
"商品レビュー","【 楽天1位受賞★レビュー特典付き 】＼クーポンで最大20％OFF！／爪切り 高級 ケース付き つめきり 巻き爪 飛び散らない プラス 微粒やすり 飛び散り防止 滑り止め爪切り 手足用 高品質爪切り RP1 PKT3-2F","https://review.rakuten.co.jp/item/1/354660_10001158/epqr-iajjj-1qd67f_1_889092340/","4","2022/07/13 8:14:25","","今まで100均の爪切りや20年前のを使用していて、今回購入したのがくるりんと回さないタイプではじめは戸惑いましたが…コレは最高!!使い安い!!
長年愛用したいです。","0","354660-20220710-0280812393",""
"商品レビュー","【 楽天1位受賞★レビュー特典付き 】＼クーポンで最大20％OFF！／爪切り 高級 ケース付き つめきり 巻き爪 飛び散らない プラス 微粒やすり 飛び散り防止 滑り止め爪切り 手足用 高品質爪切り RP1 PKT3-2F","https://review.rakuten.co.jp/item/1/354660_10001158/epqr-iajjj-1n8d3u_1_890756550/","5","2022/07/12 20:32:04","","爪が飛び散らないのが最高すぎて
泣いてしまった","0","354660-20220710-0274812545",""
"商品レビュー","【 楽天1位受賞★レビュー特典付き 】＼クーポンで最大20％OFF！／爪切り 高級 ケース付き つめきり 巻き爪 飛び散らない プラス 微粒やすり 飛び散り防止 滑り止め爪切り 手足用 高品質爪切り RP1 PKT3-2F","https://review.rakuten.co.jp/item/1/354660_10001158/epqr-iajj2-14ccr4_1_888212586/","5","2022/07/12 20:17:37","","早速使ったら、足の爪でも、切りやすく、使いやすいです。","0","354660-20220709-0299212306",""
"商品レビュー","【 楽天1位受賞★レビュー特典付き 】＼クーポンで最大20％OFF！／爪切り 高級 ケース付き つめきり 巻き爪 飛び散らない プラス 微粒やすり 飛び散り防止 滑り止め爪切り 手足用 高品質爪切り RP1 PKT3-2F","https://review.rakuten.co.jp/item/1/354660_10001158/epqr-iajjh-clq3ql_1_884590641/","4","2022/07/12 20:03:41","","配送も早くて、何より高級感のある見た目と、使いやすさがとても良かったです！","0","354660-20220707-0330311068",""
"商品レビュー","【 楽天1位受賞★レビュー特典付き 】＼クーポンで最大20％OFF！／爪切り 高級 ケース付き つめきり 巻き爪 飛び散らない プラス 微粒やすり 飛び散り防止 滑り止め爪切り 手足用 高品質爪切り RP1 PKT3-2F","https://review.rakuten.co.jp/item/1/354660_10001158/epqr-iajjj-i5au45_1_892756322/","5","2022/07/12 19:37:41","色彩、切れ味使いやすさ大満足","見た目高級感あるゴールド＆ケース大変気に入りました！切れ味も何の問題もなく簡単に切れます！何よりも切った爪は本体のカバー内に入る為100パー飛び散りようがないのがなかなかの出来かと！素晴らしいです。今回は本当にありがとうございました！","0","354660-20220710-0755912682",""
"商品レビュー","【 楽天1位受賞★レビュー特典付き 】＼クーポンで最大20％OFF！／爪切り 高級 ケース付き つめきり 巻き爪 飛び散らない プラス 微粒やすり 飛び散り防止 滑り止め爪切り 手足用 高品質爪切り RP1 PKT3-2F","https://review.rakuten.co.jp/item/1/354660_10001158/epqr-iajjj-1vcoin_1_894293359/","5","2022/07/12 19:11:40","","爪を切る際、力をほとんどいれずにスムーズに整えることができたので、個人的に使いやすいです。","0","354660-20220710-0292512835",""
"商品レビュー","【 楽天1位受賞★レビュー特典付き 】＼クーポンで最大20％OFF！／爪切り 高級 ケース付き つめきり 巻き爪 飛び散らない プラス 微粒やすり 飛び散り防止 滑り止め爪切り 手足用 高品質爪切り RP1 PKT3-2F","https://review.rakuten.co.jp/item/1/354660_10001158/epqr-iajdl-l7jcdm_1_700712996/","5","2022/07/12 18:02:54","","とても良い。高級感あるしよく切れる。そしてこの値段。満足です。","0","354660-20220424-0981555641",""
"商品レビュー","【 楽天1位受賞★レビュー特典付き 】＼クーポンで最大20％OFF！／爪切り 高級 ケース付き つめきり 巻き爪 飛び散らない プラス 微粒やすり 飛び散り防止 滑り止め爪切り 手足用 高品質爪切り RP1 PKT3-2F","https://review.rakuten.co.jp/item/1/354660_10001158/epqr-iajjj-2g88yy_1_891897452/","4","2022/07/12 17:59:19","","爪屑が捨てやすく使いやすいです。長く使いたいと思います。","0","354660-20220710-0803912613",""
"商品レビュー","【 楽天1位受賞★レビュー特典付き 】＼クーポンで最大20％OFF！／爪切り 高級 ケース付き つめきり 巻き爪 飛び散らない プラス 微粒やすり 飛び散り防止 滑り止め爪切り 手足用 高品質爪切り RP1 PKT3-2F","https://review.rakuten.co.jp/item/1/354660_10001158/epqr-iajjj-78xuq8_1_889289565/","5","2022/07/12 17:00:39","使いやすい","流石に１００均などの爪切りとは、作りのしっかりさ、切れ味が違います。","0","354660-20220710-0522212386",""
"商品レビュー","【 楽天1位受賞★レビュー特典付き 】＼クーポンで最大20％OFF！／爪切り 高級 ケース付き つめきり 巻き爪 飛び散らない プラス 微粒やすり 飛び散り防止 滑り止め爪切り 手足用 高品質爪切り RP1 PKT3-2F","https://review.rakuten.co.jp/item/1/354660_10001158/epqr-iajjj-hmyux_2_893051337/","3","2022/07/12 16:02:37","ヤスリがガラスではなく残念","２ヶ月くらい前の口コミ＆写真や、ＨＰ商品写真の白っぽさを見て、ガラス製のヤスリだと思っていましたが、届いたのが黒いステンレス？のヤスリでちょっと残念でした。
ブロンズは商品のカーブに沿い色の深みがあり、オシャレでした。","0","354660-20220710-0019312772",""
"商品レビュー","【 楽天1位受賞★レビュー特典付き 】＼クーポンで最大20％OFF！／爪切り 高級 ケース付き つめきり 巻き爪 飛び散らない プラス 微粒やすり 飛び散り防止 滑り止め爪切り 手足用 高品質爪切り RP1 PKT3-2F","https://review.rakuten.co.jp/item/1/354660_10001158/epqr-iajjj-fdkvf7_1_888595686/","3","2022/07/12 11:50:00","これがシャンパンゴールド……？","到着までとても早くて良かったです。シャンパンゴールドを注文したはずなのに、普通のシルバーに見えるのが疑問ですが､爪の切り心地は良いです。しかし、手持ちのステンレスのカトラリーと同じ色合いのシャンパンゴールドの謎……これは本当にシャンパンゴールドなのでしょうか……(写真参照)","0","354660-20220710-0555012332",""
"商品レビュー","【 楽天1位受賞★レビュー特典付き 】＼クーポンで最大20％OFF！／爪切り 高級 ケース付き つめきり 巻き爪 飛び散らない プラス 微粒やすり 飛び散り防止 滑り止め爪切り 手足用 高品質爪切り RP1 PKT3-2F","https://review.rakuten.co.jp/item/1/354660_10001158/epqr-iajib-hmknre_1_861151156/","5","2022/07/10 23:04:04","","個人的に本体にヤスリが付いているものを好んでいますが、軽い力でパチパチ切れるところや、飛び散り防止のポケットがいい仕事しているところが高ポイントで星5つです。","0","354660-20220627-0694406743",""
"商品レビュー","【 楽天1位受賞★レビュー特典付き 】＼クーポンで最大20％OFF！／爪切り 高級 ケース付き つめきり 巻き爪 飛び散らない プラス 微粒やすり 飛び散り防止 滑り止め爪切り 手足用 高品質爪切り RP1 PKT3-2F","https://review.rakuten.co.jp/item/1/354660_10001158/epqr-iaji9-kpcdt0_1_859522393/","3","2022/07/10 13:09:22","","商品はオシャレでかっこいいのですが、表面に打痕のようなものがあったので星3にさせていただきます。","0","354660-20220626-0942506604",""
"商品レビュー","【 楽天1位受賞★レビュー特典付き 】＼クーポンで最大20％OFF！／爪切り 高級 ケース付き つめきり 巻き爪 飛び散らない プラス 微粒やすり 飛び散り防止 滑り止め爪切り 手足用 高品質爪切り RP1 PKT3-2F","https://review.rakuten.co.jp/item/1/354660_10001158/epqr-iajjg-jb6v1w_1_881969309/","5","2022/07/09 21:38:13","","今まで使っていた物が長年使っていたためか切れが悪くなったため購入しました。少し小ぶりですがよく切れます♪ちょっと重いかな。使っているうちに慣れるでしょう。満足な商品でした。","0","354660-20220706-0852910735",""
"商品レビュー","【 楽天1位受賞★レビュー特典付き 】＼クーポンで最大20％OFF！／爪切り 高級 ケース付き つめきり 巻き爪 飛び散らない プラス 微粒やすり 飛び散り防止 滑り止め爪切り 手足用 高品質爪切り RP1 PKT3-2F","https://review.rakuten.co.jp/item/1/354660_10001158/epqr-iajib-e760or_1_862234258/","4","2022/07/09 16:24:36","","切れ味も良く、満足してます。
あとは、この切れ味がどのくらい持つか...","0","354660-20220627-0438007272",""
"商品レビュー","【 楽天1位受賞★レビュー特典付き 】＼クーポンで最大20％OFF！／爪切り 高級 ケース付き つめきり 巻き爪 飛び散らない プラス 微粒やすり 飛び散り防止 滑り止め爪切り 手足用 高品質爪切り RP1 PKT3-2F","https://review.rakuten.co.jp/item/1/354660_10001158/epqr-iajjh-efmu2h_1_883882170/","5","2022/07/09 15:06:27","","今まで100円ショップの物を使用してましたが、
違いの凄さを実感しました。切れ味抜群です。","0","354660-20220707-0439210991",""
"商品レビュー","【 楽天1位受賞★レビュー特典付き 】＼クーポンで最大20％OFF！／爪切り 高級 ケース付き つめきり 巻き爪 飛び散らない プラス 微粒やすり 飛び散り防止 滑り止め爪切り 手足用 高品質爪切り RP1 PKT3-2F","https://review.rakuten.co.jp/item/1/354660_10001158/epqr-iajjf-eiqj2l_1_877276278/","5","2022/07/08 19:22:54","","丁寧に梱包されていて、爪切りも切りやすくて良い","0","354660-20220705-0444510340",""
"商品レビュー","【 楽天1位受賞★レビュー特典付き 】＼クーポンで最大20％OFF！／爪切り 高級 ケース付き つめきり 巻き爪 飛び散らない プラス 微粒やすり 飛び散り防止 滑り止め爪切り 手足用 高品質爪切り RP1 PKT3-2F","https://review.rakuten.co.jp/item/1/354660_10001158/epqr-iajjf-jjidp0_1_875563040/","5","2022/07/08 13:06:51","お値段以上の爪切りでした！","数点の爪切りを見た中で、レビューを読み満足度の高い、こちらの爪切りを購入、色はシャンパンゴールド。
普通の爪切りを使っていた私にとっては、使用した第一声は、「何じゃこれ(笑)」でした！久しぶりに感動してしまいました！力は少しでOK！使いやすく、切れ味もバッチリ！デザインも素敵！ケースもついてるから、持ち運びも便利だし、紛失することもなさそうです。「買って良かったぁ！この爪切り、すごいよ！」と、思わず旦那さんに言っていました。おすすめできる爪切りです！","0","354660-20220705-0870609492",""
"商品レビュー","【 楽天1位受賞★レビュー特典付き 】＼クーポンで最大20％OFF！／爪切り 高級 ケース付き つめきり 巻き爪 飛び散らない プラス 微粒やすり 飛び散り防止 滑り止め爪切り 手足用 高品質爪切り RP1 PKT3-2F","https://review.rakuten.co.jp/item/1/354660_10001158/epqr-iajjg-e9qhr6_1_881501287/","4","2022/07/08 12:01:18","","前まで使っていた爪切りの切れ味が悪くなってしまったのでこちらを購入しました。爪やすり付きでこの値段だったので満足しています。","0","354660-20220706-0427710700",""
"商品レビュー","【 楽天1位受賞★レビュー特典付き 】＼クーポンで最大20％OFF！／爪切り 高級 ケース付き つめきり 巻き爪 飛び散らない プラス 微粒やすり 飛び散り防止 滑り止め爪切り 手足用 高品質爪切り RP1 PKT3-2F","https://review.rakuten.co.jp/item/1/354660_10001158/epqr-iajjf-ffx1b1_1_878319823/","5","2022/07/07 19:21:03","お勧めできます(^^)","オシャレな見た目で価格も手頃でしたので購入しました。
金属ケースに入っており、
爪切り本体の表面はやや指紋が気になるものの、
かなり高級感があり満足しています。
やすりが独立しているのは好みが分かれる所ですが
個人的には好印象でした(^^)
実際の使い心地も爪をしっかり捉えてくれます。
おすすめです。","0","354660-20220705-0560810416",""
"商品レビュー","【 楽天1位受賞★レビュー特典付き 】＼クーポンで最大20％OFF！／爪切り 高級 ケース付き つめきり 巻き爪 飛び散らない プラス 微粒やすり 飛び散り防止 滑り止め爪切り 手足用 高品質爪切り RP1 PKT3-2F","https://review.rakuten.co.jp/item/1/354660_10001158/epqr-iajjc-ip6tvq_1_869076192/","5","2022/07/07 19:03:59","","今まで使ってきた爪切りとまったく違って使いやすいです。少しの力で切れ、滑らかな切り心地でとっても気に入りました！","0","354660-20220701-0762208511",""
"商品レビュー","【 楽天1位受賞★レビュー特典付き 】＼クーポンで最大20％OFF！／爪切り 高級 ケース付き つめきり 巻き爪 飛び散らない プラス 微粒やすり 飛び散り防止 滑り止め爪切り 手足用 高品質爪切り RP1 PKT3-2F","https://review.rakuten.co.jp/item/1/354660_10001158/epqr-iajjc-awysop_1_867820831/","5","2022/07/07 15:36:26","買って良かった。","切れ味抜群で、使い心地も素晴らしかった、価格も手頃で、友達にも勧めたい爪切りです。","0","354660-20220701-0114108357",""
"商品レビュー","【 楽天1位受賞★レビュー特典付き 】＼クーポンで最大20％OFF！／爪切り 高級 ケース付き つめきり 巻き爪 飛び散らない プラス 微粒やすり 飛び散り防止 滑り止め爪切り 手足用 高品質爪切り RP1 PKT3-2F","https://review.rakuten.co.jp/item/1/354660_10001158/epqr-iajjf-fuq3fq_1_877066340/","5","2022/07/07 14:51:13","一家に一つと言うより各階に一つ欲しい","とても切りやすく、力も要りません。
値段も手頃だし、1階用、2階用で別々に買っても良い商品なので、また注文します。","0","354660-20220705-0594010283",""
"商品レビュー","【 楽天1位受賞★レビュー特典付き 】＼クーポンで最大20％OFF！／爪切り 高級 ケース付き つめきり 巻き爪 飛び散らない プラス 微粒やすり 飛び散り防止 滑り止め爪切り 手足用 高品質爪切り RP1 PKT3-2F","https://review.rakuten.co.jp/item/1/354660_10001158/epqr-iajj7-grc9tw_1_874376856/","4","2022/07/07 9:59:01","","シャンパンゴールドを購入したのですがグレーっぽい色合いでした。
切れ味がよく使いやすいです。購入してよかったです！","0","354660-20220704-0645209419",""
"商品レビュー","【 楽天1位受賞★レビュー特典付き 】＼クーポンで最大20％OFF！／爪切り 高級 ケース付き つめきり 巻き爪 飛び散らない プラス 微粒やすり 飛び散り防止 滑り止め爪切り 手足用 高品質爪切り RP1 PKT3-2F","https://review.rakuten.co.jp/item/1/354660_10001158/epqr-iajj7-ko624q_1_874672919/","5","2022/07/07 8:13:28","高級感があります。","優しい切れ味でとても気に入っています。リーズナブルで高級感がありプレゼントにも良いかもしれませんね。","0","354660-20220704-0941909423",""
"商品レビュー","【 楽天1位受賞★レビュー特典付き 】＼クーポンで最大20％OFF！／爪切り 高級 ケース付き つめきり 巻き爪 飛び散らない プラス 微粒やすり 飛び散り防止 滑り止め爪切り 手足用 高品質爪切り RP1 PKT3-2F","https://review.rakuten.co.jp/item/1/354660_10001158/epqr-iajjd-2ku0xy_1_870458571/","4","2022/07/06 22:01:53","","ちょっと良い爪切りを欲してました。
届いて直ぐ使いました！手にフィットとし、柔らかい使い心地で満足です。ヤスリ入りのケースも自分用で満足です。","0","354660-20220702-0812608737",""
"商品レビュー","【 楽天1位受賞★レビュー特典付き 】＼クーポンで最大20％OFF！／爪切り 高級 ケース付き つめきり 巻き爪 飛び散らない プラス 微粒やすり 飛び散り防止 滑り止め爪切り 手足用 高品質爪切り RP1 PKT3-2F","https://review.rakuten.co.jp/item/1/354660_10001158/epqr-iajjf-h7zf9u_1_876172897/","5","2022/07/06 18:22:23","","ブラックを購入しました。
デザインもかっこよく、切れ味もとてもよかったです。","0","354660-20220705-0680209589",""
"商品レビュー","【 楽天1位受賞★レビュー特典付き 】＼クーポンで最大20％OFF！／爪切り 高級 ケース付き つめきり 巻き爪 飛び散らない プラス 微粒やすり 飛び散り防止 滑り止め爪切り 手足用 高品質爪切り RP1 PKT3-2F","https://review.rakuten.co.jp/item/1/354660_10001158/epqr-iajjc-e54n4s_1_868825802/","5","2022/07/06 12:32:07","","シャンパンゴールドは高級感でグー。ストレスを感じない切れ味。付属の爪ヤスリの仕上がりがきれい。","0","354660-20220701-0455108498",""
"商品レビュー","【 楽天1位受賞★レビュー特典付き 】＼クーポンで最大20％OFF！／爪切り 高級 ケース付き つめきり 巻き爪 飛び散らない プラス 微粒やすり 飛び散り防止 滑り止め爪切り 手足用 高品質爪切り RP1 PKT3-2F","https://review.rakuten.co.jp/item/1/354660_10001158/epqr-iajid-2usnyj_1_865670152/","5","2022/07/03 16:28:25","","初めて高めの爪切りを購入しましたが、ヤスリも使いやすくて満足です","0","354660-20220630-0836008034",""
"商品レビュー","【 楽天1位受賞★レビュー特典付き 】＼クーポンで最大20％OFF！／爪切り 高級 ケース付き つめきり 巻き爪 飛び散らない プラス 微粒やすり 飛び散り防止 滑り止め爪切り 手足用 高品質爪切り RP1 PKT3-2F","https://review.rakuten.co.jp/item/1/354660_10001158/epqr-iajid-da0r7j_1_866038866/","5","2022/07/01 17:06:09","レビュー通りの良品でした。","使っている爪切りの切れ味が悪くなり、なんとなく購入してみました。
実際に使ってみるとスムーズ過ぎて、早く買っておけば良かったと後悔してます（笑）
中々爪切り等は買い換える機会は少ないと思いますが、普段使っているものであるからこそ、少しだけ良いものを使いたいですね！
お店の現状を伝えるお手紙も入っており、応援したくなりました。","0","354660-20220630-0364508078",""
"商品レビュー","【 楽天1位受賞★レビュー特典付き 】＼クーポンで最大20％OFF！／爪切り 高級 ケース付き つめきり 巻き爪 飛び散らない プラス 微粒やすり 飛び散り防止 滑り止め爪切り 手足用 高品質爪切り RP1 PKT3-2F","https://review.rakuten.co.jp/item/1/354660_10001158/epqr-iajhv-kvseh3_1_839256242/","4","2022/07/01 10:37:57","","切れ味は良いと思いますが、切る角度によっては爪が散らかってしまいました。
ちょっと残念だったので星ひとつ減としました。","0","354660-20220618-0958603669",""
"商品レビュー","【 楽天1位受賞★レビュー特典付き 】＼クーポンで最大20％OFF！／爪切り 高級 ケース付き つめきり 巻き爪 飛び散らない プラス 微粒やすり 飛び散り防止 滑り止め爪切り 手足用 高品質爪切り RP1 PKT3-2F","https://review.rakuten.co.jp/item/1/354660_10001158/epqr-iaji9-ezaeu6_1_859221645/","4","2022/07/01 7:43:58","","切れ心地ばつぐん！
デザインもスタイリッシュで素敵です","0","354660-20220626-0482106592",""
"商品レビュー","【 楽天1位受賞★レビュー特典付き 】＼クーポンで最大20％OFF！／爪切り 高級 ケース付き つめきり 巻き爪 飛び散らない プラス 微粒やすり 飛び散り防止 滑り止め爪切り 手足用 高品質爪切り RP1 PKT3-2F","https://review.rakuten.co.jp/item/1/354660_10001158/epqr-iajh3-a7ywi2_2_830941750/","5","2022/07/01 4:18:32","","切れ味も良く使いやすいデザインでオシャレです。","0","354660-20220613-0075483373",""
"商品レビュー","【 楽天1位受賞★レビュー特典付き 】＼クーポンで最大20％OFF！／爪切り 高級 ケース付き つめきり 巻き爪 飛び散らない プラス 微粒やすり 飛び散り防止 滑り止め爪切り 手足用 高品質爪切り RP1 PKT3-2F","https://review.rakuten.co.jp/item/1/354660_10001158/epqr-iajia-f9c26i_1_855735025/","5","2022/06/30 21:40:38","","シャンパンゴールドのＬを購入しました。
切れ味とても良いです。
爪がギザギザになりません。
カラーも良かったですし、またリピートします。","0","354660-20220625-0547805964",""
"商品レビュー","【 楽天1位受賞★レビュー特典付き 】＼クーポンで最大20％OFF！／爪切り 高級 ケース付き つめきり 巻き爪 飛び散らない プラス 微粒やすり 飛び散り防止 滑り止め爪切り 手足用 高品質爪切り RP1 PKT3-2F","https://review.rakuten.co.jp/item/1/354660_10001158/epqr-iajia-7vjs40_1_855793444/","5","2022/06/30 8:30:50","","ケースに入っていて高級感がありました。切れ味は力を入れずに柔らかくスパッと切れる感じで大変満足です。","0","354660-20220625-0534805992",""
"商品レビュー","【 楽天1位受賞★レビュー特典付き 】＼クーポンで最大20％OFF！／爪切り 高級 ケース付き つめきり 巻き爪 飛び散らない プラス 微粒やすり 飛び散り防止 滑り止め爪切り 手足用 高品質爪切り RP1 PKT3-2F","https://review.rakuten.co.jp/item/1/354660_10001158/epqr-iajhz-itfw62_1_847552075/","4","2022/06/29 9:00:31","","高級感もあり、切った爪も飛び散らず、よく切れてよかったです。刃先がもう少し長いと細かい所や、巻き爪も切れるのですが、切れない部分がありました。","0","354660-20220623-0771404845",""
"商品レビュー","【 楽天1位受賞★レビュー特典付き 】＼クーポンで最大20％OFF！／爪切り 高級 ケース付き つめきり 巻き爪 飛び散らない プラス 微粒やすり 飛び散り防止 滑り止め爪切り 手足用 高品質爪切り RP1 PKT3-2F","https://review.rakuten.co.jp/item/1/354660_10001158/epqr-iaji9-aowab3_2_857617982/","5","2022/06/28 23:53:43","","ケースに入っており、保管し易く良かったです。
結構、爪切りを探す事が多いので無くさないようになりそうです。","0","354660-20220626-0095506261",""
"商品レビュー","【 楽天1位受賞★レビュー特典付き 】＼クーポンで最大20％OFF！／爪切り 高級 ケース付き つめきり 巻き爪 飛び散らない プラス 微粒やすり 飛び散り防止 滑り止め爪切り 手足用 高品質爪切り RP1 PKT3-2F","https://review.rakuten.co.jp/item/1/354660_10001158/epqr-iaji0-1fxqzi_1_850408544/","4","2022/06/28 11:33:14","お値段以上","最初どう使うかわからなかったけど、中々いいんではないでしょうか。
とても綺麗な缶にはいってて、なやんだけど、ゆるゆるだけと断捨離魔なので爪切りとヤスリだけ収納しました！","0","354660-20220624-0258505320",""
"商品レビュー","【 楽天1位受賞★レビュー特典付き 】＼クーポンで最大20％OFF！／爪切り 高級 ケース付き つめきり 巻き爪 飛び散らない プラス 微粒やすり 飛び散り防止 滑り止め爪切り 手足用 高品質爪切り RP1 PKT3-2F","https://review.rakuten.co.jp/item/1/354660_10001158/epqr-iajhp-eo93a5_1_818449115/","5","2022/06/26 21:59:38","","以前使っていたものが壊れてしまったので新調しました。小綺麗な缶の容器に爪やすりと共に丁寧に入れられておりまず感動。私の知っている爪切りは片方をくるっと回転させて切るモード（？）にするタイプでしたが、こちらは違うんです！そこにまず驚き。肝心の切れ味は、軽い力でとても気持ち良く切れてくれます。そして、今までも飛び散らないと謳った爪切りを購入し何度も騙されてきましたが、こちらは本当に飛び散らなくて家族皆で感動の嵐でした（笑）小さなストレスがなくなり、感激しています。ブラックにしましたがとてもカッコいいです。それでいてこのお値段は、凄い。ダメになったらまた必ずリピートします。ありがとうございました！","0","354660-20220609-0456981318",""
"商品レビュー","【 楽天1位受賞★レビュー特典付き 】＼クーポンで最大20％OFF！／爪切り 高級 ケース付き つめきり 巻き爪 飛び散らない プラス 微粒やすり 飛び散り防止 滑り止め爪切り 手足用 高品質爪切り RP1 PKT3-2F","https://review.rakuten.co.jp/item/1/354660_10001158/epqr-iajhy-ieeo5p_1_845158288/","5","2022/06/26 10:40:42","最高～","切れる！使いやすい！
今までの爪切りとは一味違う～大満足！","0","354660-20220621-0737704605",""
"商品レビュー","【 楽天1位受賞★レビュー特典付き 】＼クーポンで最大20％OFF！／爪切り 高級 ケース付き つめきり 巻き爪 飛び散らない プラス 微粒やすり 飛び散り防止 滑り止め爪切り 手足用 高品質爪切り RP1 PKT3-2F","https://review.rakuten.co.jp/item/1/354660_10001158/epqr-iajhz-doh900_1_849689155/","4","2022/06/26 10:19:25","","早速足の爪を切ってみましたが、なかなかよく切れます。ただもう少し開いてくれると、足の爪は切りやすいのでその点マイナス一点としました。なので手専用で使います。","0","354660-20220623-0396905184",""
"商品レビュー","【 楽天1位受賞★レビュー特典付き 】＼クーポンで最大20％OFF！／爪切り 高級 ケース付き つめきり 巻き爪 飛び散らない プラス 微粒やすり 飛び散り防止 滑り止め爪切り 手足用 高品質爪切り RP1 PKT3-2F","https://review.rakuten.co.jp/item/1/354660_10001158/epqr-iaji0-j3jtbz_1_850132462/","5","2022/06/26 6:40:43","","切れ味最高です。このお値段でこんなに良い商品！もっと早く購入すれば良かったです。","0","354660-20220624-0889205183",""
"商品レビュー","【 楽天1位受賞★レビュー特典付き 】＼クーポンで最大20％OFF！／爪切り 高級 ケース付き つめきり 巻き爪 飛び散らない プラス 微粒やすり 飛び散り防止 滑り止め爪切り 手足用 高品質爪切り RP1 PKT3-2F","https://review.rakuten.co.jp/item/1/354660_10001158/epqr-iajhy-fcqucy_1_844813531/","4","2022/06/25 19:07:41","","切りやすい、切った爪がこぼれにくくて良い。","0","354660-20220621-0553704549",""
"商品レビュー","【 楽天1位受賞★レビュー特典付き 】＼クーポンで最大20％OFF！／爪切り 高級 ケース付き つめきり 巻き爪 飛び散らない プラス 微粒やすり 飛び散り防止 滑り止め爪切り 手足用 高品質爪切り RP1 PKT3-2F","https://review.rakuten.co.jp/item/1/354660_10001158/epqr-iajh4-1lwk2z_1_846977163/","5","2022/06/24 23:19:13","使いやすい","切りやすくカッコイイです！！
これからしっかり使っていこうと思います","0","354660-20220622-0270204839",""
"商品レビュー","【 楽天1位受賞★レビュー特典付き 】＼クーポンで最大20％OFF！／爪切り 高級 ケース付き つめきり 巻き爪 飛び散らない プラス 微粒やすり 飛び散り防止 滑り止め爪切り 手足用 高品質爪切り RP1 PKT3-2F","https://review.rakuten.co.jp/item/1/354660_10001158/epqr-iajhy-bs8ej6_1_844477641/","5","2022/06/24 21:50:27","","爪切り有難う御座いました。
とても、切れ味が良く、感動いたしました。
いままで、100均のばかり、つかってたので
感動でした。又何かありましたら
頼みたいです。","0","354660-20220621-0226104580",""
"商品レビュー","【 楽天1位受賞★レビュー特典付き 】＼クーポンで最大20％OFF！／爪切り 高級 ケース付き つめきり 巻き爪 飛び散らない プラス 微粒やすり 飛び散り防止 滑り止め爪切り 手足用 高品質爪切り RP1 PKT3-2F","https://review.rakuten.co.jp/item/1/354660_10001158/epqr-iajhy-dbwm76_1_844682361/","5","2022/06/24 4:15:21","","このお値段なのに、切れ味が良く見た目もおしゃれで大満足です。","0","354660-20220621-0369304588",""
"商品レビュー","【 楽天1位受賞★レビュー特典付き 】＼クーポンで最大20％OFF！／爪切り 高級 ケース付き つめきり 巻き爪 飛び散らない プラス 微粒やすり 飛び散り防止 滑り止め爪切り 手足用 高品質爪切り RP1 PKT3-2F","https://review.rakuten.co.jp/item/1/354660_10001158/epqr-iajh8-ct1hld_1_823682068/","4","2022/06/23 23:14:23","","切れ味良いと思います
本体の切りくずケースの間の隙間が大きいので切った爪が入り込んでしまう事が有ります
私はケースは不要と思います、その分価格を下げて欲しい所です","0","354660-20220610-0347881974",""
"商品レビュー","【 楽天1位受賞★レビュー特典付き 】＼クーポンで最大20％OFF！／爪切り 高級 ケース付き つめきり 巻き爪 飛び散らない プラス 微粒やすり 飛び散り防止 滑り止め爪切り 手足用 高品質爪切り RP1 PKT3-2F","https://review.rakuten.co.jp/item/1/354660_10001158/epqr-iajhu-bc60nq_1_838504955/","5","2022/06/22 18:25:00","","スマートなケースです
お値段以上！って思います","0","354660-20220617-0191103683",""
"商品レビュー","【 楽天1位受賞★レビュー特典付き 】＼クーポンで最大20％OFF！／爪切り 高級 ケース付き つめきり 巻き爪 飛び散らない プラス 微粒やすり 飛び散り防止 滑り止め爪切り 手足用 高品質爪切り RP1 PKT3-2F","https://review.rakuten.co.jp/item/1/354660_10001158/epqr-iajhw-7z3lqt_1_841373737/","4","2022/06/22 8:02:31","","発送も早く満足！
デザインも良い！
機能性も良く満足","0","354660-20220619-0543703959",""
"商品レビュー","【 楽天1位受賞★レビュー特典付き 】＼クーポンで最大20％OFF！／爪切り 高級 ケース付き つめきり 巻き爪 飛び散らない プラス 微粒やすり 飛び散り防止 滑り止め爪切り 手足用 高品質爪切り RP1 PKT3-2F","https://review.rakuten.co.jp/item/1/354660_10001158/epqr-iajhw-1b7o4y_1_841690706/","5","2022/06/22 7:49:28","良い買い物ができました！","このお値段で、この高級感！
しかもケース入りで、良い買い物ができました。
切った爪が飛び散らないのも嬉しいです。","0","354660-20220619-0247303977",""
"商品レビュー","【 楽天1位受賞★レビュー特典付き 】＼クーポンで最大20％OFF！／爪切り 高級 ケース付き つめきり 巻き爪 飛び散らない プラス 微粒やすり 飛び散り防止 滑り止め爪切り 手足用 高品質爪切り RP1 PKT3-2F","https://review.rakuten.co.jp/item/1/354660_10001158/epqr-iajhw-9ubmp6_1_841751401/","4","2022/06/21 21:03:14","","使いやすい商品です、デザインも気にいっています。","0","354660-20220619-0169804000",""
"商品レビュー","【 楽天1位受賞★レビュー特典付き 】＼クーポンで最大20％OFF！／爪切り 高級 ケース付き つめきり 巻き爪 飛び散らない プラス 微粒やすり 飛び散り防止 滑り止め爪切り 手足用 高品質爪切り RP1 PKT3-2F","https://review.rakuten.co.jp/item/1/354660_10001158/epqr-iajhu-9fwd7o_1_837525252/","5","2022/06/19 10:34:30","良い商品","プレゼントで購入しました。
非常に喜んでくれました。
切った感想でなんか滑らかとか言ってました笑
おススメです。","0","354660-20220617-0137503316",""
"商品レビュー","【 楽天1位受賞★レビュー特典付き 】＼クーポンで最大20％OFF！／爪切り 高級 ケース付き つめきり 巻き爪 飛び散らない プラス 微粒やすり 飛び散り防止 滑り止め爪切り 手足用 高品質爪切り RP1 PKT3-2F","https://review.rakuten.co.jp/item/1/354660_10001158/epqr-iajh6-a77otl_2_837279029/","5","2022/06/18 22:40:11","","今までの爪切りと異なり随所に工夫が凝らされています
素晴らしいです
使い勝手が素晴らしいです","0","354660-20220616-0074303260",""
"商品レビュー","【 楽天1位受賞★レビュー特典付き 】＼クーポンで最大20％OFF！／爪切り 高級 ケース付き つめきり 巻き爪 飛び散らない プラス 微粒やすり 飛び散り防止 滑り止め爪切り 手足用 高品質爪切り RP1 PKT3-2F","https://review.rakuten.co.jp/item/1/354660_10001158/epqr-iajhm-1j1gc3_1_804594918/","5","2022/06/18 12:37:50","","切れ味がよく使いやすいです。爪が飛び散らない仕組みも便利です。","0","354660-20220605-0265579117",""
"商品レビュー","【 楽天1位受賞★レビュー特典付き 】＼クーポンで最大20％OFF！／爪切り 高級 ケース付き つめきり 巻き爪 飛び散らない プラス 微粒やすり 飛び散り防止 滑り止め爪切り 手足用 高品質爪切り RP1 PKT3-2F","https://review.rakuten.co.jp/item/1/354660_10001158/epqr-iajh8-eom36m_1_824867731/","4","2022/06/16 13:25:18","","手の爪はとても切りやすかったですが、
足の爪が少し切りにくかったです。","0","354660-20220610-0457682129",""
"商品レビュー","【 楽天1位受賞★レビュー特典付き 】＼クーポンで最大20％OFF！／爪切り 高級 ケース付き つめきり 巻き爪 飛び散らない プラス 微粒やすり 飛び散り防止 滑り止め爪切り 手足用 高品質爪切り RP1 PKT3-2F","https://review.rakuten.co.jp/item/1/354660_10001158/epqr-iajh3-bp7vqq_1_831609778/","5","2022/06/15 17:15:56","有り難う爪切り","こんなに綺麗に切れるとは素晴らしいケースに入っていてどこに行ったか探さなくても大丈夫そうです","0","354660-20220613-0217083443",""
"商品レビュー","【 楽天1位受賞★レビュー特典付き 】＼クーポンで最大20％OFF！／爪切り 高級 ケース付き つめきり 巻き爪 飛び散らない プラス 微粒やすり 飛び散り防止 滑り止め爪切り 手足用 高品質爪切り RP1 PKT3-2F","https://review.rakuten.co.jp/item/1/354660_10001158/epqr-iajhq-7ot0tu_1_828295291/","4","2022/06/15 6:28:28","","グレー買いました。持った感覚もよく、使ってみると滑らかに切れて使いやすかったです。","0","354660-20220611-0518582441",""
"商品レビュー","【 楽天1位受賞★レビュー特典付き 】＼クーポンで最大20％OFF！／爪切り 高級 ケース付き つめきり 巻き爪 飛び散らない プラス 微粒やすり 飛び散り防止 滑り止め爪切り 手足用 高品質爪切り RP1 PKT3-2F","https://review.rakuten.co.jp/item/1/354660_10001158/epqr-iajh8-jgwf3b_1_821568668/","5","2022/06/14 19:37:55","","ぶじにとどきました
きれあじも良く満足です","0","354660-20220610-0864781527",""
"商品レビュー","【 楽天1位受賞★レビュー特典付き 】＼クーポンで最大20％OFF！／爪切り 高級 ケース付き つめきり 巻き爪 飛び散らない プラス 微粒やすり 飛び散り防止 滑り止め爪切り 手足用 高品質爪切り RP1 PKT3-2F","https://review.rakuten.co.jp/item/1/354660_10001158/epqr-iajhq-ei86uz_1_828028099/","4","2022/06/14 12:19:31","","爪の切れ味、最高に良かったです。
また、爪が飛び散らないのが良い。","0","354660-20220611-0444482423",""
"商品レビュー","【 楽天1位受賞★レビュー特典付き 】＼クーポンで最大20％OFF！／爪切り 高級 ケース付き つめきり 巻き爪 飛び散らない プラス 微粒やすり 飛び散り防止 滑り止め爪切り 手足用 高品質爪切り RP1 PKT3-2F","https://review.rakuten.co.jp/item/1/354660_10001158/epqr-iajhj-cu9x2e_1_786160217/","4","2022/06/14 6:56:35","","最初使い方が分からず悩みましたが、使ってみたら切れ味も良く色も好きでした。","0","354660-20220602-0351175003",""
"商品レビュー","【 楽天1位受賞★レビュー特典付き 】＼クーポンで最大20％OFF！／爪切り 高級 ケース付き つめきり 巻き爪 飛び散らない プラス 微粒やすり 飛び散り防止 滑り止め爪切り 手足用 高品質爪切り RP1 PKT3-2F","https://review.rakuten.co.jp/item/1/354660_10001158/epqr-iajhp-7mx1c6_1_818090643/","4","2022/06/12 18:07:19","切れ味 抜群です","今まで百均の爪切りを、
使っていましだが
切れ味が断然違います
カッコいいし、買ってよかったです","0","354660-20220609-0513781264",""
"商品レビュー","【 楽天1位受賞★レビュー特典付き 】＼クーポンで最大20％OFF！／爪切り 高級 ケース付き つめきり 巻き爪 飛び散らない プラス 微粒やすり 飛び散り防止 滑り止め爪切り 手足用 高品質爪切り RP1 PKT3-2F","https://review.rakuten.co.jp/item/1/354660_10001158/epqr-iajf0-fwty9t_1_753972301/","5","2022/06/11 21:09:53","スタイリッシュ","切れ味抜群です。使いやすく、スタイリッシュデザインで、とても気に入りました。","0","354660-20220516-0597566259",""
"商品レビュー","【 楽天1位受賞★レビュー特典付き 】＼クーポンで最大20％OFF！／爪切り 高級 ケース付き つめきり 巻き爪 飛び散らない プラス 微粒やすり 飛び散り防止 滑り止め爪切り 手足用 高品質爪切り RP1 PKT3-2F","https://review.rakuten.co.jp/item/1/354660_10001158/epqr-iajhm-2o4vdf_1_794300812/","5","2022/06/11 7:57:15","","切った断面がヤスリを使わなくてもある程度は滑らかな気がします
安い爪切りとはやっぱり違います
切る時の音も控えめだし切った爪が飛び散らないのも良いです
買って良かったです","0","354660-20220605-0821278017",""
"商品レビュー","【 楽天1位受賞★レビュー特典付き 】＼クーポンで最大20％OFF！／爪切り 高級 ケース付き つめきり 巻き爪 飛び散らない プラス 微粒やすり 飛び散り防止 滑り止め爪切り 手足用 高品質爪切り RP1 PKT3-2F","https://review.rakuten.co.jp/item/1/354660_10001158/epqr-iajhm-kuy6kl_1_794235252/","4","2022/06/11 7:03:33","","爪切りは切れ味が良く満足です。驚いたのは、ヤスリで非常に細かく削れ、ツルツルになります。","0","354660-20220605-0957277996",""
"商品レビュー","【 楽天1位受賞★レビュー特典付き 】＼クーポンで最大20％OFF！／爪切り 高級 ケース付き つめきり 巻き爪 飛び散らない プラス 微粒やすり 飛び散り防止 滑り止め爪切り 手足用 高品質爪切り RP1 PKT3-2F","https://review.rakuten.co.jp/item/1/354660_10001158/epqr-iajhp-akpwp6_2_816687746/","5","2022/06/11 6:47:49","満足です","持っていた爪切りと比べてびっくりしました。切れ味がとてもよく、早く購入しておくべきでした。","0","354660-20220609-0086681152",""
"商品レビュー","【 楽天1位受賞★レビュー特典付き 】＼クーポンで最大20％OFF！／爪切り 高級 ケース付き つめきり 巻き爪 飛び散らない プラス 微粒やすり 飛び散り防止 滑り止め爪切り 手足用 高品質爪切り RP1 PKT3-2F","https://review.rakuten.co.jp/item/1/354660_10001158/epqr-iajho-fxzb32_1_816235460/","5","2022/06/10 21:06:37","良き","早く届いた！意外とズッシリ！大きさはLで子供も大人も問題なく使えた！","0","354660-20220608-0599581057",""
"商品レビュー","【 楽天1位受賞★レビュー特典付き 】＼クーポンで最大20％OFF！／爪切り 高級 ケース付き つめきり 巻き爪 飛び散らない プラス 微粒やすり 飛び散り防止 滑り止め爪切り 手足用 高品質爪切り RP1 PKT3-2F","https://review.rakuten.co.jp/item/1/354660_10001158/epqr-iajhn-1g9nzp_1_812705218/","5","2022/06/09 16:10:05","待ち人現れず","床屋なんで週一で爪は切る
中々しっくりくる爪切りに出逢わない","0","354660-20220607-0258780081",""
"商品レビュー","【 楽天1位受賞★レビュー特典付き 】＼クーポンで最大20％OFF！／爪切り 高級 ケース付き つめきり 巻き爪 飛び散らない プラス 微粒やすり 飛び散り防止 滑り止め爪切り 手足用 高品質爪切り RP1 PKT3-2F","https://review.rakuten.co.jp/item/1/354660_10001158/epqr-iajhl-1r9c36_1_788494083/","5","2022/06/08 20:58:19","","なかなかカッコいい爪切りでした。
切れ味もまぁまあでした。","0","354660-20220604-0282276208",""
"商品レビュー","【 楽天1位受賞★レビュー特典付き 】＼クーポンで最大20％OFF！／爪切り 高級 ケース付き つめきり 巻き爪 飛び散らない プラス 微粒やすり 飛び散り防止 滑り止め爪切り 手足用 高品質爪切り RP1 PKT3-2F","https://review.rakuten.co.jp/item/1/354660_10001158/epqr-iajfi-cda261_1_778033861/","5","2022/06/06 11:34:24","","切れ味が良く使い心地が良かったです。ケース、商品もしっかりした物で気に入って使っています。ヤスリが別なので手入れがし易いです。","0","354660-20220528-0312473092",""
"商品レビュー","【 楽天1位受賞★レビュー特典付き 】＼クーポンで最大20％OFF！／爪切り 高級 ケース付き つめきり 巻き爪 飛び散らない プラス 微粒やすり 飛び散り防止 滑り止め爪切り 手足用 高品質爪切り RP1 PKT3-2F","https://review.rakuten.co.jp/item/1/354660_10001158/epqr-iaj7x-iut9fz_1_742373265/","5","2022/06/04 8:19:30","高級感あり","今まで安い爪切りを使用していたのでスゴく高級感があります。
切れもいいし音もなく満足です。","0","354660-20220512-0775565639",""
"商品レビュー","【 楽天1位受賞★レビュー特典付き 】＼クーポンで最大20％OFF！／爪切り 高級 ケース付き つめきり 巻き爪 飛び散らない プラス 微粒やすり 飛び散り防止 滑り止め爪切り 手足用 高品質爪切り RP1 PKT3-2F","https://review.rakuten.co.jp/item/1/354660_10001158/epqr-iajf2-fb63cr_1_779552709/","4","2022/06/03 23:51:22","切れ味抜群","いままで安い爪切りを使っていて、切る時に爪が曲がったり中途半端に切れたりストレスが強かったため、思い切って高級な爪切りを購入してみました。
結果大正解でした！力を入れなくてもスパッと綺麗に切れるし、切った爪が散らばることもないし、足の爪も綺麗に切ることが出来ました！
星を一つ減らしたのは、ヤスリの使い方がよく分からなかったからです。。元々使う習慣がなかったから私には不要だったかな、、。","0","354660-20220529-0550573404",""
"商品レビュー","【 楽天1位受賞★レビュー特典付き 】＼クーポンで最大20％OFF！／爪切り 高級 ケース付き つめきり 巻き爪 飛び散らない プラス 微粒やすり 飛び散り防止 滑り止め爪切り 手足用 高品質爪切り RP1 PKT3-2F","https://review.rakuten.co.jp/item/1/354660_10001158/epqr-iajfj-e7ignp_1_781843763/","4","2022/06/01 21:51:53","","注文してから到着までとても早かったです。
切れ味もよく、爪に負担がかかりにくい感じがしました。
ただケースに凹みがあったのと、爪切りの構造上爪を飛び散らないようにする蓋の塗装が剥げてきてしまうのが少し残念でした。
爪切りそのものとしてはとても良い商品だなと思います。","0","354660-20220530-0437273697",""
"商品レビュー","【 楽天1位受賞★レビュー特典付き 】＼クーポンで最大20％OFF！／爪切り 高級 ケース付き つめきり 巻き爪 飛び散らない プラス 微粒やすり 飛び散り防止 滑り止め爪切り 手足用 高品質爪切り RP1 PKT3-2F","https://review.rakuten.co.jp/item/1/354660_10001158/epqr-iajfj-66upd_2_782173998/","4","2022/06/01 20:42:37","","配送も早く爪の切れ味も軽くてとてもいいヤスリもなかなかいい満足","0","354660-20220530-0048373962",""
"商品レビュー","【 楽天1位受賞★レビュー特典付き 】＼クーポンで最大20％OFF！／爪切り 高級 ケース付き つめきり 巻き爪 飛び散らない プラス 微粒やすり 飛び散り防止 滑り止め爪切り 手足用 高品質爪切り RP1 PKT3-2F","https://review.rakuten.co.jp/item/1/354660_10001158/epqr-iajfj-h48f3y_1_782108848/","4","2022/06/01 18:56:58","高級感ありました","高齢の父にプレゼント用に購入しました。
プレゼント用なので切れ味はまだ解りませんが、ケースに入っており高級感は抜群でプレゼント用には良いですね。シャンパンゴールドの色を購入しましたが画像通りの色でした。レビュー評価が良かったので購入して良かったです。使用後の感想を父に聞いて良ければ、自宅用にリピートしたいと思います。","0","354660-20220530-0723273909",""
"商品レビュー","【 楽天1位受賞★レビュー特典付き 】＼クーポンで最大20％OFF！／爪切り 高級 ケース付き つめきり 巻き爪 飛び散らない プラス 微粒やすり 飛び散り防止 滑り止め爪切り 手足用 高品質爪切り RP1 PKT3-2F","https://review.rakuten.co.jp/item/1/354660_10001158/epqr-iajff-gnn773_1_769569296/","4","2022/05/30 15:08:27","自分用","注文をして、対応は、良かったのですが
土日はさんで、今日届きました。
商品説明通り爪が飛び散らなくケース付で良いです。","0","354660-20220525-0637471609",""
"商品レビュー","【 楽天1位受賞★レビュー特典付き 】＼クーポンで最大20％OFF！／爪切り 高級 ケース付き つめきり 巻き爪 飛び散らない プラス 微粒やすり 飛び散り防止 滑り止め爪切り 手足用 高品質爪切り RP1 PKT3-2F","https://review.rakuten.co.jp/item/1/354660_10001158/epqr-iajcu-2dvb3u_1_641093409/","3","2022/05/29 11:33:58","","製品が届いて開封して一番に思ったのは、自分が考えていたものより少し小さかった事です。
もう少し製品内容(寸法)をよく読めば良かったと反省しています。でも使用してみて切れ味も良くて
Lサイズを買えば良かったと再度反省しました。今は奥さんが使っています。男性用・女性用の区別か何かそれ用の説明文があれば良かったかなと自分の事を棚に上げて思っています。","0","354660-20220401-0797542481",""
"商品レビュー","【 楽天1位受賞★レビュー特典付き 】＼クーポンで最大20％OFF！／爪切り 高級 ケース付き つめきり 巻き爪 飛び散らない プラス 微粒やすり 飛び散り防止 滑り止め爪切り 手足用 高品質爪切り RP1 PKT3-2F","https://review.rakuten.co.jp/item/1/354660_10001158/epqr-iajff-hdig3_2_769078513/","5","2022/05/29 10:29:52","","今まで１００均の爪切りを使用していました
数種類か使いましたがどれも使いにくかったため今回ちょっといい物をと購入しました
やっぱり違いますね 持ちやすく切れ味もいいです ヤスリも高級感があり削りすぎることもありません もっと早く購入すればよかったです","0","354660-20220525-0018771649",""
"商品レビュー","【 楽天1位受賞★レビュー特典付き 】＼クーポンで最大20％OFF！／爪切り 高級 ケース付き つめきり 巻き爪 飛び散らない プラス 微粒やすり 飛び散り防止 滑り止め爪切り 手足用 高品質爪切り RP1 PKT3-2F","https://review.rakuten.co.jp/item/1/354660_10001158/epqr-iajff-kyojna_1_771273728/","5","2022/05/28 22:42:52","","爪が飛び散らなくてとても良いです。
良い買い物ができてよかったです。
ありがとうございました。","0","354660-20220525-0963371917",""
"商品レビュー","【 楽天1位受賞★レビュー特典付き 】＼クーポンで最大20％OFF！／爪切り 高級 ケース付き つめきり 巻き爪 飛び散らない プラス 微粒やすり 飛び散り防止 滑り止め爪切り 手足用 高品質爪切り RP1 PKT3-2F","https://review.rakuten.co.jp/item/1/354660_10001158/epqr-iajfh-7t7kst_1_776199308/","4","2022/05/28 22:22:15","","発送対応がよくすぐに届きました。
使いやすそうで、これから使うのが楽しみです。","0","354660-20220527-0529472691",""
"商品レビュー","【 楽天1位受賞★レビュー特典付き 】＼クーポンで最大20％OFF！／爪切り 高級 ケース付き つめきり 巻き爪 飛び散らない プラス 微粒やすり 飛び散り防止 滑り止め爪切り 手足用 高品質爪切り RP1 PKT3-2F","https://review.rakuten.co.jp/item/1/354660_10001158/epqr-iajfg-2tlidc_1_774708282/","5","2022/05/28 19:00:34","","重みがあり、使いやすいです。切れ味も大満足です。
ケース付きなので，行方不明になりにくく助かります。","0","354660-20220526-0832172189",""
"商品レビュー","【 楽天1位受賞★レビュー特典付き 】＼クーポンで最大20％OFF！／爪切り 高級 ケース付き つめきり 巻き爪 飛び散らない プラス 微粒やすり 飛び散り防止 滑り止め爪切り 手足用 高品質爪切り RP1 PKT3-2F","https://review.rakuten.co.jp/item/1/354660_10001158/epqr-iajf7-jhztym_1_767734937/","5","2022/05/28 15:16:19","このセット良い！","割りと普通な爪切りですが、見た目もかっこ良く子供達が自分でやるようになりました(笑)断面はスパッと切れ味が良いので側面の角が残るほどです。耐久性は年単位かと思いますので、まだ分かりません。予想外に良かったのがガラスの爪ヤスリ！ヤスリが細かくて「やすれてるのか？」と疑問に思いましたが、爪切りで残った角も取れ、断面がキラッと輝くほどツルツルに仕上がり爪切り直後から引っ掛かりもありません。大満足ですし、爪磨きも同シリーズであれば欲しいです。","0","354660-20220524-0866671397",""
"商品レビュー","【 楽天1位受賞★レビュー特典付き 】＼クーポンで最大20％OFF！／爪切り 高級 ケース付き つめきり 巻き爪 飛び散らない プラス 微粒やすり 飛び散り防止 滑り止め爪切り 手足用 高品質爪切り RP1 PKT3-2F","https://review.rakuten.co.jp/item/1/354660_10001158/epqr-iajff-cx1c7s_1_771762148/","5","2022/05/28 8:46:18","","すぐ届きました！
切れ味も良くて使いやすいです。","0","354660-20220525-0356272010",""
"商品レビュー","【 楽天1位受賞★レビュー特典付き 】＼クーポンで最大20％OFF！／爪切り 高級 ケース付き つめきり 巻き爪 飛び散らない プラス 微粒やすり 飛び散り防止 滑り止め爪切り 手足用 高品質爪切り RP1 PKT3-2F","https://review.rakuten.co.jp/item/1/354660_10001158/epqr-iajff-74edow_1_768334183/","5","2022/05/27 20:36:21","","もともと使っていたものが切れ味悪かったせいか大変切りやすかったです。Lを購入しましたが子供でも自分で使えています。爪が散るのが嫌だったのでそちらも満足です。
発送もものすごく早かったです。","0","354660-20220525-0541171471",""
"商品レビュー","【 楽天1位受賞★レビュー特典付き 】＼クーポンで最大20％OFF！／爪切り 高級 ケース付き つめきり 巻き爪 飛び散らない プラス 微粒やすり 飛び散り防止 滑り止め爪切り 手足用 高品質爪切り RP1 PKT3-2F","https://review.rakuten.co.jp/item/1/354660_10001158/epqr-iajff-kipy3k_1_769029769/","4","2022/05/26 20:12:43","高級感があります。","翌日に到着しました。迅速な対応ありがとうございました。高級感があり切れ味も、所有していた一般の店で売られているものとは違い抵抗なく切れる感じです。また、ヤスリは驚くほど爪がひかりました。","0","354660-20220525-0928171491",""
"商品レビュー","【 楽天1位受賞★レビュー特典付き 】＼クーポンで最大20％OFF！／爪切り 高級 ケース付き つめきり 巻き爪 飛び散らない プラス 微粒やすり 飛び散り防止 滑り止め爪切り 手足用 高品質爪切り RP1 PKT3-2F","https://review.rakuten.co.jp/item/1/354660_10001158/epqr-iajfb-253euj_1_759855705/","5","2022/05/25 18:26:36","","何年も同じ爪切りを使用していて、切れ味が流石に悪くなってきた為、評価の良いこちらの商品を購入致しました。
切れ味はもちろん良いとして切った爪が全然飛び散らない点がとても良いと感じました。","0","354660-20220519-0817469906",""
"商品レビュー","【 楽天1位受賞★レビュー特典付き 】＼クーポンで最大20％OFF！／爪切り 高級 ケース付き つめきり 巻き爪 飛び散らない プラス 微粒やすり 飛び散り防止 滑り止め爪切り 手足用 高品質爪切り RP1 PKT3-2F","https://review.rakuten.co.jp/item/1/354660_10001158/epqr-iajfe-12andx_1_765460723/","4","2022/05/25 16:39:14","","小さい爪切りを探していてＳサイズを購入したのですが、サイズもちょうどよく色もオシャレでした。
ケース付きなのもありがたいです。
まだ使用していませんが使うのが楽しみです。","0","354660-20220523-0263771240",""
"商品レビュー","【 楽天1位受賞★レビュー特典付き 】＼クーポンで最大20％OFF！／爪切り 高級 ケース付き つめきり 巻き爪 飛び散らない プラス 微粒やすり 飛び散り防止 滑り止め爪切り 手足用 高品質爪切り RP1 PKT3-2F","https://review.rakuten.co.jp/item/1/354660_10001158/epqr-iajfc-9jxqrf_1_762309743/","5","2022/05/25 16:35:01","大満足","見た目でオシャレで切れ味抜群でした！購入して大満足です！","0","354660-20220521-0145970649",""
"商品レビュー","【 楽天1位受賞★レビュー特典付き 】＼クーポンで最大20％OFF！／爪切り 高級 ケース付き つめきり 巻き爪 飛び散らない プラス 微粒やすり 飛び散り防止 滑り止め爪切り 手足用 高品質爪切り RP1 PKT3-2F","https://review.rakuten.co.jp/item/1/354660_10001158/epqr-iajf1-ctu6iy_1_760438523/","5","2022/05/25 2:01:20","","実はリピ買いです。爪を切って、底に残るのも嫌だったのでとても便利だし、何より切れ味も良く、スタイリッシュなんです！
友人にも勧めています！","0","354660-20220520-0349070289",""
"商品レビュー","【 楽天1位受賞★レビュー特典付き 】＼クーポンで最大20％OFF！／爪切り 高級 ケース付き つめきり 巻き爪 飛び散らない プラス 微粒やすり 飛び散り防止 滑り止め爪切り 手足用 高品質爪切り RP1 PKT3-2F","https://review.rakuten.co.jp/item/1/354660_10001158/epqr-iajf1-cste3s_1_762140252/","4","2022/05/24 22:02:26","いいかも！！","久しぶりに爪切りを購入しました。切れ味もいいのて、満足しています。あとは切れ味の持続性に期待します。","0","354660-20220520-0347270606",""
"商品レビュー","【 楽天1位受賞★レビュー特典付き 】＼クーポンで最大20％OFF！／爪切り 高級 ケース付き つめきり 巻き爪 飛び散らない プラス 微粒やすり 飛び散り防止 滑り止め爪切り 手足用 高品質爪切り RP1 PKT3-2F","https://review.rakuten.co.jp/item/1/354660_10001158/epqr-iajfd-bsdm28_1_763654376/","4","2022/05/24 20:42:24","","本日届きました。
既成概念でレバーが回るかと思ったら、回らず使い方に手惑いました。
切れ味は問題なく、爪の回収も問題ありません。永く使えるといいと思っています。","0","354660-20220522-0225371002",""
"商品レビュー","【 楽天1位受賞★レビュー特典付き 】＼クーポンで最大20％OFF！／爪切り 高級 ケース付き つめきり 巻き爪 飛び散らない プラス 微粒やすり 飛び散り防止 滑り止め爪切り 手足用 高品質爪切り RP1 PKT3-2F","https://review.rakuten.co.jp/item/1/354660_10001158/epqr-iajf1-k6r8eh_1_761288706/","5","2022/05/24 20:27:10","可愛い","シャンパンゴールド購入しました。とても上品な色味で良かったです。","0","354660-20220520-0955170407",""
"商品レビュー","【 楽天1位受賞★レビュー特典付き 】＼クーポンで最大20％OFF！／爪切り 高級 ケース付き つめきり 巻き爪 飛び散らない プラス 微粒やすり 飛び散り防止 滑り止め爪切り 手足用 高品質爪切り RP1 PKT3-2F","https://review.rakuten.co.jp/item/1/354660_10001158/epqr-iajfd-2f7lcf_1_764113760/","3","2022/05/24 18:58:56","高級感ある","早い配送でした。ありがとうございます。とっても高級感ある爪切りですね。プレゼント用にいいかもです。でもシャンパンゴールド頼んだのにシルバーが入ってたのが残念です、面倒くさいのでこのまま使います。切れ味も良く良い商品だと思います。","0","354660-20220522-0801571005",""
"商品レビュー","【 楽天1位受賞★レビュー特典付き 】＼クーポンで最大20％OFF！／爪切り 高級 ケース付き つめきり 巻き爪 飛び散らない プラス 微粒やすり 飛び散り防止 滑り止め爪切り 手足用 高品質爪切り RP1 PKT3-2F","https://review.rakuten.co.jp/item/1/354660_10001158/epqr-iaj7z-9uvnvy_1_749807359/","4","2022/05/24 17:39:12","爪の飛び散りがなくなった","家族の爪の飛び散りで困って選びました
爪切り後に掃除しなくてよくなったと喜ばれましたが、切り口は今ひとつということだったので☆4にしました
薬箱に収納しているので缶のケース入りはありがたいですね","0","354660-20220515-0171066633",""
"商品レビュー","【 楽天1位受賞★レビュー特典付き 】＼クーポンで最大20％OFF！／爪切り 高級 ケース付き つめきり 巻き爪 飛び散らない プラス 微粒やすり 飛び散り防止 滑り止め爪切り 手足用 高品質爪切り RP1 PKT3-2F","https://review.rakuten.co.jp/item/1/354660_10001158/epqr-iajf9-dfepy2_1_757557041/","5","2022/05/24 14:53:07","","15年以上使用していたものが壊れてしまったタイミングで、ちょっとワンランク上のものをと探していました。以前のものより力を加えることなくすんなり切れ、想定していたより満足度が高いです。","0","354660-20220518-0378268609",""
"商品レビュー","【 楽天1位受賞★レビュー特典付き 】＼クーポンで最大20％OFF！／爪切り 高級 ケース付き つめきり 巻き爪 飛び散らない プラス 微粒やすり 飛び散り防止 滑り止め爪切り 手足用 高品質爪切り RP1 PKT3-2F","https://review.rakuten.co.jp/item/1/354660_10001158/epqr-iajfb-g8yivu_1_759495310/","4","2022/05/24 12:00:31","","プレゼントで購入。まだ使っていないそうですが、見た目が高級そうで気に入ったそうです。
土日挟んでしまった為、届くまで少し時間がかかった印象ですが無事届いてよかったです。ちなみに、木曜日に頼んで火曜日につきました。","0","354660-20220519-0643169621",""
"商品レビュー","【 楽天1位受賞★レビュー特典付き 】＼クーポンで最大20％OFF！／爪切り 高級 ケース付き つめきり 巻き爪 飛び散らない プラス 微粒やすり 飛び散り防止 滑り止め爪切り 手足用 高品質爪切り RP1 PKT3-2F","https://review.rakuten.co.jp/item/1/354660_10001158/epqr-iajdj-gryxsp_1_695691288/","3","2022/05/23 20:52:04","切れ味イマイチ","爪が飛び散らないのは良い！だけど切れ味はあまり良くない。女性の薄い爪なら問題ないのでしょうが、男の爪は結構力入れないと切れない。デザインが良かっただけに残念","0","354660-20220422-0646554621",""
"商品レビュー","【 楽天1位受賞★レビュー特典付き 】＼クーポンで最大20％OFF！／爪切り 高級 ケース付き つめきり 巻き爪 飛び散らない プラス 微粒やすり 飛び散り防止 滑り止め爪切り 手足用 高品質爪切り RP1 PKT3-2F","https://review.rakuten.co.jp/item/1/354660_10001158/epqr-iajf9-f6ybnv_1_758838410/","5","2022/05/23 6:58:55","","良く切れるし使いやすかった。
何個か欲しいです。
最初使い方がよくわからなかったので、説明あると良いかと思います","0","354660-20220518-0592769082",""
"商品レビュー","【 楽天1位受賞★レビュー特典付き 】＼クーポンで最大20％OFF！／爪切り 高級 ケース付き つめきり 巻き爪 飛び散らない プラス 微粒やすり 飛び散り防止 滑り止め爪切り 手足用 高品質爪切り RP1 PKT3-2F","https://review.rakuten.co.jp/item/1/354660_10001158/epqr-iajf9-aezfib_2_757419342/","5","2022/05/20 13:22:12","","シャンパンゴールドを購入しました。
商品説明のとおり爪が飛び散らず
見た目もオシャレな品でした。","0","354660-20220518-0073868547",""
"商品レビュー","【 楽天1位受賞★レビュー特典付き 】＼クーポンで最大20％OFF！／爪切り 高級 ケース付き つめきり 巻き爪 飛び散らない プラス 微粒やすり 飛び散り防止 滑り止め爪切り 手足用 高品質爪切り RP1 PKT3-2F","https://review.rakuten.co.jp/item/1/354660_10001158/epqr-iaj74-9heriw_1_745302871/","5","2022/05/19 13:27:03","","軽い力で簡単に爪が切れました！もっと早く購入すれば良かったです。ケース入りで高級感もあるので、プレゼントにも良さそうです。ガラスの爪やすりも、爪に艶が出て良かったです。","0","354660-20220514-0139766287",""
"商品レビュー","【 楽天1位受賞★レビュー特典付き 】＼クーポンで最大20％OFF！／爪切り 高級 ケース付き つめきり 巻き爪 飛び散らない プラス 微粒やすり 飛び散り防止 滑り止め爪切り 手足用 高品質爪切り RP1 PKT3-2F","https://review.rakuten.co.jp/item/1/354660_10001158/epqr-iaj7z-cy3x3f_1_751984836/","5","2022/05/18 22:08:33","","爪の切れ具合も良く、見た目もいいです。
コスパが良い！","0","354660-20220515-0358966989",""
"商品レビュー","【 楽天1位受賞★レビュー特典付き 】＼クーポンで最大20％OFF！／爪切り 高級 ケース付き つめきり 巻き爪 飛び散らない プラス 微粒やすり 飛び散り防止 滑り止め爪切り 手足用 高品質爪切り RP1 PKT3-2F","https://review.rakuten.co.jp/item/1/354660_10001158/epqr-iaj7z-ep4zd8_1_753266440/","5","2022/05/17 20:24:16","少し慣れがいるが良い商品だと思います。","今まで使用していた爪切りが「パチッ」と切れるのに対しこちらの商品は音もなく、すっと切れる感じです。
慣れでしょうが感触が曖昧なため薄皮一枚切り損ねたり、爪切りが結構重く疲れるなと思うことがあります。
同梱のやすりは爪切り後の仕上げとしてちょうどいい削れ具合で非常に使いやすいです。","0","354660-20220515-0460167070",""
"商品レビュー","【 楽天1位受賞★レビュー特典付き 】＼クーポンで最大20％OFF！／爪切り 高級 ケース付き つめきり 巻き爪 飛び散らない プラス 微粒やすり 飛び散り防止 滑り止め爪切り 手足用 高品質爪切り RP1 PKT3-2F","https://review.rakuten.co.jp/item/1/354660_10001158/epqr-iaj7z-gea0ng_1_747378859/","4","2022/05/17 14:09:57","","よく切れます。切った爪は、ふたを開けなくても、刃先を下にすると簡単に捨てられました！
シャンパンゴールドを、買いました。気に入っています。ありがとうございました。","0","354660-20220515-0616466422",""
"商品レビュー","【 楽天1位受賞★レビュー特典付き 】＼クーポンで最大20％OFF！／爪切り 高級 ケース付き つめきり 巻き爪 飛び散らない プラス 微粒やすり 飛び散り防止 滑り止め爪切り 手足用 高品質爪切り RP1 PKT3-2F","https://review.rakuten.co.jp/item/1/354660_10001158/epqr-iaj7v-xm5hv_2_738038620/","5","2022/05/15 21:47:15","とても良いお品が購入できました。","高級感があって素敵な爪切りを購入することができました。切り具合やケースも満足しています。
自分用ではなく、仕事で使いますので、大変良いお買い物ができた事に感謝します。
ありがとうございました。","0","354660-20220510-0054564618",""
"商品レビュー","【 楽天1位受賞★レビュー特典付き 】＼クーポンで最大20％OFF！／爪切り 高級 ケース付き つめきり 巻き爪 飛び散らない プラス 微粒やすり 飛び散り防止 滑り止め爪切り 手足用 高品質爪切り RP1 PKT3-2F","https://review.rakuten.co.jp/item/1/354660_10001158/epqr-iaj7x-1okdtf_1_741858431/","5","2022/05/15 16:20:13","","注文後、直ぐに届きました。迅速な対応ありがとうございます。従来の使い方だとレバーを捻って使いますが、此方の商品はフタを開けて高さを作る斬新なものでした。切れ味は抜群です。","0","354660-20220512-0276165621",""
"商品レビュー","【 楽天1位受賞★レビュー特典付き 】＼クーポンで最大20％OFF！／爪切り 高級 ケース付き つめきり 巻き爪 飛び散らない プラス 微粒やすり 飛び散り防止 滑り止め爪切り 手足用 高品質爪切り RP1 PKT3-2F","https://review.rakuten.co.jp/item/1/354660_10001158/epqr-iaj7v-cio4nn_1_734843280/","4","2022/05/14 14:51:36","","ブラックを購入しましたが光沢がありカッコイイデザインです。爪も切りやすく購入してよかったです。","0","354660-20220510-0323464159",""
"商品レビュー","【 楽天1位受賞★レビュー特典付き 】＼クーポンで最大20％OFF！／爪切り 高級 ケース付き つめきり 巻き爪 飛び散らない プラス 微粒やすり 飛び散り防止 滑り止め爪切り 手足用 高品質爪切り RP1 PKT3-2F","https://review.rakuten.co.jp/item/1/354660_10001158/epqr-iaj7v-9f48r3_1_737811937/","5","2022/05/12 23:08:32","","ブラックのＬを購入。光沢があって高級感があります。刃幅は1センチくらい。爪が飛び散らず、捨てやすいです。","0","354660-20220510-0137664601",""
"商品レビュー","【 楽天1位受賞★レビュー特典付き 】＼クーポンで最大20％OFF！／爪切り 高級 ケース付き つめきり 巻き爪 飛び散らない プラス 微粒やすり 飛び散り防止 滑り止め爪切り 手足用 高品質爪切り RP1 PKT3-2F","https://review.rakuten.co.jp/item/1/354660_10001158/epqr-iaj7v-5mu7u_2_734631377/","5","2022/05/12 20:03:28","","本日届きました。
良く切れます。これにして良かった。","0","354660-20220510-0031064141",""
"商品レビュー","【 楽天1位受賞★レビュー特典付き 】＼クーポンで最大20％OFF！／爪切り 高級 ケース付き つめきり 巻き爪 飛び散らない プラス 微粒やすり 飛び散り防止 滑り止め爪切り 手足用 高品質爪切り RP1 PKT3-2F","https://review.rakuten.co.jp/item/1/354660_10001158/epqr-iaj7u-a7bkxg_2_732136415/","4","2022/05/12 19:55:14","","早速使ってみましたが良い切れ味です。缶ケース入りなのもいい感じ。
飛び散り防止とは言っても多少の飛び出しありだが総合的に買ってよかったと思う。
ただ1点気になったのが同封されてた「是非お読みください」のPS欄。慈善PRしてるようでなんとなく違和感アリでした。","0","354660-20220509-0074063674",""
"商品レビュー","【 楽天1位受賞★レビュー特典付き 】＼クーポンで最大20％OFF！／爪切り 高級 ケース付き つめきり 巻き爪 飛び散らない プラス 微粒やすり 飛び散り防止 滑り止め爪切り 手足用 高品質爪切り RP1 PKT3-2F","https://review.rakuten.co.jp/item/1/354660_10001158/epqr-iaj7v-ii489s_1_736735352/","5","2022/05/12 18:03:49","","この値段で、高級感のある色味、爪切りとヤスリ付き、ケース付きはありがたいです。
切れ味も問題なかったです&#129392;","0","354660-20220510-0747364418",""
"商品レビュー","【 楽天1位受賞★レビュー特典付き 】＼クーポンで最大20％OFF！／爪切り 高級 ケース付き つめきり 巻き爪 飛び散らない プラス 微粒やすり 飛び散り防止 滑り止め爪切り 手足用 高品質爪切り RP1 PKT3-2F","https://review.rakuten.co.jp/item/1/354660_10001158/epqr-iaj7v-iurwx8_1_734498447/","4","2022/05/12 15:58:59","","色々見て決めたので結果これで良かったと思う","0","354660-20220510-0775464070",""
"商品レビュー","【 楽天1位受賞★レビュー特典付き 】＼クーポンで最大20％OFF！／爪切り 高級 ケース付き つめきり 巻き爪 飛び散らない プラス 微粒やすり 飛び散り防止 滑り止め爪切り 手足用 高品質爪切り RP1 PKT3-2F","https://review.rakuten.co.jp/item/1/354660_10001158/epqr-iaj7s-eogwev_1_727526519/","4","2022/05/12 13:26:43","","使い方がすぐに分からなかったです。簡単な説明書きがあるとよかったです。
ケースを含めお値段と比べて高級感がありよかったです。","0","354660-20220506-0457362570",""
"商品レビュー","【 楽天1位受賞★レビュー特典付き 】＼クーポンで最大20％OFF！／爪切り 高級 ケース付き つめきり 巻き爪 飛び散らない プラス 微粒やすり 飛び散り防止 滑り止め爪切り 手足用 高品質爪切り RP1 PKT3-2F","https://review.rakuten.co.jp/item/1/354660_10001158/epqr-iaj7u-1v6b14_1_731415703/","5","2022/05/12 13:05:00","切れ味とても良いです","今まで使っていた爪切りが切った爪が飛ぶので購入しました。
試しに切ってみるとすごく切れ味が良いです。
細かい爪は下に少し落ちますが、パチンといってどこかに飛ぶことはなくなりました！
切れ味が良い分あまり力を入れて切らなくても良くなったので大変満足してます。
今回Ｌを購入したので子供用にSも欲しくなりました♪","0","354660-20220509-0293563618",""
"商品レビュー","【 楽天1位受賞★レビュー特典付き 】＼クーポンで最大20％OFF！／爪切り 高級 ケース付き つめきり 巻き爪 飛び散らない プラス 微粒やすり 飛び散り防止 滑り止め爪切り 手足用 高品質爪切り RP1 PKT3-2F","https://review.rakuten.co.jp/item/1/354660_10001158/epqr-iaj7v-f0tdxq_1_735524480/","4","2022/05/12 12:45:55","","切った爪が飛ぶのがいやで探していました。Lがお進めと書いてあったので寸法をたしかめずに買ってしまいました。少し大きいのでまた使い勝手が悪いようだったらSを購入しようと思います。。切れ味に問題はありません。","0","354660-20220510-0545464247",""
"商品レビュー","【 楽天1位受賞★レビュー特典付き 】＼クーポンで最大20％OFF！／爪切り 高級 ケース付き つめきり 巻き爪 飛び散らない プラス 微粒やすり 飛び散り防止 滑り止め爪切り 手足用 高品質爪切り RP1 PKT3-2F","https://review.rakuten.co.jp/item/1/354660_10001158/epqr-iaj7t-jvsszc_1_728311291/","5","2022/05/12 9:05:57","良かった。","姉が使っていて、爪がピカピカになり良かったので自分用に購入致しました。
仕事柄、マニキュア等出来ないので爪が綺麗になり満足です。","0","354660-20220507-0898162961",""
"商品レビュー","【 楽天1位受賞★レビュー特典付き 】＼クーポンで最大20％OFF！／爪切り 高級 ケース付き つめきり 巻き爪 飛び散らない プラス 微粒やすり 飛び散り防止 滑り止め爪切り 手足用 高品質爪切り RP1 PKT3-2F","https://review.rakuten.co.jp/item/1/354660_10001158/epqr-iaj76-e6l5ql_1_729158112/","3","2022/05/11 22:58:03","ケースとヤスリで許容範囲内","収納ケースとガラスのヤスリは良かったです！爪切りは値段のわりにはそこまで、、、というのが正直な感想です。
あと切った爪が思った以上に切るところから飛び散ります。","0","354660-20220508-0471063148",""
"商品レビュー","【 楽天1位受賞★レビュー特典付き 】＼クーポンで最大20％OFF！／爪切り 高級 ケース付き つめきり 巻き爪 飛び散らない プラス 微粒やすり 飛び散り防止 滑り止め爪切り 手足用 高品質爪切り RP1 PKT3-2F","https://review.rakuten.co.jp/item/1/354660_10001158/epqr-iaj7u-kutavh_1_732043891/","4","2022/05/11 22:32:07","使い心地いいです","早速の送付ありがとうございます。使い勝手の良い爪切りで満足です","0","354660-20220509-0956963603",""
"商品レビュー","【 楽天1位受賞★レビュー特典付き 】＼クーポンで最大20％OFF！／爪切り 高級 ケース付き つめきり 巻き爪 飛び散らない プラス 微粒やすり 飛び散り防止 滑り止め爪切り 手足用 高品質爪切り RP1 PKT3-2F","https://review.rakuten.co.jp/item/1/354660_10001158/epqr-iaj7p-chac12_1_718745531/","4","2022/05/11 12:13:10","良く切れる。","本日商品が届きました。思っていた以上に良く切れますね!大変満足しています有り難うございました。又、機会が有りましたら宜しくお願い致します!!","0","354660-20220501-0320859949",""
"商品レビュー","【 楽天1位受賞★レビュー特典付き 】＼クーポンで最大20％OFF！／爪切り 高級 ケース付き つめきり 巻き爪 飛び散らない プラス 微粒やすり 飛び散り防止 滑り止め爪切り 手足用 高品質爪切り RP1 PKT3-2F","https://review.rakuten.co.jp/item/1/354660_10001158/epqr-iaj7t-gt5fcm_1_728844574/","4","2022/05/10 21:48:31","","早速現品が到着しました。
頑丈な鉄製ケースに入ってました。
化粧ケースに入った爪切りは初めてみましたとても高級そうで
使うのはもったいない気がします。
まだ使用しておりませんので一応４つ星にさせていただきました。","0","354660-20220507-0650863061",""
"商品レビュー","【 楽天1位受賞★レビュー特典付き 】＼クーポンで最大20％OFF！／爪切り 高級 ケース付き つめきり 巻き爪 飛び散らない プラス 微粒やすり 飛び散り防止 滑り止め爪切り 手足用 高品質爪切り RP1 PKT3-2F","https://review.rakuten.co.jp/item/1/354660_10001158/epqr-iajdm-liodvh_1_705911294/","3","2022/05/09 12:52:33","良いです","切れ味は良い。
希望的にはあと少し大きめのが欲しかったかな？
爪やすりはまことに良くきれいになります。満足です。。。","0","354660-20220425-0988556195",""
"商品レビュー","【 楽天1位受賞★レビュー特典付き 】＼クーポンで最大20％OFF！／爪切り 高級 ケース付き つめきり 巻き爪 飛び散らない プラス 微粒やすり 飛び散り防止 滑り止め爪切り 手足用 高品質爪切り RP1 PKT3-2F","https://review.rakuten.co.jp/item/1/354660_10001158/epqr-iaj73-is47qb_1_724672635/","5","2022/05/08 19:25:05","","使っていた爪切りが切りにくかったので切りやすい爪切りを探していました。試しに買ってみたら力をいれなくても切りやすくて買って良かったです。","0","354660-20220505-0770861631",""
"商品レビュー","【 楽天1位受賞★レビュー特典付き 】＼クーポンで最大20％OFF！／爪切り 高級 ケース付き つめきり 巻き爪 飛び散らない プラス 微粒やすり 飛び散り防止 滑り止め爪切り 手足用 高品質爪切り RP1 PKT3-2F","https://review.rakuten.co.jp/item/1/354660_10001158/epqr-iajd8-a2b2my_2_716218348/","5","2022/05/05 13:13:22","","大変良く切れます。爪切りにしては高いと思いましたが、満足です。","1","354660-20220430-0082458645",""
"商品レビュー","【 楽天1位受賞★レビュー特典付き 】＼クーポンで最大20％OFF！／爪切り 高級 ケース付き つめきり 巻き爪 飛び散らない プラス 微粒やすり 飛び散り防止 滑り止め爪切り 手足用 高品質爪切り RP1 PKT3-2F","https://review.rakuten.co.jp/item/1/354660_10001158/epqr-iajd8-fi60th_1_715861863/","5","2022/05/04 18:00:44","初めての購入","久しぶりに、切れ味を期待して購入を・・ 使いやすく切れ味も気にいりました。 スムーズな手配にも感謝です。 友達に必要な人がいたらプレゼントにしようと思っています。","1","354660-20220430-0565658327",""
"商品レビュー","【 楽天1位受賞★レビュー特典付き 】＼クーポンで最大20％OFF！／爪切り 高級 ケース付き つめきり 巻き爪 飛び散らない プラス 微粒やすり 飛び散り防止 滑り止め爪切り 手足用 高品質爪切り RP1 PKT3-2F","https://review.rakuten.co.jp/item/1/354660_10001158/epqr-iajdc-dvbnhx_1_671115522/","3","2022/04/30 17:00:26","","普通に使えて購入をして良かったです。友達にも教えてあげたいと思います。","1","354660-20220413-0413350556",""
"商品レビュー","【 楽天1位受賞★レビュー特典付き 】＼クーポンで最大20％OFF！／爪切り 高級 ケース付き つめきり 巻き爪 飛び散らない プラス 微粒やすり 飛び散り防止 滑り止め爪切り 手足用 高品質爪切り RP1 PKT3-2F","https://review.rakuten.co.jp/item/1/354660_10001158/epqr-iajdm-a3dkg5_1_706945738/","4","2022/04/29 21:15:17","","ブラックのL購入しました。初見で洒落てる爪切りだと思い、安いということもあって衝動買いしました。切れ味も良く、何よりヤスリもスケルトンでカッコいいし、ケース付きなのも嬉しいですね。","1","354660-20220425-0102756330",""
"商品レビュー","【 楽天1位受賞★レビュー特典付き 】＼クーポンで最大20％OFF！／爪切り 高級 ケース付き つめきり 巻き爪 飛び散らない プラス 微粒やすり 飛び散り防止 滑り止め爪切り 手足用 高品質爪切り RP1 PKT3-2F","https://review.rakuten.co.jp/item/1/354660_10001158/epqr-iajc4-ah368w_2_649320597/","5","2022/04/29 20:30:34","","大変良かったです。また機会がありましたら宜しくお願いします。","1","354660-20220406-0080145463",""
"商品レビュー","【 楽天1位受賞★レビュー特典付き 】＼クーポンで最大20％OFF！／爪切り 高級 ケース付き つめきり 巻き爪 飛び散らない プラス 微粒やすり 飛び散り防止 滑り止め爪切り 手足用 高品質爪切り RP1 PKT3-2F","https://review.rakuten.co.jp/item/1/354660_10001158/epqr-iajdk-7pyh7b_1_698810100/","5","2022/04/29 10:45:40","","とても簡単に良く切れます。切った時の爪へのダメージも少なそうです。
買ってよかったです。","1","354660-20220423-0520555539",""
"商品レビュー","【 楽天1位受賞★レビュー特典付き 】＼クーポンで最大20％OFF！／爪切り 高級 ケース付き つめきり 巻き爪 飛び散らない プラス 微粒やすり 飛び散り防止 滑り止め爪切り 手足用 高品質爪切り RP1 PKT3-2F","https://review.rakuten.co.jp/item/1/354660_10001158/epqr-iajde-e7frf4_1_680600365/","4","2022/04/29 10:40:13","","少し重さを感じるが安定感がありパチンと切れます。購入して私は満足です。","1","354660-20220415-0437151526",""
"商品レビュー","【 楽天1位受賞★レビュー特典付き 】＼クーポンで最大20％OFF！／爪切り 高級 ケース付き つめきり 巻き爪 飛び散らない プラス 微粒やすり 飛び散り防止 滑り止め爪切り 手足用 高品質爪切り RP1 PKT3-2F","https://review.rakuten.co.jp/item/1/354660_10001158/epqr-iajd5-27837f_1_707836328/","4","2022/04/28 10:37:12","機能的","見た目オシャレなデザインと
機能的で使いやすくよかったでした。
切った爪が飛び散らないのがいいです。","1","354660-20220426-0800556345",""
"商品レビュー","【 楽天1位受賞★レビュー特典付き 】＼クーポンで最大20％OFF！／爪切り 高級 ケース付き つめきり 巻き爪 飛び散らない プラス 微粒やすり 飛び散り防止 滑り止め爪切り 手足用 高品質爪切り RP1 PKT3-2F","https://review.rakuten.co.jp/item/1/354660_10001158/epqr-iajd5-jqiu44_1_707942290/","4","2022/04/27 23:26:29","","最初開き方が分かりませんでしたが、コツを掴めば簡単に爪を切ることができました。
箱も高級感があっていい感じです","1","354660-20220426-0885756346",""
"商品レビュー","【 楽天1位受賞★レビュー特典付き 】＼クーポンで最大20％OFF！／爪切り 高級 ケース付き つめきり 巻き爪 飛び散らない プラス 微粒やすり 飛び散り防止 滑り止め爪切り 手足用 高品質爪切り RP1 PKT3-2F","https://review.rakuten.co.jp/item/1/354660_10001158/epqr-iajdj-boeueh_1_696781626/","4","2022/04/27 19:18:09","","ケースに入ってオシャレ。
切った後の爪も、すてやすい。","1","354660-20220422-0215355287",""
"商品レビュー","【 楽天1位受賞★レビュー特典付き 】＼クーポンで最大20％OFF！／爪切り 高級 ケース付き つめきり 巻き爪 飛び散らない プラス 微粒やすり 飛び散り防止 滑り止め爪切り 手足用 高品質爪切り RP1 PKT3-2F","https://review.rakuten.co.jp/item/1/354660_10001158/epqr-iajdl-ai9wmi_2_700494395/","5","2022/04/27 12:49:09","","使いごごちも良く、切れ味も良かったです。重さもちょうど良いと感じました。爪やすりもセットで良いです。","1","354660-20220424-0080755680",""
"商品レビュー","【 楽天1位受賞★レビュー特典付き 】＼クーポンで最大20％OFF！／爪切り 高級 ケース付き つめきり 巻き爪 飛び散らない プラス 微粒やすり 飛び散り防止 滑り止め爪切り 手足用 高品質爪切り RP1 PKT3-2F","https://review.rakuten.co.jp/item/1/354660_10001158/epqr-iajdl-ed7wzp_1_699939382/","5","2022/04/26 22:08:22","","グレーにして正解でした。
良くキレて快適です。ありがとうございました。","1","354660-20220424-0433755633",""
"商品レビュー","【 楽天1位受賞★レビュー特典付き 】＼クーポンで最大20％OFF！／爪切り 高級 ケース付き つめきり 巻き爪 飛び散らない プラス 微粒やすり 飛び散り防止 滑り止め爪切り 手足用 高品質爪切り RP1 PKT3-2F","https://review.rakuten.co.jp/item/1/354660_10001158/epqr-iajdd-90xn66_1_673100835/","5","2022/04/24 11:27:30","購入して良かった","爪切りが無く、爪が伸び放題でキッチンばさみで切っていたため、爪切りを購入しました。値段もお手頃でした。
使いやすく、爪やすりが付いている点も良かったです。爪の先が割れていて困っていたので助かりました。爪やすりは他で購入しようと思っていたのですが、買わなくて済みましたし、拭けば繰り返し使えます。
この度はありがとうございました。","1","354660-20220414-0122451004",""
"商品レビュー","【 楽天1位受賞★レビュー特典付き 】＼クーポンで最大20％OFF！／爪切り 高級 ケース付き つめきり 巻き爪 飛び散らない プラス 微粒やすり 飛び散り防止 滑り止め爪切り 手足用 高品質爪切り RP1 PKT3-2F","https://review.rakuten.co.jp/item/1/354660_10001158/epqr-iajd2-dnybw6_1_694893179/","5","2022/04/23 19:36:04","","作りもしっかりしていてある程度重さもありカッコ良く気に入ってます。","1","354660-20220421-0396254440",""
"商品レビュー","【 楽天1位受賞★レビュー特典付き 】＼クーポンで最大20％OFF！／爪切り 高級 ケース付き つめきり 巻き爪 飛び散らない プラス 微粒やすり 飛び散り防止 滑り止め爪切り 手足用 高品質爪切り RP1 PKT3-2F","https://review.rakuten.co.jp/item/1/354660_10001158/epqr-iajd2-gix4by_1_694514204/","5","2022/04/23 12:35:11","","切れ味抜群でした。切った爪も飛び散ることなく衛生的です。","1","354660-20220421-0626354349",""
"商品レビュー","【 楽天1位受賞★レビュー特典付き 】＼クーポンで最大20％OFF！／爪切り 高級 ケース付き つめきり 巻き爪 飛び散らない プラス 微粒やすり 飛び散り防止 滑り止め爪切り 手足用 高品質爪切り RP1 PKT3-2F","https://review.rakuten.co.jp/item/1/354660_10001158/epqr-iajdh-blywxt_1_691583819/","4","2022/04/22 23:05:27","","見た目は良い。爪をためるフタみたいなのがあるが、使ううちに塗料が剥がれる。目立つ箇所ではないが、構造上仕方ないのか。爪は良く切れる。ヤスリも良い。
まあ、満足感はある","1","354660-20220419-0209853387",""
"商品レビュー","【 楽天1位受賞★レビュー特典付き 】＼クーポンで最大20％OFF！／爪切り 高級 ケース付き つめきり 巻き爪 飛び散らない プラス 微粒やすり 飛び散り防止 滑り止め爪切り 手足用 高品質爪切り RP1 PKT3-2F","https://review.rakuten.co.jp/item/1/354660_10001158/epqr-iajdh-g7ldho_1_691782618/","4","2022/04/21 23:14:57","とてもいいです","購入して直ぐに届きました。
とても切りやすく、切った爪も捨てやすく使いやすいです。高級感もあり気に入りました。ありがとうございました。","1","354660-20220419-0618853376",""
"商品レビュー","【 楽天1位受賞★レビュー特典付き 】＼クーポンで最大20％OFF！／爪切り 高級 ケース付き つめきり 巻き爪 飛び散らない プラス 微粒やすり 飛び散り防止 滑り止め爪切り 手足用 高品質爪切り RP1 PKT3-2F","https://review.rakuten.co.jp/item/1/354660_10001158/epqr-iajdf-gfowni_1_687476246/","5","2022/04/20 23:09:01","いい感じ","缶ケースに爪切りとガラスのヤスリが入っています。爪切りは高級な感じです。グレーを選択しました。正解でした。","1","354660-20220417-0620752296",""
"商品レビュー","【 楽天1位受賞★レビュー特典付き 】＼クーポンで最大20％OFF！／爪切り 高級 ケース付き つめきり 巻き爪 飛び散らない プラス 微粒やすり 飛び散り防止 滑り止め爪切り 手足用 高品質爪切り RP1 PKT3-2F","https://review.rakuten.co.jp/item/1/354660_10001158/epqr-iajde-ciljk8_1_679695971/","5","2022/04/20 20:13:38","使いやすい爪切り","商品到着も早く、とてもオシャレで切りやすい爪切りです。
ケースに入っているのも嬉しいです。爪やすりも使って爪がピカピカになりました。これから爪切りが楽しみの一つになりました。又機会がありましたら利用します。ありがとうございました。","1","354660-20220415-0323251474",""
"商品レビュー","【 楽天1位受賞★レビュー特典付き 】＼クーポンで最大20％OFF！／爪切り 高級 ケース付き つめきり 巻き爪 飛び散らない プラス 微粒やすり 飛び散り防止 滑り止め爪切り 手足用 高品質爪切り RP1 PKT3-2F","https://review.rakuten.co.jp/item/1/354660_10001158/epqr-iajde-lhd68c_1_683032783/","5","2022/04/19 23:41:39","","切れ味良く、キレイに切れます。
永くこの状態が続くと期待しています","1","354660-20220415-0986251613",""
"商品レビュー","【 楽天1位受賞★レビュー特典付き 】＼クーポンで最大20％OFF！／爪切り 高級 ケース付き つめきり 巻き爪 飛び散らない プラス 微粒やすり 飛び散り防止 滑り止め爪切り 手足用 高品質爪切り RP1 PKT3-2F","https://review.rakuten.co.jp/item/1/354660_10001158/epqr-iajdf-ch6vhh_1_687332874/","5","2022/04/19 23:06:49","買って損はなし","構造がスマートで見栄えが良い。切った時の感覚も刃に重量感があって爪に負担がかからず気持ちよく切れる。","1","354660-20220417-0322152311",""
"商品レビュー","【 楽天1位受賞★レビュー特典付き 】＼クーポンで最大20％OFF！／爪切り 高級 ケース付き つめきり 巻き爪 飛び散らない プラス 微粒やすり 飛び散り防止 滑り止め爪切り 手足用 高品質爪切り RP1 PKT3-2F","https://review.rakuten.co.jp/item/1/354660_10001158/epqr-iajdf-1b8m7b_1_687235587/","5","2022/04/19 21:54:17","","高級感が漂ってます。切れ味も凄くよくて気持ちよく爪切りが出来ます!","1","354660-20220417-0247952307",""
"商品レビュー","【 楽天1位受賞★レビュー特典付き 】＼クーポンで最大20％OFF！／爪切り 高級 ケース付き つめきり 巻き爪 飛び散らない プラス 微粒やすり 飛び散り防止 滑り止め爪切り 手足用 高品質爪切り RP1 PKT3-2F","https://review.rakuten.co.jp/item/1/354660_10001158/epqr-iajd1-1w02l0_1_668053401/","5","2022/04/14 11:56:07","","立派なケース付きで、お手軽な値段で切れ味も良く、何より切った爪が飛び散らないようになっているところが気に入っています！","1","354660-20220412-0293950224",""
"商品レビュー","【 楽天1位受賞★レビュー特典付き 】＼クーポンで最大20％OFF！／爪切り 高級 ケース付き つめきり 巻き爪 飛び散らない プラス 微粒やすり 飛び散り防止 滑り止め爪切り 手足用 高品質爪切り RP1 PKT3-2F","https://review.rakuten.co.jp/item/1/354660_10001158/epqr-iajcx-hn9e3n_1_645027649/","5","2022/04/08 13:27:41","","爪切りもこだわるとピンきり。そんななかでこの爪切りを購入。切った爪の捨てやすさに感激。爪切りも楽しくなりました。","1","354660-20220404-0697143943",""
"商品レビュー","【 楽天1位受賞★レビュー特典付き 】＼クーポンで最大20％OFF！／爪切り 高級 ケース付き つめきり 巻き爪 飛び散らない プラス 微粒やすり 飛び散り防止 滑り止め爪切り 手足用 高品質爪切り RP1 PKT3-2F","https://review.rakuten.co.jp/item/1/354660_10001158/epqr-iajcy-jarj5r_1_647209603/","5","2022/04/07 14:18:12","","とても使いやすくかっこいい。これからも愛用していこうと思う","1","354660-20220405-0849344640",""
"商品レビュー","【 楽天1位受賞★レビュー特典付き 】＼クーポンで最大20％OFF！／爪切り 高級 ケース付き つめきり 巻き爪 飛び散らない プラス 微粒やすり 飛び散り防止 滑り止め爪切り 手足用 高品質爪切り RP1 PKT3-2F","https://review.rakuten.co.jp/item/1/354660_10001158/epqr-iajcy-iaoueg_1_647496022/","4","2022/04/07 12:03:57","","安いのに切れるし高級感がある！おすすめです！","1","354660-20220405-0728244694",""
"商品レビュー","【 楽天1位受賞★レビュー特典付き 】＼クーポンで最大20％OFF！／爪切り 高級 ケース付き つめきり 巻き爪 飛び散らない プラス 微粒やすり 飛び散り防止 滑り止め爪切り 手足用 高品質爪切り RP1 PKT3-2F","https://review.rakuten.co.jp/item/1/354660_10001158/epqr-iajbw-fmr8q_2_638732533/","4","2022/04/02 16:48:40","","スマートで使いやすくて、高級感もあり良いのではないかと思います！
ちょっと色の選択で別色にしても良かったかな","1","354660-20220331-0015941615",""
"商品レビュー","【 楽天1位受賞★レビュー特典付き 】＼クーポンで最大20％OFF！／爪切り 高級 ケース付き つめきり 巻き爪 飛び散らない プラス 微粒やすり 飛び散り防止 滑り止め爪切り 手足用 高品質爪切り RP1 PKT3-2F","https://review.rakuten.co.jp/item/1/354660_10001158/epqr-iajb6-jjxb55_1_632199192/","4","2022/04/01 19:42:36","","この値段(爪切りだと思うと安くはないが)でこの高級感あるならいいと思う。","1","354660-20220328-0871538634",""
"商品レビュー","【 楽天1位受賞★レビュー特典付き 】＼クーポンで最大20％OFF！／爪切り 高級 ケース付き つめきり 巻き爪 飛び散らない プラス 微粒やすり 飛び散り防止 滑り止め爪切り 手足用 高品質爪切り RP1 PKT3-2F","https://review.rakuten.co.jp/item/1/354660_10001158/epqr-iajbt-jlh5no_1_627702617/","5","2022/03/30 20:05:30","","早速届いて使ってみました！
切れ味といい使いやすいです。","1","354660-20220327-0873937568",""
"商品レビュー","【 楽天1位受賞★レビュー特典付き 】＼クーポンで最大20％OFF！／爪切り 高級 ケース付き つめきり 巻き爪 飛び散らない プラス 微粒やすり 飛び散り防止 滑り止め爪切り 手足用 高品質爪切り RP1 PKT3-2F","https://review.rakuten.co.jp/item/1/354660_10001158/epqr-iajbt-daopk0_1_627412817/","5","2022/03/30 12:20:03","","手に取ると重厚感が伝わり、丈夫さを感じます。
肝心の切れ味については、力を込めなくても簡単に爪を切ることができました。
切ったあとに爪横がささくれ立つ事も無く、
気持ちが良いです。
これで爪のケアも楽しくなりそう。
良い買い物ができました。大満足。","1","354660-20220327-0365437548",""
"商品レビュー","【 楽天1位受賞★レビュー特典付き 】＼クーポンで最大20％OFF！／爪切り 高級 ケース付き つめきり 巻き爪 飛び散らない プラス 微粒やすり 飛び散り防止 滑り止め爪切り 手足用 高品質爪切り RP1 PKT3-2F","https://review.rakuten.co.jp/item/1/354660_10001158/epqr-iajbq-i0ef5j_1_612886317/","4","2022/03/26 13:41:00","送料無料","爪切りを購入しました。よく切れて、ヤスリが付いて非常に安価でそのうえ、送料無料は助かりました。","1","354660-20220323-0725933030",""
"商品レビュー","【 楽天1位受賞★レビュー特典付き 】＼クーポンで最大20％OFF！／爪切り 高級 ケース付き つめきり 巻き爪 飛び散らない プラス 微粒やすり 飛び散り防止 滑り止め爪切り 手足用 高品質爪切り RP1 PKT3-2F","https://review.rakuten.co.jp/item/1/354660_10001158/epqr-iajbf-fg03yl_1_580864834/","4","2022/03/21 15:53:29","家庭に一つあっても良いですね","この商品の前に使っていたのが、500円以下の格安品。『爪切りなんてどれも一緒』と思っていましたが、やはり違いましたね。ちょっとお高めの値段ですが、それほど頻繁に買うものでは無いので、切れ味からすると妥当かと。","1","354660-20220309-0561025348",""
